<?xml version="1.0" encoding="utf-8"?>
<COLLADA xmlns="http://www.collada.org/2005/11/COLLADASchema" version="1.4.1" xmlns:xsi="http://www.w3.org/2001/XMLSchema-instance">
  <asset>
    <contributor>
      <author>Blender User</author>
      <authoring_tool>Blender 4.3.2 commit date:2024-12-16, commit time:21:10, hash:32f5fdce0a0a</authoring_tool>
    </contributor>
    <created>2026-01-20T21:59:39</created>
    <modified>2026-01-20T21:59:39</modified>
    <unit name="meter" meter="1"/>
    <up_axis>Z_UP</up_axis>
  </asset>
  <library_effects>
    <effect id="XID_Opaque1965339_09241000B3AEABEBAFBC9A9BF7B5FFCE_Post2015_Pos-effect">
      <profile_COMMON>
        <technique sid="common">
          <lambert>
            <emission>
              <color sid="emission">0 0 0 1</color>
            </emission>
            <diffuse>
              <color sid="diffuse">0.01771066 0.04360107 0.02099449 1</color>
            </diffuse>
            <index_of_refraction>
              <float sid="ior">1.329431</float>
            </index_of_refraction>
          </lambert>
        </technique>
      </profile_COMMON>
    </effect>
  </library_effects>
  <library_images/>
  <library_materials>
    <material id="XID_Opaque1965339_09241000B3AEABEBAFBC9A9BF7B5FFCE_Post2015_Pos-material" name="XID_Opaque1965339_09241000B3AEABEBAFBC9A9BF7B5FFCE_Post2015_Pos">
      <instance_effect url="#XID_Opaque1965339_09241000B3AEABEBAFBC9A9BF7B5FFCE_Post2015_Pos-effect"/>
    </material>
  </library_materials>
  <library_geometries>
    <geometry id="Körper1_001-mesh" name="Körper1.001">
      <mesh>
        <source id="Körper1_001-mesh-positions">
          <float_array id="Körper1_001-mesh-positions-array" count="5520">0.2 0 3.35 0.1891634 -0.06493985 3.35 0.1578281 -0.1228425 3.35 0.1093896 -0.1674333 3.35 0.04909706 -0.19388 3.35 -0.01651585 -0.1993169 3.35 -0.08033907 -0.1831547 3.35 -0.1354563 -0.1471447 3.35 -0.1758947 -0.09518945 3.35 -0.1972723 -0.03291887 3.35 -0.1972723 0.03291887 3.35 -0.1758947 0.09518945 3.35 -0.1354563 0.1471447 3.35 -0.08033907 0.1831547 3.35 -0.01651585 0.1993169 3.35 0.04909706 0.19388 3.35 0.1093896 0.1674333 3.35 0.1578281 0.1228425 3.35 0.1891634 0.06493985 3.35 0.2 0 3.39 0.1891634 0.06493985 3.39 0.1578281 0.1228425 3.39 0.1093896 0.1674333 3.39 0.04909706 0.19388 3.39 -0.01651585 0.1993169 3.39 -0.08033907 0.1831547 3.39 -0.1354563 0.1471447 3.39 -0.1758947 0.09518945 3.39 -0.1972723 0.03291887 3.39 -0.1972723 -0.03291887 3.39 -0.1758947 -0.09518945 3.39 -0.1354563 -0.1471447 3.39 -0.08033907 -0.1831547 3.39 -0.01651585 -0.1993169 3.39 0.04909706 -0.19388 3.39 0.1093896 -0.1674333 3.39 0.1578281 -0.1228425 3.39 0.1891634 -0.06493985 3.39 0.2 0 3.35 0.2 0 3.39 -0.2598076 -0.15 3.39 -0.2897778 -0.07764571 3.39 -0.3 0 3.39 -0.2897778 0.07764571 3.39 -0.2598076 0.15 3.39 -0.212132 0.212132 3.39 -0.15 0.2598076 3.39 -0.07764571 0.2897778 3.39 0 0.3 3.39 0.07764571 0.2897778 3.39 0.15 0.2598076 3.39 0.212132 0.212132 3.39 0.2598076 0.15 3.39 0.2897778 0.07764571 3.39 0.3 0 3.39 0.2897778 -0.07764571 3.39 0.2598076 -0.15 3.39 0.2598076 -0.15 3.35 0.2897778 -0.07764571 3.35 0.3 0 3.35 0.2897778 0.07764571 3.35 0.2598076 0.15 3.35 0.212132 0.212132 3.35 0.15 0.2598076 3.35 0.07764571 0.2897778 3.35 0 0.3 3.35 -0.07764571 0.2897778 3.35 -0.15 0.2598076 3.35 -0.212132 0.212132 3.35 -0.2598076 0.15 3.35 -0.2897778 0.07764571 3.35 -0.3 0 3.35 -0.2897778 -0.07764571 3.35 -0.2598076 -0.15 3.35 0 -0.6 3.39 -0.2598076 -0.15 3.39 -0.2598076 -0.15 3.35 0 -0.6 3.35 0.2598076 -0.15 3.39 0 -0.6 3.39 0 -0.6 3.35 0.2598076 -0.15 3.35 0.2 0 3.39 0.1891634 -0.06493985 3.39 0.1578281 -0.1228425 3.39 0.1093896 -0.1674333 3.39 0.04909706 -0.19388 3.39 -0.01651585 -0.1993169 3.39 -0.08033907 -0.1831547 3.39 -0.1354563 -0.1471447 3.39 -0.1758947 -0.09518945 3.39 -0.1972723 -0.03291887 3.39 -0.1972723 0.03291887 3.39 -0.1758947 0.09518945 3.39 -0.1354563 0.1471447 3.39 -0.08033907 0.1831547 3.39 -0.01651585 0.1993169 3.39 0.04909706 0.19388 3.39 0.1093896 0.1674333 3.39 0.1578281 0.1228425 3.39 0.1891634 0.06493985 3.39 0 -0.6 3.39 0.2598076 -0.15 3.39 0.2897778 -0.07764571 3.39 0.3 0 3.39 0.2897778 0.07764571 3.39 0.2598076 0.15 3.39 0.212132 0.212132 3.39 0.15 0.2598076 3.39 0.07764571 0.2897778 3.39 0 0.3 3.39 -0.07764571 0.2897778 3.39 -0.15 0.2598076 3.39 -0.212132 0.212132 3.39 -0.2598076 0.15 3.39 -0.2897778 0.07764571 3.39 -0.3 0 3.39 -0.2897778 -0.07764571 3.39 -0.2598076 -0.15 3.39 -1.050477 0.8424107 3.35 -1.053789 0.847763 3.35 -1.058599 0.8518213 3.35 -1.064433 0.8541836 3.35 -1.070712 0.8546161 3.35 -1.076814 0.8530757 3.35 -1.082136 0.8497152 3.35 -1.08615 0.8448673 3.35 -1.088458 0.8390121 3.35 -1.105501 0.720147 3.35 -1.104561 0.6000698 3.35 -1.085659 0.4814861 3.35 -1.04922 0.3670675 3.35 -0.996066 0.2593919 3.35 -0.927394 0.1608853 3.35 -0.8447513 0.07376706 3.35 -0.75 0 3.35 -0.747146 -0.0653668 3.35 -0.7386058 -0.1302361 3.35 -0.7244444 -0.1941143 3.35 -0.8476721 -0.2157777 3.35 -0.9726405 -0.2218838 3.35 -1.097393 -0.212337 3.35 -1.219977 -0.1872868 3.35 -1.338474 -0.1471253 3.35 -1.3446 -0.145682 3.35 -1.350871 -0.1462141 3.35 -1.356667 -0.1486687 3.35 -1.361412 -0.1528028 3.35 -1.364638 -0.158207 3.35 -1.366025 -0.1643462 3.35 -1.365435 -0.1706123 3.35 -1.362927 -0.1763849 3.35 -1.290928 -0.2724867 3.35 -1.205356 -0.3567293 3.35 -1.108139 -0.4272147 3.35 -1.001467 -0.4823548 3.35 -0.8877428 -0.5209072 3.35 -0.7695297 -0.5420035 3.35 -0.6494906 -0.5451682 3.35 -0.5303301 -0.5303301 3.35 -0.4820907 -0.5745334 3.35 -0.4301823 -0.614364 3.35 -0.375 -0.649519 3.35 -0.4468168 -0.7519726 3.35 -0.5308651 -0.8446563 3.35 -0.6258292 -0.9261192 3.35 -0.7302225 -0.9950861 3.35 -0.8424107 -1.050477 3.35 -0.847763 -1.053789 3.35 -0.8518213 -1.058599 3.35 -0.8541836 -1.064433 3.35 -0.8546161 -1.070712 3.35 -0.8530757 -1.076814 3.35 -0.8497152 -1.082136 3.35 -0.8448673 -1.08615 3.35 -0.8390121 -1.088458 3.35 -0.720147 -1.105501 3.35 -0.6000698 -1.104561 3.35 -0.4814861 -1.085659 3.35 -0.3670675 -1.04922 3.35 -0.2593919 -0.996066 3.35 -0.1608853 -0.927394 3.35 -0.07376706 -0.8447513 3.35 0 -0.75 3.35 0.0653668 -0.747146 3.35 0.1302361 -0.7386058 3.35 0.1941143 -0.7244444 3.35 0.2157777 -0.8476721 3.35 0.2218838 -0.9726405 3.35 0.212337 -1.097393 3.35 0.1872868 -1.219977 3.35 0.1471253 -1.338474 3.35 0.145682 -1.3446 3.35 0.1462141 -1.350871 3.35 0.1486687 -1.356667 3.35 0.1528028 -1.361412 3.35 0.158207 -1.364638 3.35 0.1643462 -1.366025 3.35 0.1706123 -1.365435 3.35 0.1763849 -1.362927 3.35 0.2724867 -1.290928 3.35 0.3567293 -1.205356 3.35 0.4272147 -1.108139 3.35 0.4823548 -1.001467 3.35 0.5209072 -0.8877428 3.35 0.5420035 -0.7695297 3.35 0.5451682 -0.6494906 3.35 0.5303301 -0.5303301 3.35 0.5745334 -0.4820907 3.35 0.614364 -0.4301823 3.35 0.649519 -0.375 3.35 0.7519726 -0.4468168 3.35 0.8446563 -0.5308651 3.35 0.9261192 -0.6258292 3.35 0.9950861 -0.7302225 3.35 1.050477 -0.8424107 3.35 1.053789 -0.847763 3.35 1.058599 -0.8518213 3.35 1.064433 -0.8541836 3.35 1.070712 -0.8546161 3.35 1.076814 -0.8530757 3.35 1.082136 -0.8497152 3.35 1.08615 -0.8448673 3.35 1.088458 -0.8390121 3.35 1.105501 -0.720147 3.35 1.104561 -0.6000698 3.35 1.085659 -0.4814861 3.35 1.04922 -0.3670675 3.35 0.996066 -0.2593919 3.35 0.927394 -0.1608853 3.35 0.8447513 -0.07376706 3.35 0.75 0 3.35 0.747146 0.0653668 3.35 0.7386058 0.1302361 3.35 0.7244444 0.1941143 3.35 0.8476721 0.2157777 3.35 0.9726405 0.2218838 3.35 1.097393 0.212337 3.35 1.219977 0.1872868 3.35 1.338474 0.1471253 3.35 1.3446 0.145682 3.35 1.350871 0.1462141 3.35 1.356667 0.1486687 3.35 1.361412 0.1528028 3.35 1.364638 0.158207 3.35 1.366025 0.1643462 3.35 1.365435 0.1706123 3.35 1.362927 0.1763849 3.35 1.290928 0.2724867 3.35 1.205356 0.3567293 3.35 1.108139 0.4272147 3.35 1.001467 0.4823548 3.35 0.8877428 0.5209072 3.35 0.7695297 0.5420035 3.35 0.6494906 0.5451682 3.35 0.5303301 0.5303301 3.35 0.4820907 0.5745334 3.35 0.4301823 0.614364 3.35 0.375 0.649519 3.35 0.4468168 0.7519726 3.35 0.5308651 0.8446563 3.35 0.6258292 0.9261192 3.35 0.7302225 0.9950861 3.35 0.8424107 1.050477 3.35 0.847763 1.053789 3.35 0.8518213 1.058599 3.35 0.8541836 1.064433 3.35 0.8546161 1.070712 3.35 0.8530757 1.076814 3.35 0.8497152 1.082136 3.35 0.8448673 1.08615 3.35 0.8390121 1.088458 3.35 0.720147 1.105501 3.35 0.6000698 1.104561 3.35 0.4814861 1.085659 3.35 0.3670675 1.04922 3.35 0.2593919 0.996066 3.35 0.1608853 0.927394 3.35 0.07376706 0.8447513 3.35 0 0.75 3.35 -0.0653668 0.747146 3.35 -0.1302361 0.7386058 3.35 -0.1941143 0.7244444 3.35 -0.2157777 0.8476721 3.35 -0.2218838 0.9726405 3.35 -0.212337 1.097393 3.35 -0.1872868 1.219977 3.35 -0.1471253 1.338474 3.35 -0.145682 1.3446 3.35 -0.1462141 1.350871 3.35 -0.1486687 1.356667 3.35 -0.1528028 1.361412 3.35 -0.158207 1.364638 3.35 -0.1643462 1.366025 3.35 -0.1706123 1.365435 3.35 -0.1763849 1.362927 3.35 -0.2724867 1.290928 3.35 -0.3567293 1.205356 3.35 -0.4272147 1.108139 3.35 -0.4823548 1.001467 3.35 -0.5209072 0.8877428 3.35 -0.5420035 0.7695297 3.35 -0.5451682 0.6494906 3.35 -0.5303301 0.5303301 3.35 -0.5745334 0.4820907 3.35 -0.614364 0.4301823 3.35 -0.649519 0.375 3.35 -0.7519726 0.4468168 3.35 -0.8446563 0.5308651 3.35 -0.9261192 0.6258292 3.35 -0.9950861 0.7302225 3.35 -0.2598076 -0.15 3.35 -0.2897778 -0.07764571 3.35 -0.3 0 3.35 -0.2897778 0.07764571 3.35 -0.2598076 0.15 3.35 -0.212132 0.212132 3.35 -0.15 0.2598076 3.35 -0.07764571 0.2897778 3.35 0 0.3 3.35 0.07764571 0.2897778 3.35 0.15 0.2598076 3.35 0.212132 0.212132 3.35 0.2598076 0.15 3.35 0.2897778 0.07764571 3.35 0.3 0 3.35 0.2897778 -0.07764571 3.35 0.2598076 -0.15 3.35 0 -0.6 3.35 -1.088458 0.8390121 3.39 -1.105501 0.720147 3.39 -1.104561 0.6000698 3.39 -1.085659 0.4814861 3.39 -1.04922 0.3670675 3.39 -0.996066 0.2593919 3.39 -0.927394 0.1608853 3.39 -0.8447513 0.07376706 3.39 -0.75 0 3.39 -0.75 0 3.35 -0.8447513 0.07376706 3.35 -0.927394 0.1608853 3.35 -0.996066 0.2593919 3.35 -1.04922 0.3670675 3.35 -1.085659 0.4814861 3.35 -1.104561 0.6000698 3.35 -1.105501 0.720147 3.35 -1.088458 0.8390121 3.35 -0.75 0 3.39 -0.747146 -0.0653668 3.39 -0.7386058 -0.1302361 3.39 -0.7244444 -0.1941143 3.39 -0.7244444 -0.1941143 3.35 -0.7386058 -0.1302361 3.35 -0.747146 -0.0653668 3.35 -0.75 0 3.35 -0.7244444 -0.1941143 3.39 -0.8476721 -0.2157777 3.39 -0.9726405 -0.2218838 3.39 -1.097393 -0.212337 3.39 -1.219977 -0.1872868 3.39 -1.338474 -0.1471253 3.39 -1.338474 -0.1471253 3.35 -1.219977 -0.1872868 3.35 -1.097393 -0.212337 3.35 -0.9726405 -0.2218838 3.35 -0.8476721 -0.2157777 3.35 -0.7244444 -0.1941143 3.35 -1.338474 -0.1471253 3.39 -1.3446 -0.145682 3.39 -1.350871 -0.1462141 3.39 -1.356667 -0.1486687 3.39 -1.361412 -0.1528028 3.39 -1.364638 -0.158207 3.39 -1.366025 -0.1643462 3.39 -1.365435 -0.1706123 3.39 -1.362927 -0.1763849 3.39 -1.362927 -0.1763849 3.35 -1.365435 -0.1706123 3.35 -1.366025 -0.1643462 3.35 -1.364638 -0.158207 3.35 -1.361412 -0.1528028 3.35 -1.356667 -0.1486687 3.35 -1.350871 -0.1462141 3.35 -1.3446 -0.145682 3.35 -1.338474 -0.1471253 3.35 -1.362927 -0.1763849 3.39 -1.290928 -0.2724867 3.39 -1.205356 -0.3567293 3.39 -1.108139 -0.4272147 3.39 -1.001467 -0.4823548 3.39 -0.8877428 -0.5209072 3.39 -0.7695297 -0.5420035 3.39 -0.6494906 -0.5451682 3.39 -0.5303301 -0.5303301 3.39 -0.5303301 -0.5303301 3.35 -0.6494906 -0.5451682 3.35 -0.7695297 -0.5420035 3.35 -0.8877428 -0.5209072 3.35 -1.001467 -0.4823548 3.35 -1.108139 -0.4272147 3.35 -1.205356 -0.3567293 3.35 -1.290928 -0.2724867 3.35 -1.362927 -0.1763849 3.35 -0.5303301 -0.5303301 3.39 -0.4820907 -0.5745334 3.39 -0.4301823 -0.614364 3.39 -0.375 -0.649519 3.39 -0.375 -0.649519 3.35 -0.4301823 -0.614364 3.35 -0.4820907 -0.5745334 3.35 -0.5303301 -0.5303301 3.35 -0.375 -0.649519 3.39 -0.4468168 -0.7519726 3.39 -0.5308651 -0.8446563 3.39 -0.6258292 -0.9261192 3.39 -0.7302225 -0.9950861 3.39 -0.8424107 -1.050477 3.39 -0.8424107 -1.050477 3.35 -0.7302225 -0.9950861 3.35 -0.6258292 -0.9261192 3.35 -0.5308651 -0.8446563 3.35 -0.4468168 -0.7519726 3.35 -0.375 -0.649519 3.35 -0.8424107 -1.050477 3.39 -0.847763 -1.053789 3.39 -0.8518213 -1.058599 3.39 -0.8541836 -1.064433 3.39 -0.8546161 -1.070712 3.39 -0.8530757 -1.076814 3.39 -0.8497152 -1.082136 3.39 -0.8448673 -1.08615 3.39 -0.8390121 -1.088458 3.39 -0.8390121 -1.088458 3.35 -0.8448673 -1.08615 3.35 -0.8497152 -1.082136 3.35 -0.8530757 -1.076814 3.35 -0.8546161 -1.070712 3.35 -0.8541836 -1.064433 3.35 -0.8518213 -1.058599 3.35 -0.847763 -1.053789 3.35 -0.8424107 -1.050477 3.35 -0.8390121 -1.088458 3.39 -0.720147 -1.105501 3.39 -0.6000698 -1.104561 3.39 -0.4814861 -1.085659 3.39 -0.3670675 -1.04922 3.39 -0.2593919 -0.996066 3.39 -0.1608853 -0.927394 3.39 -0.07376706 -0.8447513 3.39 0 -0.75 3.39 0 -0.75 3.35 -0.07376706 -0.8447513 3.35 -0.1608853 -0.927394 3.35 -0.2593919 -0.996066 3.35 -0.3670675 -1.04922 3.35 -0.4814861 -1.085659 3.35 -0.6000698 -1.104561 3.35 -0.720147 -1.105501 3.35 -0.8390121 -1.088458 3.35 0 -0.75 3.39 0.0653668 -0.747146 3.39 0.1302361 -0.7386058 3.39 0.1941143 -0.7244444 3.39 0.1941143 -0.7244444 3.35 0.1302361 -0.7386058 3.35 0.0653668 -0.747146 3.35 0 -0.75 3.35 0.1941143 -0.7244444 3.39 0.2157777 -0.8476721 3.39 0.2218838 -0.9726405 3.39 0.212337 -1.097393 3.39 0.1872868 -1.219977 3.39 0.1471253 -1.338474 3.39 0.1471253 -1.338474 3.35 0.1872868 -1.219977 3.35 0.212337 -1.097393 3.35 0.2218838 -0.9726405 3.35 0.2157777 -0.8476721 3.35 0.1941143 -0.7244444 3.35 0.1471253 -1.338474 3.39 0.145682 -1.3446 3.39 0.1462141 -1.350871 3.39 0.1486687 -1.356667 3.39 0.1528028 -1.361412 3.39 0.158207 -1.364638 3.39 0.1643462 -1.366025 3.39 0.1706123 -1.365435 3.39 0.1763849 -1.362927 3.39 0.1763849 -1.362927 3.35 0.1706123 -1.365435 3.35 0.1643462 -1.366025 3.35 0.158207 -1.364638 3.35 0.1528028 -1.361412 3.35 0.1486687 -1.356667 3.35 0.1462141 -1.350871 3.35 0.145682 -1.3446 3.35 0.1471253 -1.338474 3.35 0.1763849 -1.362927 3.39 0.2724867 -1.290928 3.39 0.3567293 -1.205356 3.39 0.4272147 -1.108139 3.39 0.4823548 -1.001467 3.39 0.5209072 -0.8877428 3.39 0.5420035 -0.7695297 3.39 0.5451682 -0.6494906 3.39 0.5303301 -0.5303301 3.39 0.5303301 -0.5303301 3.35 0.5451682 -0.6494906 3.35 0.5420035 -0.7695297 3.35 0.5209072 -0.8877428 3.35 0.4823548 -1.001467 3.35 0.4272147 -1.108139 3.35 0.3567293 -1.205356 3.35 0.2724867 -1.290928 3.35 0.1763849 -1.362927 3.35 0.5303301 -0.5303301 3.39 0.5745334 -0.4820907 3.39 0.614364 -0.4301823 3.39 0.649519 -0.375 3.39 0.649519 -0.375 3.35 0.614364 -0.4301823 3.35 0.5745334 -0.4820907 3.35 0.5303301 -0.5303301 3.35 0.649519 -0.375 3.39 0.7519726 -0.4468168 3.39 0.8446563 -0.5308651 3.39 0.9261192 -0.6258292 3.39 0.9950861 -0.7302225 3.39 1.050477 -0.8424107 3.39 1.050477 -0.8424107 3.35 0.9950861 -0.7302225 3.35 0.9261192 -0.6258292 3.35 0.8446563 -0.5308651 3.35 0.7519726 -0.4468168 3.35 0.649519 -0.375 3.35 1.050477 -0.8424107 3.39 1.053789 -0.847763 3.39 1.058599 -0.8518213 3.39 1.064433 -0.8541836 3.39 1.070712 -0.8546161 3.39 1.076814 -0.8530757 3.39 1.082136 -0.8497152 3.39 1.08615 -0.8448673 3.39 1.088458 -0.8390121 3.39 1.088458 -0.8390121 3.35 1.08615 -0.8448673 3.35 1.082136 -0.8497152 3.35 1.076814 -0.8530757 3.35 1.070712 -0.8546161 3.35 1.064433 -0.8541836 3.35 1.058599 -0.8518213 3.35 1.053789 -0.847763 3.35 1.050477 -0.8424107 3.35 1.088458 -0.8390121 3.39 1.105501 -0.720147 3.39 1.104561 -0.6000698 3.39 1.085659 -0.4814861 3.39 1.04922 -0.3670675 3.39 0.996066 -0.2593919 3.39 0.927394 -0.1608853 3.39 0.8447513 -0.07376706 3.39 0.75 0 3.39 0.75 0 3.35 0.8447513 -0.07376706 3.35 0.927394 -0.1608853 3.35 0.996066 -0.2593919 3.35 1.04922 -0.3670675 3.35 1.085659 -0.4814861 3.35 1.104561 -0.6000698 3.35 1.105501 -0.720147 3.35 1.088458 -0.8390121 3.35 0.75 0 3.39 0.747146 0.0653668 3.39 0.7386058 0.1302361 3.39 0.7244444 0.1941143 3.39 0.7244444 0.1941143 3.35 0.7386058 0.1302361 3.35 0.747146 0.0653668 3.35 0.75 0 3.35 0.7244444 0.1941143 3.39 0.8476721 0.2157777 3.39 0.9726405 0.2218838 3.39 1.097393 0.212337 3.39 1.219977 0.1872868 3.39 1.338474 0.1471253 3.39 1.338474 0.1471253 3.35 1.219977 0.1872868 3.35 1.097393 0.212337 3.35 0.9726405 0.2218838 3.35 0.8476721 0.2157777 3.35 0.7244444 0.1941143 3.35 1.338474 0.1471253 3.39 1.3446 0.145682 3.39 1.350871 0.1462141 3.39 1.356667 0.1486687 3.39 1.361412 0.1528028 3.39 1.364638 0.158207 3.39 1.366025 0.1643462 3.39 1.365435 0.1706123 3.39 1.362927 0.1763849 3.39 1.362927 0.1763849 3.35 1.365435 0.1706123 3.35 1.366025 0.1643462 3.35 1.364638 0.158207 3.35 1.361412 0.1528028 3.35 1.356667 0.1486687 3.35 1.350871 0.1462141 3.35 1.3446 0.145682 3.35 1.338474 0.1471253 3.35 1.362927 0.1763849 3.39 1.290928 0.2724867 3.39 1.205356 0.3567293 3.39 1.108139 0.4272147 3.39 1.001467 0.4823548 3.39 0.8877428 0.5209072 3.39 0.7695297 0.5420035 3.39 0.6494906 0.5451682 3.39 0.5303301 0.5303301 3.39 0.5303301 0.5303301 3.35 0.6494906 0.5451682 3.35 0.7695297 0.5420035 3.35 0.8877428 0.5209072 3.35 1.001467 0.4823548 3.35 1.108139 0.4272147 3.35 1.205356 0.3567293 3.35 1.290928 0.2724867 3.35 1.362927 0.1763849 3.35 0.5303301 0.5303301 3.39 0.4820907 0.5745334 3.39 0.4301823 0.614364 3.39 0.375 0.649519 3.39 0.375 0.649519 3.35 0.4301823 0.614364 3.35 0.4820907 0.5745334 3.35 0.5303301 0.5303301 3.35 0.375 0.649519 3.39 0.4468168 0.7519726 3.39 0.5308651 0.8446563 3.39 0.6258292 0.9261192 3.39 0.7302225 0.9950861 3.39 0.8424107 1.050477 3.39 0.8424107 1.050477 3.35 0.7302225 0.9950861 3.35 0.6258292 0.9261192 3.35 0.5308651 0.8446563 3.35 0.4468168 0.7519726 3.35 0.375 0.649519 3.35 0.8424107 1.050477 3.39 0.847763 1.053789 3.39 0.8518213 1.058599 3.39 0.8541836 1.064433 3.39 0.8546161 1.070712 3.39 0.8530757 1.076814 3.39 0.8497152 1.082136 3.39 0.8448673 1.08615 3.39 0.8390121 1.088458 3.39 0.8390121 1.088458 3.35 0.8448673 1.08615 3.35 0.8497152 1.082136 3.35 0.8530757 1.076814 3.35 0.8546161 1.070712 3.35 0.8541836 1.064433 3.35 0.8518213 1.058599 3.35 0.847763 1.053789 3.35 0.8424107 1.050477 3.35 0.8390121 1.088458 3.39 0.720147 1.105501 3.39 0.6000698 1.104561 3.39 0.4814861 1.085659 3.39 0.3670675 1.04922 3.39 0.2593919 0.996066 3.39 0.1608853 0.927394 3.39 0.07376706 0.8447513 3.39 0 0.75 3.39 0 0.75 3.35 0.07376706 0.8447513 3.35 0.1608853 0.927394 3.35 0.2593919 0.996066 3.35 0.3670675 1.04922 3.35 0.4814861 1.085659 3.35 0.6000698 1.104561 3.35 0.720147 1.105501 3.35 0.8390121 1.088458 3.35 0 0.75 3.39 -0.0653668 0.747146 3.39 -0.1302361 0.7386058 3.39 -0.1941143 0.7244444 3.39 -0.1941143 0.7244444 3.35 -0.1302361 0.7386058 3.35 -0.0653668 0.747146 3.35 0 0.75 3.35 -0.1941143 0.7244444 3.39 -0.2157777 0.8476721 3.39 -0.2218838 0.9726405 3.39 -0.212337 1.097393 3.39 -0.1872868 1.219977 3.39 -0.1471253 1.338474 3.39 -0.1471253 1.338474 3.35 -0.1872868 1.219977 3.35 -0.212337 1.097393 3.35 -0.2218838 0.9726405 3.35 -0.2157777 0.8476721 3.35 -0.1941143 0.7244444 3.35 -0.1471253 1.338474 3.39 -0.145682 1.3446 3.39 -0.1462141 1.350871 3.39 -0.1486687 1.356667 3.39 -0.1528028 1.361412 3.39 -0.158207 1.364638 3.39 -0.1643462 1.366025 3.39 -0.1706123 1.365435 3.39 -0.1763849 1.362927 3.39 -0.1763849 1.362927 3.35 -0.1706123 1.365435 3.35 -0.1643462 1.366025 3.35 -0.158207 1.364638 3.35 -0.1528028 1.361412 3.35 -0.1486687 1.356667 3.35 -0.1462141 1.350871 3.35 -0.145682 1.3446 3.35 -0.1471253 1.338474 3.35 -0.1763849 1.362927 3.39 -0.2724867 1.290928 3.39 -0.3567293 1.205356 3.39 -0.4272147 1.108139 3.39 -0.4823548 1.001467 3.39 -0.5209072 0.8877428 3.39 -0.5420035 0.7695297 3.39 -0.5451682 0.6494906 3.39 -0.5303301 0.5303301 3.39 -0.5303301 0.5303301 3.35 -0.5451682 0.6494906 3.35 -0.5420035 0.7695297 3.35 -0.5209072 0.8877428 3.35 -0.4823548 1.001467 3.35 -0.4272147 1.108139 3.35 -0.3567293 1.205356 3.35 -0.2724867 1.290928 3.35 -0.1763849 1.362927 3.35 -0.5303301 0.5303301 3.39 -0.5745334 0.4820907 3.39 -0.614364 0.4301823 3.39 -0.649519 0.375 3.39 -0.649519 0.375 3.35 -0.614364 0.4301823 3.35 -0.5745334 0.4820907 3.35 -0.5303301 0.5303301 3.35 -0.649519 0.375 3.39 -0.7519726 0.4468168 3.39 -0.8446563 0.5308651 3.39 -0.9261192 0.6258292 3.39 -0.9950861 0.7302225 3.39 -1.050477 0.8424107 3.39 -1.050477 0.8424107 3.35 -0.9950861 0.7302225 3.35 -0.9261192 0.6258292 3.35 -0.8446563 0.5308651 3.35 -0.7519726 0.4468168 3.35 -0.649519 0.375 3.35 -1.050477 0.8424107 3.39 -1.053789 0.847763 3.39 -1.058599 0.8518213 3.39 -1.064433 0.8541836 3.39 -1.070712 0.8546161 3.39 -1.076814 0.8530757 3.39 -1.082136 0.8497152 3.39 -1.08615 0.8448673 3.39 -1.088458 0.8390121 3.39 -1.088458 0.8390121 3.35 -1.08615 0.8448673 3.35 -1.082136 0.8497152 3.35 -1.076814 0.8530757 3.35 -1.070712 0.8546161 3.35 -1.064433 0.8541836 3.35 -1.058599 0.8518213 3.35 -1.053789 0.847763 3.35 -1.050477 0.8424107 3.35 0.2 0 3.35 0.1891634 0.06493985 3.35 0.1578281 0.1228425 3.35 0.1093896 0.1674333 3.35 0.04909706 0.19388 3.35 -0.01651585 0.1993169 3.35 -0.08033907 0.1831547 3.35 -0.1354563 0.1471447 3.35 -0.1758947 0.09518945 3.35 -0.1972723 0.03291887 3.35 -0.1972723 -0.03291887 3.35 -0.1758947 -0.09518945 3.35 -0.1354563 -0.1471447 3.35 -0.08033907 -0.1831547 3.35 -0.01651585 -0.1993169 3.35 0.04909706 -0.19388 3.35 0.1093896 -0.1674333 3.35 0.1578281 -0.1228425 3.35 0.1891634 -0.06493985 3.35 1.81 0 3.34 1.799015 0.1991149 3.34 1.766191 0.3958128 3.34 1.711929 0.587706 3.34 1.636886 0.7724654 3.34 1.541974 0.947848 3.34 1.428344 1.111725 3.34 1.297376 1.262107 3.34 1.15066 1.397169 3.34 0.9899762 1.515271 3.34 0.8172754 1.61498 3.34 0.634654 1.695085 3.34 0.4443287 1.754614 3.34 0.2486099 1.792845 3.34 0.04987335 1.809313 3.34 -0.1494686 1.803818 3.34 -0.3469963 1.776427 3.34 -0.5403118 1.727473 3.34 -0.7270687 1.65755 3.34 -0.905 1.567506 3.34 -1.071946 1.458435 3.34 -1.22588 1.33166 3.34 -1.364933 1.188721 3.34 -1.487418 1.031353 3.34 -1.591848 0.8614648 3.34 -1.676954 0.68112 3.34 -1.741705 0.4925073 3.34 -1.785314 0.2979162 3.34 -1.807252 0.09970885 3.34 -1.807252 -0.09970885 3.34 -1.785314 -0.2979162 3.34 -1.741705 -0.4925073 3.34 -1.676954 -0.68112 3.34 -1.591848 -0.8614648 3.34 -1.487418 -1.031353 3.34 -1.364933 -1.188721 3.34 -1.22588 -1.33166 3.34 -1.071946 -1.458435 3.34 -0.905 -1.567506 3.34 -0.7270687 -1.65755 3.34 -0.5403118 -1.727473 3.34 -0.3469963 -1.776427 3.34 -0.1494686 -1.803818 3.34 0.04987335 -1.809313 3.34 0.2486099 -1.792845 3.34 0.4443287 -1.754614 3.34 0.634654 -1.695085 3.34 0.8172754 -1.61498 3.34 0.9899762 -1.515271 3.34 1.15066 -1.397169 3.34 1.297376 -1.262107 3.34 1.428344 -1.111725 3.34 1.541974 -0.947848 3.34 1.636886 -0.7724654 3.34 1.711929 -0.587706 3.34 1.766191 -0.3958128 3.34 1.799015 -0.1991149 3.34 1.76 0 3.39 1.748933 -0.1970574 3.39 1.715873 -0.3916369 3.39 1.661235 -0.5812911 3.39 1.585705 -0.7636354 3.39 1.490235 -0.9363765 3.39 1.376023 -1.097342 3.39 1.244508 -1.244508 3.39 1.097342 -1.376023 3.39 0.9363765 -1.490235 3.39 0.7636354 -1.585705 3.39 0.5812911 -1.661235 3.39 0.3916369 -1.715873 3.39 0.1970574 -1.748933 3.39 0 -1.76 3.39 -0.1970574 -1.748933 3.39 -0.3916369 -1.715873 3.39 -0.5812911 -1.661235 3.39 -0.7636354 -1.585705 3.39 -0.9363765 -1.490235 3.39 -1.097342 -1.376023 3.39 -1.244508 -1.244508 3.39 -1.376023 -1.097342 3.39 -1.490235 -0.9363765 3.39 -1.585705 -0.7636354 3.39 -1.661235 -0.5812911 3.39 -1.715873 -0.3916369 3.39 -1.748933 -0.1970574 3.39 -1.76 0 3.39 -1.748933 0.1970574 3.39 -1.715873 0.3916369 3.39 -1.661235 0.5812911 3.39 -1.585705 0.7636354 3.39 -1.490235 0.9363765 3.39 -1.376023 1.097342 3.39 -1.244508 1.244508 3.39 -1.097342 1.376023 3.39 -0.9363765 1.490235 3.39 -0.7636354 1.585705 3.39 -0.5812911 1.661235 3.39 -0.3916369 1.715873 3.39 -0.1970574 1.748933 3.39 0 1.76 3.39 0.1970574 1.748933 3.39 0.3916369 1.715873 3.39 0.5812911 1.661235 3.39 0.7636354 1.585705 3.39 0.9363765 1.490235 3.39 1.097342 1.376023 3.39 1.244508 1.244508 3.39 1.376023 1.097342 3.39 1.490235 0.9363765 3.39 1.585705 0.7636354 3.39 1.661235 0.5812911 3.39 1.715873 0.3916369 3.39 1.748933 0.1970574 3.39 -1.76 0 3.39 -1.807553 0 3.355451 -1.800451 0 3.369389 -1.800451 0 3.369389 -1.789389 0 3.380451 -1.789389 0 3.380451 -1.775451 0 3.387553 -1.775451 0 3.387553 1.804808 0.09957402 3.355451 1.797717 0.09918278 3.369389 1.786672 0.09857344 3.380451 1.772755 0.09780561 3.387553 1.772755 -0.09780561 3.387553 1.786672 -0.09857344 3.380451 1.797717 -0.09918278 3.369389 1.804808 -0.09957402 3.355451 1.7829 0.2975134 3.355451 1.775895 0.2963445 3.369389 1.764984 0.2945238 3.380451 1.751236 0.2922296 3.387553 1.73935 0.4918414 3.355451 1.732516 0.4899089 3.369389 1.721872 0.486899 3.380451 1.708459 0.4831063 3.387553 1.674687 0.6801991 3.355451 1.668107 0.6775265 3.369389 1.657858 0.6733639 3.380451 1.644945 0.6681188 3.387553 1.589695 0.8603001 3.355451 1.583449 0.8569199 3.369389 1.573721 0.8516551 3.380451 1.561462 0.8450212 3.387553 1.485407 1.029958 3.355451 1.47957 1.025911 3.369389 1.47048 1.019608 3.380451 1.459026 1.011666 3.387553 1.363088 1.187114 3.355451 1.357732 1.18245 3.369389 1.34939 1.175185 3.380451 1.338879 1.166031 3.387553 1.224222 1.32986 3.355451 1.219412 1.324635 3.369389 1.21192 1.316496 3.380451 1.20248 1.306242 3.387553 1.070497 1.456463 3.355451 1.06629 1.45074 3.369389 1.059739 1.441827 3.380451 1.051485 1.430596 3.387553 0.9037764 1.565387 3.355451 0.9002254 1.559236 3.369389 0.8946946 1.549656 3.380451 0.8877254 1.537585 3.387553 0.7260857 1.655309 3.355451 0.7232329 1.648805 3.369389 0.7187895 1.638675 3.380451 0.7131905 1.62591 3.387553 0.5395813 1.725137 3.355451 0.5374612 1.718359 3.369389 0.5341592 1.707802 3.380451 0.5299984 1.694499 3.387553 0.3465271 1.774025 3.355451 0.3451656 1.767055 3.369389 0.3430449 1.756199 3.380451 0.3403728 1.742519 3.387553 0.1492665 1.801379 3.355451 0.14868 1.794301 3.369389 0.1477665 1.783278 3.380451 0.1466155 1.769387 3.387553 -0.04980587 1.806867 3.355451 -0.04961019 1.799767 3.369389 -0.04930543 1.78871 3.380451 -0.04892134 1.774777 3.387553 -0.2482738 1.790421 3.355451 -0.2472983 1.783386 3.369389 -0.2457789 1.77243 3.380451 -0.2438645 1.758623 3.387553 -0.443728 1.752242 3.355451 -0.4419845 1.745357 3.369389 -0.4392691 1.734634 3.380451 -0.4358474 1.721122 3.387553 -0.6337959 1.692793 3.355451 -0.6313057 1.686142 3.369389 -0.6274271 1.675783 3.380451 -0.6225398 1.66273 3.387553 -0.8161704 1.612797 3.355451 -0.8129636 1.60646 3.369389 -0.8079689 1.59659 3.380451 -0.8016753 1.584154 3.387553 -0.9886377 1.513223 3.355451 -0.9847533 1.507277 3.369389 -0.9787032 1.498017 3.380451 -0.9710796 1.486348 3.387553 -1.149104 1.39528 3.355451 -1.144589 1.389798 3.369389 -1.137557 1.381259 3.380451 -1.128696 1.3705 3.387553 -1.295622 1.260401 3.355451 -1.290532 1.255449 3.369389 -1.282603 1.247735 3.380451 -1.272612 1.238016 3.387553 -1.426413 1.110222 3.355451 -1.420809 1.10586 3.369389 -1.41208 1.099066 3.380451 -1.40108 1.090505 3.387553 -1.539889 0.9465665 3.355451 -1.533839 0.9428474 3.369389 -1.524415 0.9370547 3.380451 -1.512541 0.9297555 3.387553 -1.634673 0.771421 3.355451 -1.628251 0.76839 3.369389 -1.618247 0.7636692 3.380451 -1.605642 0.7577206 3.387553 -1.709615 0.5869114 3.355451 -1.702897 0.5846055 3.369389 -1.692435 0.5810137 3.380451 -1.679252 0.576488 3.387553 -1.763803 0.3952776 3.355451 -1.756873 0.3937246 3.369389 -1.74608 0.3913056 3.380451 -1.732478 0.3882575 3.387553 -1.796582 0.1988456 3.355451 -1.789523 0.1980644 3.369389 -1.778529 0.1968475 3.380451 -1.764675 0.1953142 3.387553 -1.796582 -0.1988456 3.355451 -1.789523 -0.1980644 3.369389 -1.778529 -0.1968475 3.380451 -1.764675 -0.1953142 3.387553 -1.807553 0 3.355451 -1.763803 -0.3952776 3.355451 -1.756873 -0.3937246 3.369389 -1.74608 -0.3913056 3.380451 -1.732478 -0.3882575 3.387553 -1.709615 -0.5869114 3.355451 -1.702897 -0.5846055 3.369389 -1.692435 -0.5810137 3.380451 -1.679252 -0.576488 3.387553 -1.634673 -0.771421 3.355451 -1.628251 -0.76839 3.369389 -1.618247 -0.7636692 3.380451 -1.605642 -0.7577206 3.387553 -1.539889 -0.9465665 3.355451 -1.533839 -0.9428474 3.369389 -1.524415 -0.9370547 3.380451 -1.512541 -0.9297555 3.387553 -1.426413 -1.110222 3.355451 -1.420809 -1.10586 3.369389 -1.41208 -1.099066 3.380451 -1.40108 -1.090505 3.387553 -1.295622 -1.260401 3.355451 -1.290532 -1.255449 3.369389 -1.282603 -1.247735 3.380451 -1.272612 -1.238016 3.387553 -1.149104 -1.39528 3.355451 -1.144589 -1.389798 3.369389 -1.137557 -1.381259 3.380451 -1.128696 -1.3705 3.387553 -0.9886377 -1.513223 3.355451 -0.9847533 -1.507277 3.369389 -0.9787032 -1.498017 3.380451 -0.9710796 -1.486348 3.387553 -0.8161704 -1.612797 3.355451 -0.8129636 -1.60646 3.369389 -0.8079689 -1.59659 3.380451 -0.8016753 -1.584154 3.387553 -0.6337959 -1.692793 3.355451 -0.6313057 -1.686142 3.369389 -0.6274271 -1.675783 3.380451 -0.6225398 -1.66273 3.387553 -0.443728 -1.752242 3.355451 -0.4419845 -1.745357 3.369389 -0.4392691 -1.734634 3.380451 -0.4358474 -1.721122 3.387553 -0.2482738 -1.790421 3.355451 -0.2472983 -1.783386 3.369389 -0.2457789 -1.77243 3.380451 -0.2438645 -1.758623 3.387553 -0.04980587 -1.806867 3.355451 -0.04961019 -1.799767 3.369389 -0.04930543 -1.78871 3.380451 -0.04892134 -1.774777 3.387553 0.1492665 -1.801379 3.355451 0.14868 -1.794301 3.369389 0.1477665 -1.783278 3.380451 0.1466155 -1.769387 3.387553 0.3465271 -1.774025 3.355451 0.3451656 -1.767055 3.369389 0.3430449 -1.756199 3.380451 0.3403728 -1.742519 3.387553 0.5395813 -1.725137 3.355451 0.5374612 -1.718359 3.369389 0.5341592 -1.707802 3.380451 0.5299984 -1.694499 3.387553 0.7260857 -1.655309 3.355451 0.7232329 -1.648805 3.369389 0.7187895 -1.638675 3.380451 0.7131905 -1.62591 3.387553 0.9037764 -1.565387 3.355451 0.9002254 -1.559236 3.369389 0.8946946 -1.549656 3.380451 0.8877254 -1.537585 3.387553 1.070497 -1.456463 3.355451 1.06629 -1.45074 3.369389 1.059739 -1.441827 3.380451 1.051485 -1.430596 3.387553 1.224222 -1.32986 3.355451 1.219412 -1.324635 3.369389 1.21192 -1.316496 3.380451 1.20248 -1.306242 3.387553 1.363088 -1.187114 3.355451 1.357732 -1.18245 3.369389 1.34939 -1.175185 3.380451 1.338879 -1.166031 3.387553 1.485407 -1.029958 3.355451 1.47957 -1.025911 3.369389 1.47048 -1.019608 3.380451 1.459026 -1.011666 3.387553 1.589695 -0.8603001 3.355451 1.583449 -0.8569199 3.369389 1.573721 -0.8516551 3.380451 1.561462 -0.8450212 3.387553 1.674687 -0.6801991 3.355451 1.668107 -0.6775265 3.369389 1.657858 -0.6733639 3.380451 1.644945 -0.6681188 3.387553 1.73935 -0.4918414 3.355451 1.732516 -0.4899089 3.369389 1.721872 -0.486899 3.380451 1.708459 -0.4831063 3.387553 1.7829 -0.2975134 3.355451 1.775895 -0.2963445 3.369389 1.764984 -0.2945238 3.380451 1.751236 -0.2922296 3.387553 -1.807252 0.09970885 3.34 1.81 0 2.115 1.799015 0.1991149 2.115 1.766191 0.3958128 2.115 1.711929 0.587706 2.115 1.636886 0.7724654 2.115 1.541974 0.947848 2.115 1.428344 1.111725 2.115 1.297376 1.262107 2.115 1.15066 1.397169 2.115 0.9899762 1.515271 2.115 0.8172754 1.61498 2.115 0.634654 1.695085 2.115 0.4443287 1.754614 2.115 0.2486099 1.792845 2.115 0.04987335 1.809313 2.115 -0.1494686 1.803818 2.115 -0.3469963 1.776427 2.115 -0.5403118 1.727473 2.115 -0.7270687 1.65755 2.115 -0.905 1.567506 2.115 -1.071946 1.458435 2.115 -1.22588 1.33166 2.115 -1.364933 1.188721 2.115 -1.487418 1.031353 2.115 -1.591848 0.8614648 2.115 -1.676954 0.68112 2.115 -1.741705 0.4925073 2.115 -1.785314 0.2979162 2.115 -1.807252 0.09970885 2.115 -1.807252 -0.09970885 2.115 -1.785314 -0.2979162 2.115 -1.741705 -0.4925073 2.115 -1.676954 -0.68112 2.115 -1.591848 -0.8614648 2.115 -1.487418 -1.031353 2.115 -1.364933 -1.188721 2.115 -1.22588 -1.33166 2.115 -1.071946 -1.458435 2.115 -0.905 -1.567506 2.115 -0.7270687 -1.65755 2.115 -0.5403118 -1.727473 2.115 -0.3469963 -1.776427 2.115 -0.1494686 -1.803818 2.115 0.04987335 -1.809313 2.115 0.2486099 -1.792845 2.115 0.4443287 -1.754614 2.115 0.634654 -1.695085 2.115 0.8172754 -1.61498 2.115 0.9899762 -1.515271 2.115 1.15066 -1.397169 2.115 1.297376 -1.262107 2.115 1.428344 -1.111725 2.115 1.541974 -0.947848 2.115 1.636886 -0.7724654 2.115 1.711929 -0.587706 2.115 1.766191 -0.3958128 2.115 1.799015 -0.1991149 2.115 1.81 0 3.34 1.799015 -0.1991149 3.34 1.766191 -0.3958128 3.34 1.711929 -0.587706 3.34 1.636886 -0.7724654 3.34 1.541974 -0.947848 3.34 1.428344 -1.111725 3.34 1.297376 -1.262107 3.34 1.15066 -1.397169 3.34 0.9899762 -1.515271 3.34 0.8172754 -1.61498 3.34 0.634654 -1.695085 3.34 0.4443287 -1.754614 3.34 0.2486099 -1.792845 3.34 0.04987335 -1.809313 3.34 -0.1494686 -1.803818 3.34 -0.3469963 -1.776427 3.34 -0.5403118 -1.727473 3.34 -0.7270687 -1.65755 3.34 -0.905 -1.567506 3.34 -1.071946 -1.458435 3.34 -1.22588 -1.33166 3.34 -1.364933 -1.188721 3.34 -1.487418 -1.031353 3.34 -1.591848 -0.8614648 3.34 -1.676954 -0.68112 3.34 -1.741705 -0.4925073 3.34 -1.785314 -0.2979162 3.34 -1.807252 -0.09970885 3.34 -1.807252 0.09970885 3.34 -1.785314 0.2979162 3.34 -1.741705 0.4925073 3.34 -1.676954 0.68112 3.34 -1.591848 0.8614648 3.34 -1.487418 1.031353 3.34 -1.364933 1.188721 3.34 -1.22588 1.33166 3.34 -1.071946 1.458435 3.34 -0.905 1.567506 3.34 -0.7270687 1.65755 3.34 -0.5403118 1.727473 3.34 -0.3469963 1.776427 3.34 -0.1494686 1.803818 3.34 0.04987335 1.809313 3.34 0.2486099 1.792845 3.34 0.4443287 1.754614 3.34 0.634654 1.695085 3.34 0.8172754 1.61498 3.34 0.9899762 1.515271 3.34 1.15066 1.397169 3.34 1.297376 1.262107 3.34 1.428344 1.111725 3.34 1.541974 0.947848 3.34 1.636886 0.7724654 3.34 1.711929 0.587706 3.34 1.766191 0.3958128 3.34 1.799015 0.1991149 3.34 1.81 0 2.115 1.81 0 3.34 -0.75 0 3.39 -0.8447513 0.07376706 3.39 -0.927394 0.1608853 3.39 -0.996066 0.2593919 3.39 -1.04922 0.3670675 3.39 -1.085659 0.4814861 3.39 -1.104561 0.6000698 3.39 -1.105501 0.720147 3.39 -1.088458 0.8390121 3.39 -1.08615 0.8448673 3.39 -1.082136 0.8497152 3.39 -1.076814 0.8530757 3.39 -1.070712 0.8546161 3.39 -1.064433 0.8541836 3.39 -1.058599 0.8518213 3.39 -1.053789 0.847763 3.39 -1.050477 0.8424107 3.39 -0.9950861 0.7302225 3.39 -0.9261192 0.6258292 3.39 -0.8446563 0.5308651 3.39 -0.7519726 0.4468168 3.39 -0.649519 0.375 3.39 -0.614364 0.4301823 3.39 -0.5745334 0.4820907 3.39 -0.5303301 0.5303301 3.39 -0.5451682 0.6494906 3.39 -0.5420035 0.7695297 3.39 -0.5209072 0.8877428 3.39 -0.4823548 1.001467 3.39 -0.4272147 1.108139 3.39 -0.3567293 1.205356 3.39 -0.2724867 1.290928 3.39 -0.1763849 1.362927 3.39 -0.1706123 1.365435 3.39 -0.1643462 1.366025 3.39 -0.158207 1.364638 3.39 -0.1528028 1.361412 3.39 -0.1486687 1.356667 3.39 -0.1462141 1.350871 3.39 -0.145682 1.3446 3.39 -0.1471253 1.338474 3.39 -0.1872868 1.219977 3.39 -0.212337 1.097393 3.39 -0.2218838 0.9726405 3.39 -0.2157777 0.8476721 3.39 -0.1941143 0.7244444 3.39 -0.1302361 0.7386058 3.39 -0.0653668 0.747146 3.39 0 0.75 3.39 0.07376706 0.8447513 3.39 0.1608853 0.927394 3.39 0.2593919 0.996066 3.39 0.3670675 1.04922 3.39 0.4814861 1.085659 3.39 0.6000698 1.104561 3.39 0.720147 1.105501 3.39 0.8390121 1.088458 3.39 0.8448673 1.08615 3.39 0.8497152 1.082136 3.39 0.8530757 1.076814 3.39 0.8546161 1.070712 3.39 0.8541836 1.064433 3.39 0.8518213 1.058599 3.39 0.847763 1.053789 3.39 0.8424107 1.050477 3.39 0.7302225 0.9950861 3.39 0.6258292 0.9261192 3.39 0.5308651 0.8446563 3.39 0.4468168 0.7519726 3.39 0.375 0.649519 3.39 0.4301823 0.614364 3.39 0.4820907 0.5745334 3.39 0.5303301 0.5303301 3.39 0.6494906 0.5451682 3.39 0.7695297 0.5420035 3.39 0.8877428 0.5209072 3.39 1.001467 0.4823548 3.39 1.108139 0.4272147 3.39 1.205356 0.3567293 3.39 1.290928 0.2724867 3.39 1.362927 0.1763849 3.39 1.365435 0.1706123 3.39 1.366025 0.1643462 3.39 1.364638 0.158207 3.39 1.361412 0.1528028 3.39 1.356667 0.1486687 3.39 1.350871 0.1462141 3.39 1.3446 0.145682 3.39 1.338474 0.1471253 3.39 1.219977 0.1872868 3.39 1.097393 0.212337 3.39 0.9726405 0.2218838 3.39 0.8476721 0.2157777 3.39 0.7244444 0.1941143 3.39 0.7386058 0.1302361 3.39 0.747146 0.0653668 3.39 0.75 0 3.39 0.8447513 -0.07376706 3.39 0.927394 -0.1608853 3.39 0.996066 -0.2593919 3.39 1.04922 -0.3670675 3.39 1.085659 -0.4814861 3.39 1.104561 -0.6000698 3.39 1.105501 -0.720147 3.39 1.088458 -0.8390121 3.39 1.08615 -0.8448673 3.39 1.082136 -0.8497152 3.39 1.076814 -0.8530757 3.39 1.070712 -0.8546161 3.39 1.064433 -0.8541836 3.39 1.058599 -0.8518213 3.39 1.053789 -0.847763 3.39 1.050477 -0.8424107 3.39 0.9950861 -0.7302225 3.39 0.9261192 -0.6258292 3.39 0.8446563 -0.5308651 3.39 0.7519726 -0.4468168 3.39 0.649519 -0.375 3.39 0.614364 -0.4301823 3.39 0.5745334 -0.4820907 3.39 0.5303301 -0.5303301 3.39 0.5451682 -0.6494906 3.39 0.5420035 -0.7695297 3.39 0.5209072 -0.8877428 3.39 0.4823548 -1.001467 3.39 0.4272147 -1.108139 3.39 0.3567293 -1.205356 3.39 0.2724867 -1.290928 3.39 0.1763849 -1.362927 3.39 0.1706123 -1.365435 3.39 0.1643462 -1.366025 3.39 0.158207 -1.364638 3.39 0.1528028 -1.361412 3.39 0.1486687 -1.356667 3.39 0.1462141 -1.350871 3.39 0.145682 -1.3446 3.39 0.1471253 -1.338474 3.39 0.1872868 -1.219977 3.39 0.212337 -1.097393 3.39 0.2218838 -0.9726405 3.39 0.2157777 -0.8476721 3.39 0.1941143 -0.7244444 3.39 0.1302361 -0.7386058 3.39 0.0653668 -0.747146 3.39 0 -0.75 3.39 -0.07376706 -0.8447513 3.39 -0.1608853 -0.927394 3.39 -0.2593919 -0.996066 3.39 -0.3670675 -1.04922 3.39 -0.4814861 -1.085659 3.39 -0.6000698 -1.104561 3.39 -0.720147 -1.105501 3.39 -0.8390121 -1.088458 3.39 -0.8448673 -1.08615 3.39 -0.8497152 -1.082136 3.39 -0.8530757 -1.076814 3.39 -0.8546161 -1.070712 3.39 -0.8541836 -1.064433 3.39 -0.8518213 -1.058599 3.39 -0.847763 -1.053789 3.39 -0.8424107 -1.050477 3.39 -0.7302225 -0.9950861 3.39 -0.6258292 -0.9261192 3.39 -0.5308651 -0.8446563 3.39 -0.4468168 -0.7519726 3.39 -0.375 -0.649519 3.39 -0.4301823 -0.614364 3.39 -0.4820907 -0.5745334 3.39 -0.5303301 -0.5303301 3.39 -0.6494906 -0.5451682 3.39 -0.7695297 -0.5420035 3.39 -0.8877428 -0.5209072 3.39 -1.001467 -0.4823548 3.39 -1.108139 -0.4272147 3.39 -1.205356 -0.3567293 3.39 -1.290928 -0.2724867 3.39 -1.362927 -0.1763849 3.39 -1.365435 -0.1706123 3.39 -1.366025 -0.1643462 3.39 -1.364638 -0.158207 3.39 -1.361412 -0.1528028 3.39 -1.356667 -0.1486687 3.39 -1.350871 -0.1462141 3.39 -1.3446 -0.145682 3.39 -1.338474 -0.1471253 3.39 -1.219977 -0.1872868 3.39 -1.097393 -0.212337 3.39 -0.9726405 -0.2218838 3.39 -0.8476721 -0.2157777 3.39 -0.7244444 -0.1941143 3.39 -0.7386058 -0.1302361 3.39 -0.747146 -0.0653668 3.39 1.76 0 3.39 1.748933 0.1970574 3.39 1.715873 0.3916369 3.39 1.661235 0.5812911 3.39 1.585705 0.7636354 3.39 1.490235 0.9363765 3.39 1.376023 1.097342 3.39 1.244508 1.244508 3.39 1.097342 1.376023 3.39 0.9363765 1.490235 3.39 0.7636354 1.585705 3.39 0.5812911 1.661235 3.39 0.3916369 1.715873 3.39 0.1970574 1.748933 3.39 0 1.76 3.39 -0.1970574 1.748933 3.39 -0.3916369 1.715873 3.39 -0.5812911 1.661235 3.39 -0.7636354 1.585705 3.39 -0.9363765 1.490235 3.39 -1.097342 1.376023 3.39 -1.244508 1.244508 3.39 -1.376023 1.097342 3.39 -1.490235 0.9363765 3.39 -1.585705 0.7636354 3.39 -1.661235 0.5812911 3.39 -1.715873 0.3916369 3.39 -1.748933 0.1970574 3.39 -1.76 0 3.39 -1.748933 -0.1970574 3.39 -1.715873 -0.3916369 3.39 -1.661235 -0.5812911 3.39 -1.585705 -0.7636354 3.39 -1.490235 -0.9363765 3.39 -1.376023 -1.097342 3.39 -1.244508 -1.244508 3.39 -1.097342 -1.376023 3.39 -0.9363765 -1.490235 3.39 -0.7636354 -1.585705 3.39 -0.5812911 -1.661235 3.39 -0.3916369 -1.715873 3.39 -0.1970574 -1.748933 3.39 0 -1.76 3.39 0.1970574 -1.748933 3.39 0.3916369 -1.715873 3.39 0.5812911 -1.661235 3.39 0.7636354 -1.585705 3.39 0.9363765 -1.490235 3.39 1.097342 -1.376023 3.39 1.244508 -1.244508 3.39 1.376023 -1.097342 3.39 1.490235 -0.9363765 3.39 1.585705 -0.7636354 3.39 1.661235 -0.5812911 3.39 1.715873 -0.3916369 3.39 1.748933 -0.1970574 3.39 1.93 -1.68 1.815 1.921481 -1.744705 1.815 1.896506 -1.805 1.815 1.856777 -1.856777 1.815 1.805 -1.896506 1.815 1.744705 -1.921481 1.815 1.68 -1.93 1.815 -1.68 -1.93 1.815 -1.744705 -1.921481 1.815 -1.805 -1.896506 1.815 -1.856777 -1.856777 1.815 -1.896506 -1.805 1.815 -1.921481 -1.744705 1.815 -1.93 -1.68 1.815 -1.93 1.68 1.815 -1.921481 1.744705 1.815 -1.896506 1.805 1.815 -1.856777 1.856777 1.815 -1.805 1.896506 1.815 -1.744705 1.921481 1.815 -1.68 1.93 1.815 1.68 1.93 1.815 1.744705 1.921481 1.815 1.805 1.896506 1.815 1.856777 1.856777 1.815 1.896506 1.805 1.815 1.921481 1.744705 1.815 1.93 1.68 1.815 -1.231 -1.41 1.815 -1.241795 -1.348778 1.815 -1.272878 -1.294941 1.815 -1.3205 -1.254981 1.815 -1.378917 -1.233719 1.815 -1.441083 -1.233719 1.815 -1.4995 -1.254981 1.815 -1.547122 -1.294941 1.815 -1.578205 -1.348778 1.815 -1.589 -1.41 1.815 -1.578205 -1.471222 1.815 -1.547122 -1.525059 1.815 -1.4995 -1.565019 1.815 -1.441083 -1.586281 1.815 -1.378917 -1.586281 1.815 -1.3205 -1.565019 1.815 -1.272878 -1.525059 1.815 -1.241795 -1.471222 1.815 1.589 1.41 1.815 1.578205 1.471222 1.815 1.547122 1.525059 1.815 1.4995 1.565019 1.815 1.441083 1.586281 1.815 1.378917 1.586281 1.815 1.3205 1.565019 1.815 1.272878 1.525059 1.815 1.241795 1.471222 1.815 1.231 1.41 1.815 1.241795 1.348778 1.815 1.272878 1.294941 1.815 1.3205 1.254981 1.815 1.378917 1.233719 1.815 1.441083 1.233719 1.815 1.4995 1.254981 1.815 1.547122 1.294941 1.815 1.578205 1.348778 1.815 -1.68 1.93 1.815 -1.744705 1.921481 1.815 -1.805 1.896506 1.815 -1.856777 1.856777 1.815 -1.896506 1.805 1.815 -1.921481 1.744705 1.815 -1.93 1.68 1.815 -1.93 1.68 2.115 -1.921481 1.744705 2.115 -1.896506 1.805 2.115 -1.856777 1.856777 2.115 -1.805 1.896506 2.115 -1.744705 1.921481 2.115 -1.68 1.93 2.115 -1.93 1.68 1.815 -1.93 -1.68 1.815 -1.93 -1.68 2.115 -1.93 1.68 2.115 -1.93 -1.68 1.815 -1.921481 -1.744705 1.815 -1.896506 -1.805 1.815 -1.856777 -1.856777 1.815 -1.805 -1.896506 1.815 -1.744705 -1.921481 1.815 -1.68 -1.93 1.815 -1.68 -1.93 2.115 -1.744705 -1.921481 2.115 -1.805 -1.896506 2.115 -1.856777 -1.856777 2.115 -1.896506 -1.805 2.115 -1.921481 -1.744705 2.115 -1.93 -1.68 2.115 -1.68 -1.93 1.815 1.68 -1.93 1.815 1.68 -1.93 2.115 -1.68 -1.93 2.115 1.589 1.41 1.815 1.578205 1.348778 1.815 1.547122 1.294941 1.815 1.4995 1.254981 1.815 1.441083 1.233719 1.815 1.378917 1.233719 1.815 1.3205 1.254981 1.815 1.272878 1.294941 1.815 1.241795 1.348778 1.815 1.231 1.41 1.815 1.241795 1.471222 1.815 1.272878 1.525059 1.815 1.3205 1.565019 1.815 1.378917 1.586281 1.815 1.441083 1.586281 1.815 1.4995 1.565019 1.815 1.547122 1.525059 1.815 1.578205 1.471222 1.815 1.589 1.41 2.115 1.578205 1.471222 2.115 1.547122 1.525059 2.115 1.4995 1.565019 2.115 1.441083 1.586281 2.115 1.378917 1.586281 2.115 1.3205 1.565019 2.115 1.272878 1.525059 2.115 1.241795 1.471222 2.115 1.231 1.41 2.115 1.241795 1.348778 2.115 1.272878 1.294941 2.115 1.3205 1.254981 2.115 1.378917 1.233719 2.115 1.441083 1.233719 2.115 1.4995 1.254981 2.115 1.547122 1.294941 2.115 1.578205 1.348778 2.115 1.589 1.41 1.815 1.589 1.41 2.115 -1.231 -1.41 1.815 -1.241795 -1.471222 1.815 -1.272878 -1.525059 1.815 -1.3205 -1.565019 1.815 -1.378917 -1.586281 1.815 -1.441083 -1.586281 1.815 -1.4995 -1.565019 1.815 -1.547122 -1.525059 1.815 -1.578205 -1.471222 1.815 -1.589 -1.41 1.815 -1.578205 -1.348778 1.815 -1.547122 -1.294941 1.815 -1.4995 -1.254981 1.815 -1.441083 -1.233719 1.815 -1.378917 -1.233719 1.815 -1.3205 -1.254981 1.815 -1.272878 -1.294941 1.815 -1.241795 -1.348778 1.815 -1.231 -1.41 2.115 -1.241795 -1.348778 2.115 -1.272878 -1.294941 2.115 -1.3205 -1.254981 2.115 -1.378917 -1.233719 2.115 -1.441083 -1.233719 2.115 -1.4995 -1.254981 2.115 -1.547122 -1.294941 2.115 -1.578205 -1.348778 2.115 -1.589 -1.41 2.115 -1.578205 -1.471222 2.115 -1.547122 -1.525059 2.115 -1.4995 -1.565019 2.115 -1.441083 -1.586281 2.115 -1.378917 -1.586281 2.115 -1.3205 -1.565019 2.115 -1.272878 -1.525059 2.115 -1.241795 -1.471222 2.115 -1.231 -1.41 1.815 -1.231 -1.41 2.115 1.93 1.68 1.815 1.921481 1.744705 1.815 1.896506 1.805 1.815 1.856777 1.856777 1.815 1.805 1.896506 1.815 1.744705 1.921481 1.815 1.68 1.93 1.815 1.68 1.93 2.115 1.744705 1.921481 2.115 1.805 1.896506 2.115 1.856777 1.856777 2.115 1.896506 1.805 2.115 1.921481 1.744705 2.115 1.93 1.68 2.115 1.589 1.41 2.115 1.578205 1.348778 2.115 1.547122 1.294941 2.115 1.4995 1.254981 2.115 1.441083 1.233719 2.115 1.378917 1.233719 2.115 1.3205 1.254981 2.115 1.272878 1.294941 2.115 1.241795 1.348778 2.115 1.231 1.41 2.115 1.241795 1.471222 2.115 1.272878 1.525059 2.115 1.3205 1.565019 2.115 1.378917 1.586281 2.115 1.441083 1.586281 2.115 1.4995 1.565019 2.115 1.547122 1.525059 2.115 1.578205 1.471222 2.115 -1.231 -1.41 2.115 -1.241795 -1.471222 2.115 -1.272878 -1.525059 2.115 -1.3205 -1.565019 2.115 -1.378917 -1.586281 2.115 -1.441083 -1.586281 2.115 -1.4995 -1.565019 2.115 -1.547122 -1.525059 2.115 -1.578205 -1.471222 2.115 -1.589 -1.41 2.115 -1.578205 -1.348778 2.115 -1.547122 -1.294941 2.115 -1.4995 -1.254981 2.115 -1.441083 -1.233719 2.115 -1.378917 -1.233719 2.115 -1.3205 -1.254981 2.115 -1.272878 -1.294941 2.115 -1.241795 -1.348778 2.115 1.81 0 2.115 1.799015 -0.1991149 2.115 1.766191 -0.3958128 2.115 1.711929 -0.587706 2.115 1.636886 -0.7724654 2.115 1.541974 -0.947848 2.115 1.428344 -1.111725 2.115 1.297376 -1.262107 2.115 1.15066 -1.397169 2.115 0.9899762 -1.515271 2.115 0.8172754 -1.61498 2.115 0.634654 -1.695085 2.115 0.4443287 -1.754614 2.115 0.2486099 -1.792845 2.115 0.04987335 -1.809313 2.115 -0.1494686 -1.803818 2.115 -0.3469963 -1.776427 2.115 -0.5403118 -1.727473 2.115 -0.7270687 -1.65755 2.115 -0.905 -1.567506 2.115 -1.071946 -1.458435 2.115 -1.22588 -1.33166 2.115 -1.364933 -1.188721 2.115 -1.487418 -1.031353 2.115 -1.591848 -0.8614648 2.115 -1.676954 -0.68112 2.115 -1.741705 -0.4925073 2.115 -1.785314 -0.2979162 2.115 -1.807252 -0.09970885 2.115 -1.807252 0.09970885 2.115 -1.785314 0.2979162 2.115 -1.741705 0.4925073 2.115 -1.676954 0.68112 2.115 -1.591848 0.8614648 2.115 -1.487418 1.031353 2.115 -1.364933 1.188721 2.115 -1.22588 1.33166 2.115 -1.071946 1.458435 2.115 -0.905 1.567506 2.115 -0.7270687 1.65755 2.115 -0.5403118 1.727473 2.115 -0.3469963 1.776427 2.115 -0.1494686 1.803818 2.115 0.04987335 1.809313 2.115 0.2486099 1.792845 2.115 0.4443287 1.754614 2.115 0.634654 1.695085 2.115 0.8172754 1.61498 2.115 0.9899762 1.515271 2.115 1.15066 1.397169 2.115 1.297376 1.262107 2.115 1.428344 1.111725 2.115 1.541974 0.947848 2.115 1.636886 0.7724654 2.115 1.711929 0.587706 2.115 1.766191 0.3958128 2.115 1.799015 0.1991149 2.115 1.93 1.68 2.115 1.921481 1.744705 2.115 1.896506 1.805 2.115 1.856777 1.856777 2.115 1.805 1.896506 2.115 1.744705 1.921481 2.115 1.68 1.93 2.115 -1.68 1.93 2.115 -1.744705 1.921481 2.115 -1.805 1.896506 2.115 -1.856777 1.856777 2.115 -1.896506 1.805 2.115 -1.921481 1.744705 2.115 -1.93 1.68 2.115 -1.93 -1.68 2.115 -1.921481 -1.744705 2.115 -1.896506 -1.805 2.115 -1.856777 -1.856777 2.115 -1.805 -1.896506 2.115 -1.744705 -1.921481 2.115 -1.68 -1.93 2.115 1.68 -1.93 2.115 1.744705 -1.921481 2.115 1.805 -1.896506 2.115 1.856777 -1.856777 2.115 1.896506 -1.805 2.115 1.921481 -1.744705 2.115 1.93 -1.68 2.115 1.68 1.93 1.815 -1.68 1.93 1.815 -1.68 1.93 2.115 1.68 1.93 2.115 1.68 -1.93 1.815 1.744705 -1.921481 1.815 1.805 -1.896506 1.815 1.856777 -1.856777 1.815 1.896506 -1.805 1.815 1.921481 -1.744705 1.815 1.93 -1.68 1.815 1.93 -1.68 2.115 1.921481 -1.744705 2.115 1.896506 -1.805 2.115 1.856777 -1.856777 2.115 1.805 -1.896506 2.115 1.744705 -1.921481 2.115 1.68 -1.93 2.115 1.93 -1.68 1.815 1.93 1.68 1.815 1.93 1.68 2.115 1.93 -1.68 2.115</float_array>
          <technique_common>
            <accessor source="#Körper1_001-mesh-positions-array" count="1840" stride="3">
              <param name="X" type="float"/>
              <param name="Y" type="float"/>
              <param name="Z" type="float"/>
            </accessor>
          </technique_common>
        </source>
        <source id="Körper1_001-mesh-normals">
          <float_array id="Körper1_001-mesh-normals-array" count="5007">-0.9458172 0.3246995 0 -0.9458172 0.3246996 0 -1 5.50747e-5 0 -1 5.46873e-5 0 -1 -5.64158e-5 0 -1 -5.55813e-5 0 -0.9458173 -0.3246994 0 -0.9458175 -0.3246986 0 -0.7891405 -0.6142128 0 -0.7891407 -0.6142125 0 -0.5469462 -0.8371678 0 -0.546948 -0.8371667 0 -0.2454859 -0.9694003 0 -0.2454884 -0.9693996 0 0.08257824 -0.9965847 0 0.08257836 -0.9965846 0 0.4016945 -0.9157738 0 0.4016959 -0.9157732 0 0.6772801 -0.7357254 0 0.6772812 -0.7357243 0 0.8794735 -0.4759478 0 0.8794742 -0.4759466 0 0.9863614 -0.1645941 0 0.9863615 -0.1645938 0 0.9863612 0.1645956 0 0.9863613 0.1645947 0 0.8794728 0.4759492 0 0.8794739 0.4759472 0 0.6772803 0.7357252 0 0.677282 0.7357235 0 0.4016941 0.915774 0 0.401696 0.9157731 0 0.08258062 0.9965845 0 0.0825814 0.9965844 0 -0.2454838 0.9694007 0 -0.2454857 0.9694003 0 -0.5469493 0.8371658 0 -0.5469505 0.8371649 0 -0.7891407 0.6142125 0 -0.7891405 0.6142128 0 -0.8660382 -0.4999779 6.26362e-6 -0.8660392 -0.4999762 -6.23406e-6 -0.9659265 -0.258817 0 -0.9659258 -0.2588193 0 -1 2.6935e-6 0 -1 -9.377e-7 0 -0.965925 0.2588223 0 -0.9659264 0.2588171 0 -0.8660242 0.5000021 0 -0.8660272 0.499997 0 -0.7071046 0.707109 0 -0.7071078 0.7071059 0 -0.4999954 0.8660281 0 -0.4999998 0.8660256 0 -0.2588188 0.9659259 0 -0.2588238 0.9659246 0 1.89932e-6 1 0 -1.89932e-6 1 0 0.2588195 0.9659257 0 0.2588171 0.9659264 0 0.5000014 0.8660246 0 0.4999992 0.8660259 0 0.7071058 0.7071079 0 0.7071037 0.7071099 0 0.866026 0.4999992 0 0.8660249 0.5000008 0 0.9659265 0.258817 0 0.9659258 0.2588193 0 1 -2.6935e-6 0 1 9.377e-7 0 0.965925 -0.2588223 0 0.9659264 -0.2588171 0 0.8660407 -0.4999737 6.23406e-6 0.866042 -0.4999713 -6.26361e-6 -0.8660259 -0.4999993 0 -0.8660231 -0.500004 0 -0.8660258 -0.4999995 0 -0.8660231 -0.5000042 0 0.8660259 -0.4999993 0 0.8660231 -0.500004 0 0.8660258 -0.4999995 0 0.8660231 -0.5000042 0 -1.51063e-6 0 1 0 0 1 1.31615e-6 0 1 1.79183e-6 0 1 -9.04753e-7 0 1 -1.69604e-6 0 1 1.6837e-6 0 1 -6.74184e-7 0 1 3.39422e-6 0 1 -5.63704e-6 0 1 -3.5725e-6 0 1 2.15367e-7 0 1 7.09229e-7 0 1 4.88044e-6 0 1 1.53091e-6 0 1 1.53091e-6 0 1 -2.09776e-6 0 1 3.63167e-6 0 1 4.85102e-7 0 1 -4.54013e-6 0 1 -1.60068e-6 0 1 -1.40583e-6 0 1 1.87603e-6 0 1 -4.74135e-7 0 1 8.95011e-7 0 1 -1.88648e-6 0 1 1.80497e-6 0 1 -2.91784e-6 0 1 3.78179e-6 0 1 7.7594e-7 0 1 2.14498e-7 0 1 1.62861e-6 0 1 1.38306e-6 0 1 8.80446e-7 0 1 7.69955e-6 0 1 1.39003e-5 0 1 3.73867e-6 0 1 6.60282e-6 0 1 -4.06707e-7 0 1 4.97743e-6 0 1 1.49742e-7 0 1 3.55517e-7 0 1 0 0 1 -2.18443e-6 0 1 0 0 1 -2.13466e-6 0 1 5.45899e-7 0 1 0 0 1 0 0 1 0 0 1 1.28799e-6 0 1 1.01405e-6 0 1 0 0 1 2.88887e-7 0 1 -1.27587e-6 0 1 -2.09106e-6 0 1 0 0 1 0 0 1 0 0 1 4.78451e-7 0 1 0 0 1 -2.6824e-7 0 1 0 0 1 0 0 1 -3.61153e-7 0 1 2.39225e-7 0 1 0 0 1 8.358e-7 0 1 1.42245e-7 0 1 1.58201e-6 0 1 -2.69475e-7 0 1 0 0 1 1.44087e-7 0 1 -3.93891e-7 0 1 3.56609e-7 0 1 0 0 1 0 0 1 -1.01405e-6 0 1 1.27587e-6 0 1 0 0 1 1.82046e-6 0 1 4.86892e-7 0 1 -4.38273e-7 0 1 -3.12809e-7 0 1 0 0 1 -4.36343e-7 0 1 8.16653e-7 0 1 -4.27501e-7 0 1 5.98557e-7 0 1 0 0 1 7.11034e-7 0 1 1.14736e-6 0 1 1.072e-6 0 1 -4.87389e-7 0 1 -1.57538e-7 0 1 -1.35542e-7 0 1 -1.20102e-7 0 1 7.9779e-7 0 1 1.50092e-6 0 1 -9.01684e-7 0 1 -6.54515e-7 0 1 4.20762e-7 0 1 -8.0993e-7 0 1 1.43231e-6 0 1 -6.26927e-7 0 1 -7.34919e-6 0 1 -3.05562e-5 0 1 -4.61535e-5 0 1 -4.60278e-6 0 1 -2.43693e-5 0 1 6.30973e-7 0 1 -1.48606e-6 0 1 -2.0025e-6 0 1 0 0 1 -1.03509e-6 0 1 -2.50623e-6 0 1 -3.34838e-6 0 1 0 0 1 -1.08363e-6 0 1 -4.99826e-7 0 1 4.36344e-7 0 1 1.06203e-6 0 1 1.07336e-6 0 1 2.48396e-6 0 1 -2.20655e-5 0 1 -3.39525e-6 0 1 -4.03841e-5 0 1 2.86821e-5 0 1 7.96365e-5 0 1 -1.16649e-5 0 1 -9.84816e-5 0 1 -9.60811e-7 0 1 2.11446e-6 0 1 3.78215e-5 0 1 2.1144e-6 0 1 -5.45899e-7 0 1 0 0 1 -1.28799e-6 0 1 1.87216e-7 0 1 1.72633e-6 0 1 0 0 1 1.42794e-6 0 1 -2.13042e-7 0 1 -1.69269e-6 0 1 -1.41569e-6 0 1 -9.73637e-7 0 1 -1.75747e-6 0 1 -5.63258e-6 0 1 -7.56171e-6 0 1 -3.58427e-7 0 1 -4.97743e-6 0 1 1.35542e-7 0 1 1.20102e-7 0 1 -7.9779e-7 0 1 9.01684e-7 0 1 6.54515e-7 0 1 -4.20762e-7 0 1 8.0993e-7 0 1 -1.43231e-6 0 1 6.26927e-7 0 1 7.34919e-6 0 1 3.05562e-5 0 1 4.61535e-5 0 1 4.60278e-6 0 1 2.43693e-5 0 1 0 0 1 1.08363e-6 0 1 4.99826e-7 0 1 -4.36344e-7 0 1 -1.06203e-6 0 1 -1.07336e-6 0 1 -2.48396e-6 0 1 6.7676e-6 0 1 2.64119e-5 0 1 4.6153e-5 0 1 2.86823e-5 0 1 7.96375e-5 0 1 1.84111e-5 0 1 9.74786e-5 0 1 -8.45826e-6 0 1 1.84268e-4 0 1 1.80722e-7 0 1 6.25617e-7 0 1 4.27501e-7 0 1 -8.16653e-7 0 1 8.72686e-7 0 1 -5.98557e-7 0 1 0 0 1 -7.11034e-7 0 1 -1.14736e-6 0 1 -2.11446e-6 0 1 -3.78215e-5 0 1 -2.1144e-6 0 1 0.9764329 -0.2158215 0 0.976433 -0.2158211 0 0.9977369 -0.06723898 0 0.9977366 -0.06724274 0 0.9965615 0.08285677 0 0.9965619 0.08285278 0 0.9729331 0.2310869 0 0.9729343 0.2310826 0 0.9273848 0.3741091 0 0.9273867 0.3741044 0 0.8609422 0.5087028 0 0.8609445 0.5086989 0 0.7751001 0.6318385 0 0.7751026 0.6318354 0 0.671795 0.7407372 0 0.6717982 0.7407343 0 0.5533607 0.8329418 0 0.5533614 0.8329414 0 1 1.01738e-5 0 1 9.68203e-6 0 0.9961947 0.08715569 0 0.9961948 0.08715498 0 0.9848078 0.1736481 0 0.9659292 0.2588068 0 0.9659288 0.258808 0 0.9848076 0.1736493 0 0.2343818 -0.9721447 3.00075e-6 0.2343817 -0.9721447 -2.98659e-6 0.1111906 -0.9937992 0 0.1111938 -0.9937989 0 -0.01377826 -0.9999052 0 -0.01377505 -0.9999051 0 -0.138531 -0.9903581 0 -0.1385278 -0.9903586 0 -0.2611121 -0.9653086 0 -0.26111 -0.9653091 0 -0.3795754 -0.9251608 2.9866e-6 -0.3795774 -0.92516 -3.00076e-6 -0.3795654 -0.925165 0 -0.3795653 -0.925165 0 -0.07330077 -0.9973099 0 -0.07330274 -0.9973098 0 0.2402639 -0.9707076 0 0.240257 -0.9707094 0 0.5300422 -0.8479713 0 0.530022 -0.8479839 0 0.7673204 -0.6412639 0 0.7673084 -0.6412782 0 0.9286136 -0.3710485 0 0.9286088 -0.3710603 0 0.9979444 -0.06408756 0 0.9979435 -0.06410086 0 0.9684517 0.2492018 0 0.9684527 0.2491975 0 0.8430845 0.5377812 0 0.8430613 0.5378174 0 0.8430496 0.5378358 0 0.8430506 0.5378344 0 0.7530518 0.6579612 0 0.7530557 0.6579568 0 0.6460855 0.7632651 0 0.64609 0.7632613 0 0.5245651 0.8513705 0 0.5245698 0.8513676 0 0.3912249 0.9202952 0 0.3912296 0.9202932 0 0.2490689 0.9684858 0 0.2490738 0.9684845 0 0.1013036 0.9948556 0 0.1013082 0.9948552 0 -0.04874503 0.9988113 0 -0.04874116 0.9988114 0 -0.1976926 0.9802641 0 -0.1976929 0.9802641 0 0.7071015 0.7071121 0 0.7071014 0.7071123 0 0.6427877 0.7660444 0 0.6427875 0.7660446 0 0.5735754 0.8191528 0 0.5000119 0.8660185 0 0.500009 0.8660202 0 0.5735742 0.8191537 0 0.8531646 -0.5216418 3.00304e-6 0.8531654 -0.5216407 -2.99887e-5 0.7813423 -0.6241028 0 0.7813457 -0.6240985 0 0.6972943 -0.716785 0 0.6972991 -0.7167803 0 0.6023342 -0.7982442 0 0.6023383 -0.7982411 0 0.497936 -0.8672138 0 0.4979397 -0.8672118 0 0.3857472 -0.9226045 2.98888e-6 0.3857491 -0.9226038 -3.00305e-6 0.3857972 -0.9225836 0 0.3858022 -0.9225816 0 0.653369 -0.7570397 0 0.6533735 -0.7570358 0 0.856279 -0.5165137 0 0.8562819 -0.5165089 0 0.9744002 -0.2248203 0 0.9743975 -0.2248324 0 0.9960193 0.08913815 0 0.9960207 0.08912324 0 0.9190065 0.3942425 0 0.9190025 0.3942518 0 0.7509812 0.6603236 0 0.7509779 0.6603274 0 0.5085766 0.8610169 0 0.508582 0.8610136 0 0.2158634 0.9764236 0 0.2158633 0.9764236 0 0.2158193 0.9764334 0 0.2158199 0.9764333 0 0.06723976 0.9977369 0 0.06724399 0.9977366 0 -0.08285707 0.9965615 0 -0.08285313 0.9965618 0 -0.2310851 0.9729336 0 -0.2310816 0.9729344 0 -0.3741075 0.9273854 0 -0.3741046 0.9273865 0 -0.5087011 0.8609433 0 -0.5086989 0.8609445 0 -0.6318345 0.7751034 0 -0.6318329 0.7751047 0 -0.7407324 0.6718003 0 -0.7407309 0.6718019 0 -0.8329411 0.5533619 0 -0.8329419 0.5533606 0 -8.63522e-6 1 0 -9.13069e-6 1 0 -0.08715564 0.9961947 0 -0.08715593 0.9961947 0 -0.1736475 0.984808 0 -0.2588126 0.9659277 0 -0.2588107 0.9659281 0 -0.1736465 0.9848082 0 0.9721449 0.234381 3.00075e-6 0.9721449 0.2343809 -2.98659e-6 0.9937992 0.1111903 0 0.9937988 0.1111934 0 0.9999051 -0.0137785 0 0.9999051 -0.01377516 0 0.9903579 -0.138532 0 0.9903585 -0.1385282 0 0.9653078 -0.2611148 0 0.9653087 -0.2611112 0 0.9251617 -0.3795734 2.98659e-6 0.9251617 -0.3795734 -3.00075e-6 0.9251638 -0.3795684 0 0.9251648 -0.3795656 0 0.9973097 -0.07330387 0 0.9973099 -0.07330244 0 0.9707091 0.2402582 0 0.9707092 0.240258 0 0.8479771 0.5300329 0 0.8479797 0.5300288 0 0.6412705 0.767315 0 0.6412729 0.7673131 0 0.371058 0.9286097 0 0.3710565 0.9286104 0 0.06409728 0.9979436 0 0.0640977 0.9979436 0 -0.2492 0.968452 0 -0.2492018 0.9684517 0 -0.5377854 0.8430818 0 -0.5377902 0.8430787 0 -0.5378348 0.8430503 0 -0.5378348 0.8430504 0 -0.657959 0.7530539 0 -0.6579568 0.7530558 0 -0.7632625 0.6460887 0 -0.7632609 0.6460904 0 -0.8513708 0.5245645 0 -0.8513692 0.5245671 0 -0.9202952 0.3912248 0 -0.9202938 0.3912283 0 -0.9684853 0.2490708 0 -0.9684844 0.2490742 0 -0.9948557 0.1013028 0 -0.9948553 0.1013065 0 -0.9988112 -0.04874628 0 -0.9988114 -0.04874211 0 -0.9802641 -0.1976928 0 -0.9802641 -0.1976925 0 -0.7071121 0.7071015 0 -0.7071142 0.7070994 0 -0.7660458 0.642786 0 -0.7660476 0.6427839 0 -0.8191514 0.5735777 0 -0.8660249 0.5000009 0 -0.8660224 0.5000053 0 -0.8191491 0.5735807 0 0.5216724 0.8531459 3.00076e-6 0.521674 0.8531451 -2.9866e-6 0.6240987 0.7813456 0 0.6240975 0.7813464 0 0.7167827 0.6972967 0 0.7167817 0.6972977 0 0.7982444 0.6023337 0 0.7982435 0.6023349 0 0.8672118 0.4979394 0 0.8672109 0.4979411 0 0.9225874 0.3857885 2.98659e-6 0.9225876 0.3857877 -3.00075e-6 0.922586 0.3857917 0 0.9225802 0.3858054 0 0.7570414 0.6533671 0 0.7570314 0.6533786 0 0.5165073 0.8562828 0 0.5165036 0.856285 0 0.2248233 0.9743996 0 0.2248269 0.9743988 0 -0.08912509 0.9960205 0 -0.08913254 0.9960198 0 -0.3942404 0.9190074 0 -0.394256 0.9190007 0 -0.6603217 0.7509829 0 -0.660327 0.7509783 0 -0.8610132 0.5085827 0 -0.8610142 0.508581 0 -0.9764227 0.2158674 0 -0.9764247 0.2158582 0 -0.9764329 0.2158215 0 -0.976433 0.2158211 0 -0.9977369 0.06723898 0 -0.9977366 0.06724274 0 -0.9965615 -0.08285677 0 -0.9965619 -0.08285278 0 -0.9729331 -0.2310869 0 -0.9729343 -0.2310826 0 -0.9273848 -0.3741091 0 -0.9273867 -0.3741044 0 -0.8609422 -0.5087028 0 -0.8609445 -0.5086989 0 -0.7751001 -0.6318385 0 -0.7751026 -0.6318354 0 -0.671795 -0.7407372 0 -0.6717982 -0.7407343 0 -0.5533607 -0.8329418 0 -0.5533614 -0.8329414 0 -1 -1.01738e-5 0 -1 -9.68203e-6 0 -0.9961947 -0.08715569 0 -0.9961948 -0.08715498 0 -0.9848078 -0.1736481 0 -0.9659292 -0.2588068 0 -0.9659288 -0.258808 0 -0.9848076 -0.1736493 0 -0.2343818 0.9721447 3.00075e-6 -0.2343817 0.9721447 -2.98659e-6 -0.1111906 0.9937992 0 -0.1111938 0.9937989 0 0.01377826 0.9999052 0 0.01377505 0.9999051 0 0.138531 0.9903581 0 0.1385278 0.9903586 0 0.2611121 0.9653086 0 0.26111 0.9653091 0 0.3795754 0.9251608 2.9866e-6 0.3795774 0.92516 -3.00076e-6 0.3795654 0.925165 0 0.3795653 0.925165 0 0.07330077 0.9973099 0 0.07330274 0.9973098 0 -0.2402639 0.9707076 0 -0.240257 0.9707094 0 -0.5300422 0.8479713 0 -0.530022 0.8479839 0 -0.7673204 0.6412639 0 -0.7673084 0.6412782 0 -0.9286136 0.3710485 0 -0.9286088 0.3710603 0 -0.9979444 0.06408756 0 -0.9979435 0.06410086 0 -0.9684517 -0.2492018 0 -0.9684527 -0.2491975 0 -0.8430845 -0.5377812 0 -0.8430613 -0.5378174 0 -0.8430496 -0.5378358 0 -0.8430506 -0.5378344 0 -0.7530518 -0.6579612 0 -0.7530557 -0.6579568 0 -0.6460855 -0.7632651 0 -0.64609 -0.7632613 0 -0.5245651 -0.8513705 0 -0.5245698 -0.8513676 0 -0.3912249 -0.9202952 0 -0.3912296 -0.9202932 0 -0.2490689 -0.9684858 0 -0.2490738 -0.9684845 0 -0.1013036 -0.9948556 0 -0.1013082 -0.9948552 0 0.04874503 -0.9988113 0 0.04874116 -0.9988114 0 0.1976926 -0.9802641 0 0.1976929 -0.9802641 0 -0.7071015 -0.7071121 0 -0.7071014 -0.7071123 0 -0.6427877 -0.7660444 0 -0.6427875 -0.7660446 0 -0.5735754 -0.8191528 0 -0.5000119 -0.8660185 0 -0.500009 -0.8660202 0 -0.5735742 -0.8191537 0 -0.8531646 0.5216418 3.00304e-6 -0.8531654 0.5216407 -2.99887e-5 -0.7813423 0.6241028 0 -0.7813457 0.6240985 0 -0.6972943 0.716785 0 -0.6972991 0.7167803 0 -0.6023342 0.7982442 0 -0.6023383 0.7982411 0 -0.497936 0.8672138 0 -0.4979397 0.8672118 0 -0.3857472 0.9226045 2.98888e-6 -0.3857491 0.9226038 -3.00305e-6 -0.3857972 0.9225836 0 -0.3858022 0.9225816 0 -0.653369 0.7570397 0 -0.6533735 0.7570358 0 -0.856279 0.5165137 0 -0.8562819 0.5165089 0 -0.9744002 0.2248203 0 -0.9743975 0.2248324 0 -0.9960193 -0.08913815 0 -0.9960207 -0.08912324 0 -0.9190065 -0.3942425 0 -0.9190025 -0.3942518 0 -0.7509812 -0.6603236 0 -0.7509779 -0.6603274 0 -0.5085766 -0.8610169 0 -0.508582 -0.8610136 0 -0.2158634 -0.9764236 0 -0.2158633 -0.9764236 0 -0.2158193 -0.9764334 0 -0.2158199 -0.9764333 0 -0.06723976 -0.9977369 0 -0.06724399 -0.9977366 0 0.08285707 -0.9965615 0 0.08285313 -0.9965618 0 0.2310851 -0.9729336 0 0.2310816 -0.9729344 0 0.3741075 -0.9273854 0 0.3741046 -0.9273865 0 0.5087011 -0.8609433 0 0.5086989 -0.8609445 0 0.6318345 -0.7751034 0 0.6318329 -0.7751047 0 0.7407324 -0.6718003 0 0.7407309 -0.6718019 0 0.8329411 -0.5533619 0 0.8329419 -0.5533606 0 8.63522e-6 -1 0 9.13069e-6 -1 0 0.08715564 -0.9961947 0 0.08715593 -0.9961947 0 0.1736475 -0.984808 0 0.2588126 -0.9659277 0 0.2588107 -0.9659281 0 0.1736465 -0.9848082 0 -0.9721449 -0.234381 3.00075e-6 -0.9721449 -0.2343809 -2.98659e-6 -0.9937992 -0.1111903 0 -0.9937988 -0.1111934 0 -0.9999051 0.0137785 0 -0.9999051 0.01377516 0 -0.9903579 0.138532 0 -0.9903585 0.1385282 0 -0.9653078 0.2611148 0 -0.9653087 0.2611112 0 -0.9251617 0.3795734 2.98659e-6 -0.9251617 0.3795734 -3.00075e-6 -0.9251638 0.3795684 0 -0.9251648 0.3795656 0 -0.9973097 0.07330387 0 -0.9973099 0.07330244 0 -0.9707091 -0.2402582 0 -0.9707092 -0.240258 0 -0.8479771 -0.5300329 0 -0.8479797 -0.5300288 0 -0.6412705 -0.767315 0 -0.6412729 -0.7673131 0 -0.371058 -0.9286097 0 -0.3710565 -0.9286104 0 -0.06409728 -0.9979436 0 -0.0640977 -0.9979436 0 0.2492 -0.968452 0 0.2492018 -0.9684517 0 0.5377854 -0.8430818 0 0.5377902 -0.8430787 0 0.5378348 -0.8430503 0 0.5378348 -0.8430504 0 0.657959 -0.7530539 0 0.6579568 -0.7530558 0 0.7632625 -0.6460887 0 0.7632609 -0.6460904 0 0.8513708 -0.5245645 0 0.8513692 -0.5245671 0 0.9202952 -0.3912248 0 0.9202938 -0.3912283 0 0.9684853 -0.2490708 0 0.9684844 -0.2490742 0 0.9948557 -0.1013028 0 0.9948553 -0.1013065 0 0.9988112 0.04874628 0 0.9988114 0.04874211 0 0.9802641 0.1976928 0 0.9802641 0.1976925 0 0.7071121 -0.7071015 0 0.7071142 -0.7070994 0 0.7660458 -0.642786 0 0.7660476 -0.6427839 0 0.8191514 -0.5735777 0 0.8660249 -0.5000009 0 0.8660224 -0.5000053 0 0.8191491 -0.5735807 0 -0.5216724 -0.8531459 3.00076e-6 -0.521674 -0.8531451 -2.9866e-6 -0.6240987 -0.7813456 0 -0.6240975 -0.7813464 0 -0.7167827 -0.6972967 0 -0.7167817 -0.6972977 0 -0.7982444 -0.6023337 0 -0.7982435 -0.6023349 0 -0.8672118 -0.4979394 0 -0.8672109 -0.4979411 0 -0.9225874 -0.3857885 2.98659e-6 -0.9225876 -0.3857877 -3.00075e-6 -0.922586 -0.3857917 0 -0.9225802 -0.3858054 0 -0.7570414 -0.6533671 0 -0.7570314 -0.6533786 0 -0.5165073 -0.8562828 0 -0.5165036 -0.856285 0 -0.2248233 -0.9743996 0 -0.2248269 -0.9743988 0 0.08912509 -0.9960205 0 0.08913254 -0.9960198 0 0.3942404 -0.9190074 0 0.394256 -0.9190007 0 0.6603217 -0.7509829 0 0.660327 -0.7509783 0 0.8610132 -0.5085827 0 0.8610142 -0.508581 0 0.9764227 -0.2158674 0 0.9764247 -0.2158582 0 6.83156e-6 0 1 4.55342e-7 0 1 2.77132e-6 0 1 0 0 1 3.83976e-6 0 1 -5.2125e-6 0 1 3.7352e-6 0 1 -8.57699e-6 0 1 1.26542e-6 0 1 -5.51239e-6 0 1 -2.08389e-6 0 1 -2.00616e-6 0 1 5.62001e-6 0 1 -1.36628e-6 0 1 -6.83148e-6 0 1 0.9939294 0.1100199 6.75023e-5 0.9496148 0.05239266 0.3090096 1 1.48634e-5 2.05338e-5 0.9496142 -0.05239295 0.3090115 0.9939327 -0.1099897 6.74427e-5 0.9380875 -0.1565412 0.3090093 0.9757994 -0.2186679 3.19481e-5 0.9151751 -0.2587871 0.3090045 0.9458208 -0.3246892 2.98023e-5 0.8811507 -0.3578944 0.3090065 0.9043618 -0.4267668 2.5779e-5 0.8364329 -0.4526554 0.3090036 0.8519151 -0.52368 3.3319e-5 0.7815644 -0.541916 0.309005 0.7891463 -0.6142054 3.8147e-5 0.7172018 -0.6246072 0.3090105 0.7167925 -0.6972866 2.08616e-5 0.6441338 -0.6997174 0.3090105 0.6357179 -0.7719215 6.72936e-5 0.5632509 -0.766332 0.3090045 0.5469528 -0.8371635 6.07669e-5 0.4755294 -0.8236469 0.3089945 0.4515472 -0.8922474 4.17531e-5 0.3820352 -0.8709572 0.3090031 0.3506472 -0.9365077 2.70903e-5 0.2839038 -0.9076994 0.308999 0.2455016 -0.9693962 2.72691e-5 0.182332 -0.9334158 0.3090145 0.1373652 -0.9905205 6.03497e-5 0.07853668 -0.9478142 0.3089989 0.02756977 -0.9996199 2.70009e-5 -0.02620732 -0.9506999 0.3090032 -0.08256506 -0.9965857 2.67923e-5 -0.1306328 -0.9420481 0.3089993 -0.1917177 -0.9814501 4.29153e-5 -0.233472 -0.9219587 0.3090035 -0.2984999 -0.9544097 4.20511e-5 -0.3334812 -0.8906809 0.308995 -0.4016801 -0.9157801 2.6226e-5 -0.4294378 -0.8485876 0.3090023 -0.4999877 -0.8660325 4.30644e-5 -0.5201829 -0.796198 0.3089962 -0.5922284 -0.8057703 2.59876e-5 -0.6046116 -0.73414 0.3090037 -0.6772707 -0.735734 2.75672e-5 -0.6817037 -0.6631692 0.3090093 -0.7541111 -0.656747 6.8605e-5 -0.7505146 -0.584158 0.3090106 -0.8217726 -0.5698158 2.11e-5 -0.8102271 -0.4980423 0.3090083 -0.8794665 -0.4759611 3.09646e-5 -0.8600992 -0.4058873 0.3090065 -0.9264963 -0.3763038 3.19183e-5 -0.8995296 -0.308806 0.3090074 -0.9622638 -0.2721182 2.70009e-5 -0.9280408 -0.2079776 0.3090077 -0.9863626 -0.1645876 3.69847e-5 -0.9452897 -0.1046203 0.3090019 -0.9984808 -0.05510151 2.60174e-5 -0.9510652 -2.36742e-6 0.3089906 -0.9984827 0.05506747 -6.95512e-6 -0.9984815 0.05508852 5.03361e-5 -0.9510435 1.78851e-5 0.3090571 -0.945288 0.1046237 0.3090055 -0.986363 0.1645845 3.69847e-5 -0.9280424 0.2079781 0.3090026 -0.9622722 0.2720888 2.70009e-5 -0.8995298 0.3088064 0.3090063 -0.9264971 0.3763022 3.19779e-5 -0.8600965 0.4058908 0.3090097 -0.879481 0.4759343 3.09944e-5 -0.8102281 0.4980437 0.3090034 -0.8217738 0.5698141 2.10702e-5 -0.7505227 0.5841479 0.3090094 -0.7541127 0.656745 1.98185e-5 -0.6817067 0.6631646 0.3090124 -0.6772931 0.7357133 2.7597e-5 -0.6046118 0.7341401 0.3090032 -0.5922302 0.805769 2.60174e-5 -0.5201837 0.7961956 0.3090009 -0.5000128 0.8660181 4.3124e-5 -0.4294329 0.8485912 0.3089992 -0.4017071 0.9157683 2.6226e-5 -0.3334787 0.8906805 0.308999 -0.2985289 0.9544007 4.20511e-5 -0.233471 0.9219614 0.308996 -0.1917192 0.9814498 4.28855e-5 -0.13063 0.9420472 0.3090032 -0.0825951 0.9965833 2.67923e-5 -0.02620482 0.9506987 0.3090071 0.02753984 0.9996207 2.70009e-5 0.07853871 0.9478141 0.3089987 0.1373353 0.9905247 6.03199e-5 0.1823202 0.9334194 0.3090107 0.245472 0.9694038 2.72691e-5 0.2839069 0.9076985 0.308999 0.3506451 0.9365085 2.70903e-5 0.3820413 0.8709546 0.3090024 0.4515204 0.8922609 4.17531e-5 0.4755288 0.8236456 0.308999 0.5469518 0.8371642 6.07669e-5 0.5632553 0.7663305 0.309 0.6357163 0.7719228 6.7234e-5 0.6441331 0.6997184 0.3090094 0.7167715 0.6973083 2.08616e-5 0.7171984 0.6246133 0.3090061 0.7891451 0.614207 3.8147e-5 0.7815619 0.5419173 0.3090093 0.8519135 0.5236825 3.3319e-5 0.8364309 0.452656 0.3090084 0.9043609 0.4267688 2.5779e-5 0.8811525 0.357892 0.3090045 0.9458112 0.3247171 2.97725e-5 0.9151763 0.2587846 0.3090033 0.9757928 0.2186974 3.20077e-5 0.9380885 0.1565389 0.3090073 2.90871e-5 1.18613e-5 1 0.3085271 -0.01702219 0.9510633 5.25266e-5 1.09077e-5 1 0.3084995 0.01702117 0.9510723 2.67029e-5 9.89717e-6 1 0.3047608 0.05085694 0.9510702 5.89639e-5 2.60491e-5 1 0.2973562 0.08408397 0.9510569 3.24249e-5 1.15335e-5 1 0.2862937 0.1162832 0.9510596 2.87443e-5 1.65775e-5 1 0.2717391 0.147063 0.9510681 4.86523e-5 4.1455e-5 1 0.2539147 0.1760665 0.9510667 2.02358e-5 2.80067e-5 1 0.2330295 0.2029458 0.9510575 3.18438e-5 4.90025e-5 1 0.2092459 0.2273216 0.9510737 1.54153e-5 2.42442e-5 1 0.1829839 0.248975 0.951067 1.12727e-5 1.96397e-5 1 0.1544787 0.2675918 0.9510684 1.26138e-5 2.68519e-5 1 0.1241361 0.2829948 0.9510543 1.19284e-5 5.35995e-5 1 0.092224 0.294906 0.9510653 1.6503e-6 5.36442e-5 1 0.05920273 0.3032467 0.9510713 -4.06057e-6 1.95652e-5 1 0.02548921 0.3079335 0.9510664 -4.46849e-6 5.93066e-5 1 -0.008545815 0.308873 0.951065 -4.99468e-6 3.47346e-5 1 -0.04246938 0.3060706 0.9510611 -6.14859e-6 3.80874e-5 1 -0.07585042 0.2995659 0.9510558 -2.54996e-5 3.68059e-5 1 -0.1083632 0.2893944 0.9510564 -1.89319e-5 3.19779e-5 1 -0.1395763 0.2757133 0.9510524 -2.78279e-5 2.97725e-5 1 -0.1690477 0.2586966 0.9510515 -3.41609e-5 4.46886e-5 1 -0.1964748 0.2385358 0.9510512 -3.39299e-5 2.09883e-5 1 -0.221514 0.2154775 0.9510526 -2.79769e-5 1.03787e-5 1 -0.2438762 0.1898034 0.9510516 -4.04269e-5 2.37152e-5 1 -0.2632905 0.1618264 0.951047 -5.04553e-5 2.56226e-5 1 -0.279492 0.1318829 0.9510474 -2.96235e-5 7.97212e-7 1 -0.2923157 0.1003398 0.9510434 -4.00543e-5 3.99351e-6 1 -0.3015417 0.06757605 0.9510553 -2.73734e-5 -1.61678e-6 1 -0.3071776 0.03399443 0.9510449 -5.30928e-5 -2.55182e-6 1 -0.3090237 2.75541e-5 0.9510544 -5.27439e-5 -3.9367e-6 1 -0.309012 1.32453e-5 0.9510582 -0.3071718 -0.03399461 0.9510467 -0.5877903 -3.20785e-5 0.8090134 -0.5842426 -0.0646637 0.8089989 -0.8090178 7.72625e-6 0.5877843 -0.8041208 -0.08899831 0.5877663 0.3047738 -0.05085879 0.9510658 4.23044e-5 -4.61936e-6 1 0.2973086 -0.08407461 0.9510726 6.46859e-5 -6.54161e-6 1 0.2862905 -0.1162824 0.9510605 5.20796e-5 -1.20774e-5 1 0.2717378 -0.1470624 0.9510685 5.91129e-5 -2.31266e-5 1 0.2539126 -0.1760661 0.9510674 3.31849e-5 -1.12057e-5 1 0.2329849 -0.2029218 0.9510735 4.66555e-5 -3.31849e-5 1 0.2092826 -0.2273452 0.9510599 1.92598e-5 -2.11e-5 1 0.1829879 -0.2489777 0.9510655 1.53556e-5 -1.70171e-5 1 0.1544813 -0.2675939 0.9510674 2.72021e-5 -2.46465e-5 1 0.1241368 -0.2829948 0.9510542 3.23057e-5 -4.72218e-5 1 0.09222608 -0.2949075 0.9510647 2.18842e-5 -4.87566e-5 1 0.05920284 -0.3032465 0.9510714 1.62711e-5 -1.54227e-5 1 0.02552556 -0.3079684 0.9510542 1.62879e-5 -6.09159e-5 1 -0.00854665 -0.3088724 0.9510652 -1.3411e-7 -3.35723e-5 1 -0.04250854 -0.3060424 0.9510684 -6.37025e-7 -4.06355e-5 1 -0.07593959 -0.2995186 0.9510635 -4.48525e-6 -4.22746e-5 1 -0.1084585 -0.2893616 0.9510555 -5.36442e-6 -4.13656e-5 1 -0.1396267 -0.2757042 0.9510476 -1.847e-5 -3.317e-5 1 -0.1690478 -0.2586966 0.9510515 -2.55182e-5 -4.7721e-5 1 -0.1964703 -0.2385354 0.9510523 -1.66148e-5 -3.45707e-5 1 -0.2215218 -0.2154777 0.9510508 -1.80453e-5 -2.50414e-5 1 -0.2438672 -0.1898027 0.951054 -2.7746e-5 -2.73883e-5 1 -0.2632868 -0.1618258 0.9510481 -4.31687e-5 -2.9631e-5 1 -0.2794899 -0.1318826 0.9510481 -2.72691e-5 -1.87457e-5 1 -0.2922851 -0.1003386 0.951053 -4.43608e-5 -2.2471e-5 1 -0.3015446 -0.06757593 0.9510543 -3.01451e-5 -1.71419e-5 1 -0.8090181 -4.09409e-6 0.5877839 -0.8041162 0.0889998 0.5877724 -0.7894524 0.1769206 0.587762 -0.7651932 0.2626912 0.5877693 -0.7316284 0.3452637 0.5878036 -0.6892257 0.4236655 0.5877717 -0.6384336 0.4969127 0.5877758 -0.5798968 0.564132 0.5877711 -0.5143187 0.6245031 0.5877689 -0.442497 0.6772919 0.5877689 -0.3653026 0.7218581 0.5877712 -0.2836745 0.7576619 0.5877731 -0.1986051 0.7842745 0.5877668 -0.1111227 0.8013595 0.5877711 -0.02229124 0.808721 0.58777 0.06680923 0.806268 0.5877658 0.1550986 0.7940186 0.5877745 0.2415079 0.7721423 0.5877673 0.3249819 0.7408834 0.5877744 0.4045131 0.7006378 0.587772 0.4791365 0.651888 0.5877673 0.5479403 0.5952215 0.5877694 0.6100944 0.531332 0.5877681 0.6648426 0.4609915 0.5877679 0.7115181 0.3850553 0.5877707 0.7495554 0.3044427 0.5877766 0.7785019 0.2201395 0.5877699 0.7979953 0.1331611 0.5877683 0.807797 0.04456675 0.5877736 0.8078013 -0.04456782 0.5877678 0.7979914 -0.133161 0.5877737 0.7785003 -0.2201386 0.5877724 0.7495568 -0.3044438 0.5877743 0.7115209 -0.3850561 0.587767 0.6648411 -0.4609904 0.5877706 0.6100925 -0.5313314 0.5877705 0.5479403 -0.5952222 0.5877689 0.4791334 -0.6518846 0.5877736 0.404515 -0.7006388 0.5877694 0.3249827 -0.7408846 0.5877724 0.241506 -0.7721416 0.5877689 0.1550982 -0.7940176 0.5877761 0.06681054 -0.8062669 0.5877671 -0.02229344 -0.8087218 0.5877686 -0.1111224 -0.801362 0.5877678 -0.1986048 -0.7842713 0.5877709 -0.283675 -0.7576634 0.5877709 -0.3653028 -0.7218585 0.5877707 -0.4424983 -0.6772937 0.5877658 -0.5143174 -0.6245011 0.5877722 -0.5798977 -0.5641324 0.5877699 -0.6384378 -0.4969156 0.5877687 -0.6892246 -0.4236647 0.5877736 -0.7316517 -0.3452752 0.5877677 -0.7651909 -0.2626907 0.5877727 -0.7894362 -0.1769174 0.5877847 -0.587791 3.33935e-5 0.8090128 -0.5842067 0.06465929 0.8090252 -0.5735693 0.1285391 0.8090093 -0.5559588 0.1908611 0.8090006 -0.5315666 0.2508517 0.8090182 -0.5007695 0.3078216 0.8089967 -0.4638688 0.3610433 0.8089954 -0.421306 0.4098528 0.8090253 -0.3736633 0.4537135 0.8090241 -0.32148 0.492062 0.8090275 -0.2654163 0.5244768 0.8089984 -0.2061084 0.5504913 0.8089986 -0.1442991 0.5698248 0.8089978 -0.08073824 0.5822437 0.8089954 -0.01619565 0.5875501 0.8090258 0.04854154 0.5858073 0.8089954 0.1126898 0.5769081 0.8089983 0.175471 0.561012 0.8089967 0.2361204 0.5383011 0.8089988 0.2939069 0.5090624 0.8089959 0.3481229 0.473638 0.8089979 0.3981139 0.4324666 0.8089981 0.4432435 0.3860211 0.809026 0.4830229 0.3349205 0.8090224 0.5169653 0.2797678 0.8089976 0.5446049 0.2211995 0.8089972 0.5656279 0.1599447 0.8090011 0.5797945 0.09675097 0.8089979 0.5869272 0.03238171 0.808992 0.5869193 -0.03238093 0.8089978 0.5797607 -0.09674483 0.8090229 0.565631 -0.1599452 0.8089988 0.5446024 -0.2211979 0.8089994 0.5169638 -0.279767 0.8089987 0.4830541 -0.3349418 0.8089949 0.4432743 -0.3860473 0.8089966 0.3981139 -0.4324662 0.8089984 0.3480991 -0.4736059 0.8090269 0.2938873 -0.5090274 0.8090251 0.2361217 -0.5383034 0.8089969 0.1754711 -0.561012 0.8089966 0.1126897 -0.5769084 0.808998 0.04853796 -0.585767 0.8090248 -0.01619642 -0.5875874 0.8089987 -0.0807383 -0.5822433 0.8089959 -0.1443004 -0.5698294 0.8089944 -0.2061088 -0.5504915 0.8089984 -0.2654179 -0.5244798 0.8089959 -0.3215008 -0.492093 0.8090004 -0.3736862 -0.4537418 0.8089976 -0.4213364 -0.4098831 0.8089942 -0.4638392 -0.3610202 0.8090227 -0.5007692 -0.3078222 0.8089968 -0.5315574 -0.2508479 0.8090254 -0.5559657 -0.1908634 0.8089953 -0.5735515 -0.1285359 0.8090225 0.9939307 0.1100082 0 0.9939308 0.1100079 0 1 3.48799e-5 2.62996e-6 1 3.48873e-5 -2.64243e-6 1 -3.48873e-5 2.64243e-6 1 -3.48799e-5 -2.62996e-6 0.9939308 -0.1100078 0 0.9939307 -0.1100082 0 0.9757966 -0.2186804 0 0.9757963 -0.2186815 0 0.9458172 -0.3246998 0 0.9458174 -0.3246994 0 0.9043569 -0.426777 0 0.9043577 -0.4267754 0 0.8519191 -0.5236735 0 0.8519198 -0.5236723 0 0.7891404 -0.6142129 0 0.7891408 -0.6142125 0 0.7167825 -0.6972969 0 0.6357235 -0.7719169 0 0.6357238 -0.7719166 0 0.546948 -0.8371666 0 0.5469486 -0.8371663 0 0.4515329 -0.8922546 0 0.4515337 -0.8922541 0 0.3506371 -0.9365114 0 0.3506377 -0.9365113 0 0.2454854 -0.9694003 0 0.2454859 -0.9694002 0 0.1373531 -0.9905222 0 0.1373537 -0.9905221 0 0.02755409 -0.9996203 0 0.02755463 -0.9996204 0 -0.08257955 -0.9965845 0 -0.08257907 -0.9965845 0 -0.1917111 -0.9814514 0 -0.1917106 -0.9814516 0 -0.298515 -0.954405 0 -0.2985144 -0.9544051 0 -0.4016957 -0.9157732 0 -0.4016951 -0.9157735 0 -0.5000004 -0.8660252 0 -0.4999997 -0.8660256 0 -0.5922356 -0.8057649 0 -0.5922349 -0.8057653 0 -0.6772815 -0.735724 0 -0.6772813 -0.7357242 0 -0.7541069 -0.6567519 0 -0.7541064 -0.6567522 0 -0.8217782 -0.5698077 0 -0.8217776 -0.5698084 0 -0.8794742 -0.4759466 0 -0.8794735 -0.4759482 0 -0.9264947 -0.3763082 0 -0.9264936 -0.3763105 0 -0.9622681 -0.272103 0 -0.9622679 -0.2721036 0 -0.9863613 -0.1645946 0 -0.9863615 -0.1645943 0 -0.9984815 -0.05508756 0 -0.9984816 -0.0550881 0 -0.9984816 0.0550881 0 -0.9984815 0.05508756 0 -0.9863615 0.1645942 0 -0.9863613 0.1645947 0 -0.9622681 0.2721036 0 -0.9622681 0.2721031 0 -0.9264937 0.3763105 0 -0.9264945 0.3763082 0 -0.8794735 0.4759482 0 -0.8794742 0.4759466 0 -0.8217778 0.5698083 0 -0.8217782 0.5698077 0 -0.7541064 0.6567522 0 -0.7541069 0.6567519 0 -0.6772812 0.7357244 0 -0.6772816 0.7357239 0 -0.5922349 0.8057654 0 -0.5922356 0.8057649 0 -0.4999997 0.8660256 0 -0.5000004 0.8660253 0 -0.4016951 0.9157736 0 -0.4016958 0.9157733 0 -0.2985145 0.9544051 0 -0.2985149 0.954405 0 -0.1917106 0.9814516 0 -0.1917111 0.9814515 0 -0.08257907 0.9965845 0 -0.08257961 0.9965845 0 0.02755463 0.9996204 0 0.02755409 0.9996203 0 0.1373536 0.9905221 0 0.1373532 0.9905222 0 0.2454859 0.9694002 0 0.2454854 0.9694003 0 0.3506377 0.9365113 0 0.3506371 0.9365114 0 0.4515336 0.8922541 0 0.451533 0.8922545 0 0.5469486 0.8371663 0 0.546948 0.8371666 0 0.635724 0.7719166 0 0.6357234 0.7719171 0 0.7167826 0.6972968 0 0.7167824 0.697297 0 0.7891407 0.6142125 0 0.7891404 0.614213 0 0.8519198 0.5236724 0 0.8519191 0.5236735 0 0.9043577 0.4267755 0 0.904357 0.426777 0 0.9458174 0.3246994 0 0.9458172 0.3246998 0 0.9757963 0.2186815 0 0.9757966 0.2186803 0 9.96224e-6 0 1 8.88054e-7 0 1 1.75282e-6 0 1 -8.53152e-7 0 1 -6.34173e-7 0 1 -1.82203e-6 0 1 -4.01523e-6 0 1 3.19894e-6 0 1 3.5974e-7 0 1 3.2636e-6 0 1 -4.11929e-6 0 1 1.42441e-6 0 1 -4.92721e-5 0 1 -1.01389e-6 0 1 -2.13725e-5 0 1 1.21426e-7 0 1 -2.16317e-7 0 1 -1.82186e-5 0 1 -2.25116e-5 0 1 7.06449e-7 0 1 1.75325e-7 0 1 1.1655e-6 0 1 1.30758e-7 0 1 -1.26747e-7 0 1 0 0 1 -1.42077e-6 0 1 0 0 1 -5.1975e-7 0 1 2.33582e-7 0 1 -7.55949e-7 0 1 2.15168e-6 0 1 -8.88278e-7 0 1 3.683e-6 0 1 -1.98172e-7 0 1 1.5527e-6 0 1 7.69789e-7 0 1 -1.08879e-6 0 1 4.16729e-7 0 1 0 0 1 -5.12656e-7 0 1 -3.64369e-5 0 1 -7.64368e-6 0 1 1.10498e-6 0 1 5.61772e-5 0 1 0 0 1 3.09293e-7 0 1 5.76677e-7 0 1 0 0 1 9.07576e-7 0 1 -2.24486e-7 0 1 7.89689e-7 0 1 1.56923e-7 0 1 1.19902e-6 0 1 0 0 1 1.29469e-7 0 1 -2.89093e-5 0 1 -1.88148e-5 0 1 1.40895e-6 0 1 2.15282e-5 0 1 2.16317e-7 0 1 1.82186e-5 0 1 2.25116e-5 0 1 -7.06449e-7 0 1 -1.75325e-7 0 1 -1.1655e-6 0 1 -1.30758e-7 0 1 1.26747e-7 0 1 1.42077e-6 0 1 0 0 1 5.1975e-7 0 1 -2.33582e-7 0 1 7.55949e-7 0 1 -2.15168e-6 0 1 8.88278e-7 0 1 -3.683e-6 0 1 1.98172e-7 0 1 -1.5527e-6 0 1 -7.69789e-7 0 1 1.08879e-6 0 1 -4.16729e-7 0 1 0 0 1 5.12656e-7 0 1 3.64369e-5 0 1 7.64368e-6 0 1 -1.10498e-6 0 1 -5.61772e-5 0 1 0 0 1 -3.09293e-7 0 1 -5.76677e-7 0 1 -9.07576e-7 0 1 2.24486e-7 0 1 -7.89689e-7 0 1 -1.56923e-7 0 1 -1.19902e-6 0 1 0 0 1 -1.29469e-7 0 1 2.89093e-5 0 1 1.88148e-5 0 1 -1.91561e-6 0 1 7.69137e-7 0 1 -3.93214e-6 0 1 0 0 1 1.97242e-7 0 1 0 0 1 -3.00579e-7 0 1 6.08482e-7 0 1 -3.52867e-7 0 1 -2.73304e-6 0 1 -9.51259e-7 0 1 -1.62291e-6 0 1 4.98112e-6 0 1 -2.22433e-5 0 1 2.26071e-6 0 1 -4.44696e-5 0 1 5.45273e-7 0 1 9.41095e-7 0 1 2.56157e-7 0 1 1.73704e-6 0 1 -9.37592e-7 0 1 -7.2881e-6 0 1 -3.47012e-6 0 1 9.85133e-7 0 1 3.1132e-7 0 1 7.88173e-7 0 1 1.34478e-6 0 1 8.60649e-7 0 1 -1.16374e-6 0 1 2.42076e-6 0 1 -1.66808e-6 0 1 3.53024e-7 0 1 -7.56478e-7 0 1 1.18066e-6 0 1 -2.48916e-6 0 1 -5.99904e-7 0 1 4.98111e-6 0 1 5.61248e-5 0 1 5.02379e-6 0 1 1.14291e-5 0 1 -3.84222e-6 0 1 4.74326e-6 0 1 -2.48903e-6 0 1 -4.95262e-7 0 1 -3.5974e-7 0 1 5.55073e-7 0 1 -2.48915e-6 0 1 -1.35465e-6 0 1 -9.96224e-6 0 1 1.91561e-6 0 1 -7.69137e-7 0 1 3.93214e-6 0 1 0 0 1 -1.97242e-7 0 1 0 0 1 3.00579e-7 0 1 -6.08482e-7 0 1 3.52867e-7 0 1 2.73304e-6 0 1 9.51259e-7 0 1 1.62291e-6 0 1 -4.98112e-6 0 1 2.22433e-5 0 1 -2.26071e-6 0 1 4.44696e-5 0 1 -5.45273e-7 0 1 -9.41095e-7 0 1 -2.56157e-7 0 1 -1.73704e-6 0 1 9.37592e-7 0 1 7.2881e-6 0 1 3.47012e-6 0 1 -9.85133e-7 0 1 -3.1132e-7 0 1 -7.88173e-7 0 1 -1.34478e-6 0 1 -8.60649e-7 0 1 1.16374e-6 0 1 -2.42076e-6 0 1 1.66808e-6 0 1 -3.53024e-7 0 1 7.56478e-7 0 1 -1.18066e-6 0 1 2.48916e-6 0 1 5.99904e-7 0 1 -4.98111e-6 0 1 0 0 -1 4.40098e-6 0 -1 0 0 -1 -1.75055e-6 0 -1 -3.2542e-7 0 -1 3.25484e-7 0 -1 0 0 -1 1.74163e-6 0 -1 8.1116e-7 0 -1 1.49245e-6 0 -1 0 0 -1 8.4956e-7 0 -1 -2.02384e-7 0 -1 0 0 -1 5.24875e-7 0 -1 -1.22571e-6 0 -1 -1.44747e-6 0 -1 2.67372e-7 0 -1 0 0 -1 6.68159e-7 0 -1 1.4927e-6 0 -1 4.96958e-7 0 -1 1.12581e-5 0 -1 1.02291e-6 0 -1 1.92769e-7 0 -1 2.06846e-6 0 -1 2.65274e-6 0 -1 -3.63163e-6 0 -1 -1.2502e-6 0 -1 1.40167e-7 0 -1 -2.15111e-7 0 -1 -3.80307e-7 0 -1 -1.10832e-6 0 -1 -1.08938e-6 0 -1 -6.58982e-6 0 -1 1.7815e-6 0 -1 2.28177e-6 0 -1 0 0 -1 1.79806e-7 0 -1 8.51988e-7 0 -1 -2.72777e-7 0 -1 -1.62111e-6 0 -1 -1.75058e-6 0 -1 2.4896e-7 0 -1 -4.30629e-7 0 -1 -9.45355e-7 0 -1 -1.50899e-7 0 -1 -1.12581e-5 0 -1 -1.02291e-6 0 -1 -2.06846e-6 0 -1 -2.65274e-6 0 -1 3.63163e-6 0 -1 2.37692e-7 0 -1 0 0 -1 5.35424e-6 0 -1 -2.65539e-5 1 -6.26362e-6 -2.64943e-5 1 6.23406e-6 -0.2588207 0.9659255 0 -0.2588168 0.9659264 0 -0.5000022 0.8660241 0 -0.4999976 0.8660269 0 -0.7071098 0.7071039 0 -0.7071048 0.7071089 0 -0.8660259 0.4999991 0 -0.8660255 0.5 0 -0.9659255 0.2588205 0 -0.9659264 0.2588171 0 -1 2.96384e-5 -6.23406e-6 -1 2.41399e-5 6.26362e-6 -1 0 0 -1 -2.42293e-5 -6.26362e-6 -1 -2.95639e-5 6.23406e-6 -0.9659264 -0.258817 0 -0.9659254 -0.2588206 0 -0.8660255 -0.5000001 0 -0.8660259 -0.4999991 0 -0.7071045 -0.7071091 0 -0.7071101 -0.7071036 0 -0.4999976 -0.8660269 0 -0.5000023 -0.8660241 0 -0.258817 -0.9659264 0 -0.2588205 -0.9659255 0 -2.65539e-5 -1 -6.23406e-6 -2.64645e-5 -1 6.26362e-6 0 -1 0 -0.9396939 0.3420166 0 -0.9396919 0.3420221 0 -1 3.47495e-5 0 -1 3.98457e-5 0 -1 -3.99947e-5 0 -1 -3.46452e-5 0 -0.9396921 -0.3420219 0 -0.9396942 -0.342016 0 -0.7660431 -0.6427894 0 -0.766046 -0.6427858 0 -0.4999977 -0.8660268 0 -0.5000018 -0.8660244 0 -0.1736465 -0.9848081 0 -0.17365 -0.9848075 0 0.1736506 -0.9848074 0 0.1736456 -0.9848083 0 0.5000019 -0.8660244 0 0.4999977 -0.8660267 0 0.7660468 -0.642785 0 0.7660426 -0.64279 0 0.9396938 -0.3420168 0 0.9396911 -0.3420245 0 1 3.64121e-6 0 1 -3.61232e-6 0 0.9396909 0.3420251 0 0.9396938 0.3420171 0 0.7660425 0.6427899 0 0.7660471 0.6427846 0 0.4999975 0.8660269 0 0.5000019 0.8660244 0 0.1736447 0.9848084 0 0.1736496 0.9848075 0 -0.1736491 0.9848076 0 -0.1736456 0.9848083 0 -0.5000016 0.8660246 0 -0.4999977 0.8660268 0 -0.7660461 0.6427858 0 -0.7660433 0.642789 0 -0.9396938 0.3420168 0 -0.9396911 0.3420245 0 -1 3.74317e-5 0 -1 3.99351e-5 0 -1 -4.00841e-5 0 -1 -3.73423e-5 0 -0.9396909 -0.3420251 0 -0.9396938 -0.3420171 0 -0.7660425 -0.6427899 0 -0.7660471 -0.6427846 0 -0.4999975 -0.8660269 0 -0.5000019 -0.8660244 0 -0.1736447 -0.9848084 0 -0.1736496 -0.9848075 0 0.1736491 -0.9848076 0 0.1736456 -0.9848083 0 0.5000016 -0.8660246 0 0.4999977 -0.8660268 0 0.7660461 -0.6427858 0 0.7660433 -0.642789 0 0.9396939 -0.3420166 0 0.9396919 -0.3420221 0 1 4.99944e-6 0 1 -4.98018e-6 0 0.9396921 0.3420219 0 0.9396942 0.342016 0 0.7660431 0.6427894 0 0.766046 0.6427858 0 0.4999977 0.8660268 0 0.5000018 0.8660244 0 0.1736465 0.9848081 0 0.17365 0.9848075 0 -0.1736506 0.9848074 0 -0.1736456 0.9848083 0 -0.5000019 0.8660244 0 -0.4999977 0.8660267 0 -0.7660468 0.642785 0 -0.7660426 0.64279 0 1 2.42293e-5 -6.26362e-6 1 2.95639e-5 6.23406e-6 0.9659264 0.258817 0 0.9659254 0.2588206 0 0.8660255 0.5000001 0 0.8660259 0.4999991 0 0.7071045 0.7071091 0 0.7071101 0.7071036 0 0.4999976 0.8660269 0 0.5000023 0.8660241 0 0.258817 0.9659264 0 0.2588205 0.9659255 0 2.65539e-5 1 -6.23406e-6 2.64645e-5 1 6.26362e-6 3.4438e-6 0 1 0 0 1 -2.53454e-7 0 1 0 0 1 -2.5346e-6 0 1 9.61684e-7 0 1 -3.41837e-7 0 1 -1.89034e-6 0 1 5.27508e-7 0 1 -1.00309e-6 0 1 -1.64621e-5 0 1 0 0 1 -3.88294e-7 0 1 0 0 1 -2.89602e-7 0 1 0 0 1 -3.44212e-7 0 1 -7.79406e-7 0 1 -6.84161e-7 0 1 2.67664e-7 0 1 -1.26047e-6 0 1 1.30556e-6 0 1 2.1177e-6 0 1 -6.21689e-7 0 1 -1.97861e-6 0 1 0 0 1 4.08428e-6 0 1 9.80953e-7 0 1 -4.6292e-7 0 1 1.58513e-5 0 1 -4.72268e-6 0 1 1.23187e-6 0 1 4.5711e-7 0 1 1.0817e-5 0 1 3.45359e-7 0 1 1.15349e-6 0 1 -1.49602e-7 0 1 -4.59174e-6 0 1 -2.87001e-7 0 1 1.26047e-6 0 1 -1.30556e-6 0 1 0 0 1 0 0 1 -6.64658e-7 0 1 0 0 1 -2.88305e-6 0 1 -3.14115e-7 0 1 -1.99168e-6 0 1 -9.88193e-6 0 1 -2.29123e-7 0 1 -8.75288e-7 0 1 6.20167e-6 0 1 3.17135e-6 0 1 -2.93052e-6 0 1 3.34612e-6 0 1 -2.19789e-6 0 1 -2.73127e-7 0 1 -2.76485e-7 0 1 5.40459e-7 0 1 -3.23306e-7 0 1 1.37729e-7 0 1 2.51403e-7 0 1 0 0 1 0 0 1 -1.33582e-7 0 1 0 0 1 3.84816e-7 0 1 2.97079e-7 0 1 0 0 1 -1.2537e-6 0 1 3.19883e-6 0 1 7.6791e-6 0 1 -1.78891e-5 0 1 0 0 1 0 0 1 6.7697e-6 0 1 3.43752e-6 0 1 -2.90027e-7 0 1 -9.718e-7 0 1 -1.87503e-7 0 1 0 0 1 -5.25921e-7 0 1 -1.9263e-7 0 1 -1.31168e-7 0 1 0 0 1 3.62194e-7 0 1 0 0 1 3.15474e-7 0 1 0 0 1 9.56517e-7 0 1 -3.39211e-7 0 1 8.83081e-7 0 1 8.18335e-7 0 1 3.88706e-6 0 1 0 1 0 2.65539e-5 -1 -6.26362e-6 2.64943e-5 -1 6.23406e-6 0.2588207 -0.9659255 0 0.2588168 -0.9659264 0 0.5000022 -0.8660241 0 0.4999976 -0.8660269 0 0.7071098 -0.7071039 0 0.7071048 -0.7071089 0 0.8660259 -0.4999991 0 0.8660255 -0.5 0 0.9659255 -0.2588205 0 0.9659264 -0.2588171 0 1 -2.96384e-5 -6.23406e-6 1 -2.41399e-5 6.26362e-6 1 0 0</float_array>
          <technique_common>
            <accessor source="#Körper1_001-mesh-normals-array" count="1669" stride="3">
              <param name="X" type="float"/>
              <param name="Y" type="float"/>
              <param name="Z" type="float"/>
            </accessor>
          </technique_common>
        </source>
        <source id="Körper1_001-mesh-map-0">
          <float_array id="Körper1_001-mesh-map-0-array" count="11832">0.03999996 -0.5621798 0 -0.5621798 0.03999996 -0.6283186 0.03999996 -0.6283186 0 -0.5621798 0 -0.6283186 0.03999996 0.6283186 0 0.6283186 0.03999996 0.5621798 0.03999996 0.5621798 0 0.6283186 0 0.5621798 0.03999996 0.5621798 0 0.5621798 0.03999996 0.4960409 0.03999996 0.4960409 0 0.5621798 0 0.4960409 0.03999996 0.4960409 0 0.4960409 0.03999996 0.4299021 0.03999996 0.4299021 0 0.4960409 0 0.4299021 0.03999996 0.4299021 0 0.4299021 0.03999996 0.3637633 0.03999996 0.3637633 0 0.4299021 0 0.3637633 0.03999996 0.3637633 0 0.3637633 0.03999996 0.2976245 0.03999996 0.2976245 0 0.3637633 0 0.2976245 0.03999996 0.2976245 0 0.2976245 0.03999996 0.2314857 0.03999996 0.2314857 0 0.2976245 0 0.2314857 0.03999996 0.2314857 0 0.2314857 0.03999996 0.1653469 0.03999996 0.1653469 0 0.2314857 0 0.1653469 0.03999996 0.1653469 0 0.1653469 0.03999996 0.09920817 0.03999996 0.09920817 0 0.1653469 0 0.09920817 0.03999996 0.09920817 0 0.09920817 0.03999996 0.03306937 0.03999996 0.03306937 0 0.09920817 0 0.03306937 0.03999996 0.03306937 0 0.03306937 0.03999996 -0.03306937 0.03999996 -0.03306937 0 0.03306937 0 -0.03306937 0.03999996 -0.03306937 0 -0.03306937 0.03999996 -0.09920817 0.03999996 -0.09920817 0 -0.03306937 0 -0.09920817 0.03999996 -0.09920817 0 -0.09920817 0.03999996 -0.1653469 0.03999996 -0.1653469 0 -0.09920817 0 -0.1653469 0.03999996 -0.1653469 0 -0.1653469 0.03999996 -0.2314857 0.03999996 -0.2314857 0 -0.1653469 0 -0.2314857 0.03999996 -0.2314857 0 -0.2314857 0.03999996 -0.2976245 0.03999996 -0.2976245 0 -0.2314857 0 -0.2976245 0.03999996 -0.2976245 0 -0.2976245 0.03999996 -0.3637633 0.03999996 -0.3637633 0 -0.2976245 0 -0.3637633 0.03999996 -0.3637633 0 -0.3637633 0.03999996 -0.4299021 0.03999996 -0.4299021 0 -0.3637633 0 -0.4299021 0.03999996 -0.4299021 0 -0.4299021 0.03999996 -0.4960409 0.03999996 -0.4960409 0 -0.4299021 0 -0.4960409 0.03999996 -0.4960409 0 -0.4960409 0.03999996 -0.5621798 0.03999996 -0.5621798 0 -0.4960409 0 -0.5621798 -0.03999996 -0.1570796 0 -0.1570796 -0.03999996 -0.07853978 -0.03999996 -0.07853978 0 -0.1570796 0 -0.07853978 -0.03999996 -0.07853978 0 -0.07853978 -0.03999996 0 -0.03999996 0 0 -0.07853978 0 0 -0.03999996 0 0 0 -0.03999996 0.07853978 -0.03999996 0.07853978 0 0 0 0.07853978 -0.03999996 0.07853978 0 0.07853978 -0.03999996 0.1570796 -0.03999996 0.1570796 0 0.07853978 0 0.1570796 -0.03999996 0.1570796 0 0.1570796 -0.03999996 0.2356194 -0.03999996 0.2356194 0 0.1570796 0 0.2356194 -0.03999996 0.2356194 0 0.2356194 -0.03999996 0.3141593 -0.03999996 0.3141593 0 0.2356194 0 0.3141593 -0.03999996 0.3141593 0 0.3141593 -0.03999996 0.3926991 -0.03999996 0.3926991 0 0.3141593 0 0.3926991 -0.03999996 0.3926991 0 0.3926991 -0.03999996 0.4712389 -0.03999996 0.4712389 0 0.3926991 0 0.4712389 -0.03999996 0.4712389 0 0.4712389 -0.03999996 0.5497787 -0.03999996 0.5497787 0 0.4712389 0 0.5497787 -0.03999996 0.5497787 0 0.5497787 -0.03999996 0.6283186 -0.03999996 0.6283186 0 0.5497787 0 0.6283186 -0.03999996 0.6283186 0 0.6283186 -0.03999996 0.7068583 -0.03999996 0.7068583 0 0.6283186 0 0.7068583 -0.03999996 0.7068583 0 0.7068583 -0.03999996 0.7853982 -0.03999996 0.7853982 0 0.7068583 0 0.7853982 -0.03999996 0.7853982 0 0.7853982 -0.03999996 0.863938 -0.03999996 0.863938 0 0.7853982 0 0.863938 -0.03999996 0.863938 0 0.863938 -0.03999996 0.9424778 -0.03999996 0.9424778 0 0.863938 0 0.9424778 -0.03999996 0.9424778 0 0.9424778 -0.03999996 1.021018 -0.03999996 1.021018 0 0.9424778 0 1.021018 -0.03999996 1.021018 0 1.021018 -0.03999996 1.099557 -0.03999996 1.099557 0 1.021018 0 1.099557 0 0 0.5196152 0 0 0.03999996 0 0.03999996 0.5196152 0 0.5196152 0.03999996 0 0 0.5196152 0 0 0.03999996 0 0.03999996 0.5196152 0 0.5196152 0.03999996 -0.1891634 -0.08506006 -0.2897778 -0.07235425 -0.2 -0.15 -0.2 -0.15 -0.2897778 -0.07235425 -0.3 -0.15 -0.2 -0.15 -0.3 -0.15 -0.2897778 -0.2276457 -0.2897778 -0.07235425 -0.1891634 -0.08506006 -0.2598076 0 -0.2598076 0 -0.1891634 -0.08506006 -0.1578281 -0.02715742 -0.2598076 0 -0.1578281 -0.02715742 -0.1093896 0.01743328 -0.2598076 0 -0.1093896 0.01743328 0 0.45 0 0.45 -0.1093896 0.01743328 -0.04909706 0.04388004 0 0.45 -0.04909706 0.04388004 0.01651585 0.04931688 0.01651585 0.04931688 0.08033907 0.03315466 0 0.45 0 0.45 0.08033907 0.03315466 0.1354563 -0.002855181 0 0.45 0.1354563 -0.002855181 0.2598076 0 0.2598076 0 0.1354563 -0.002855181 0.1758947 -0.05481052 0.2598076 0 0.1758947 -0.05481052 0.1972723 -0.1170811 0.1972723 -0.1829189 0.3 -0.15 0.1972723 -0.1170811 0.1972723 -0.1170811 0.3 -0.15 0.2897778 -0.07235425 0.1972723 -0.1170811 0.2897778 -0.07235425 0.2598076 0 0.1758947 -0.2451894 0.2598076 -0.3 0.1972723 -0.1829189 0.1972723 -0.1829189 0.2598076 -0.3 0.2897778 -0.2276457 0.1972723 -0.1829189 0.2897778 -0.2276457 0.3 -0.15 0.2598076 -0.3 0.1758947 -0.2451894 0.212132 -0.362132 0.212132 -0.362132 0.1758947 -0.2451894 0.1354563 -0.2971448 0.212132 -0.362132 0.1354563 -0.2971448 0.15 -0.4098076 0.15 -0.4098076 0.1354563 -0.2971448 0.08033907 -0.3331547 0.15 -0.4098076 0.08033907 -0.3331547 0.07764571 -0.4397777 0.07764571 -0.4397777 0.08033907 -0.3331547 0.01651585 -0.3493169 0.07764571 -0.4397777 0.01651585 -0.3493169 0 -0.45 0 -0.45 0.01651585 -0.3493169 -0.04909706 -0.3438801 0 -0.45 -0.04909706 -0.3438801 -0.07764571 -0.4397777 -0.07764571 -0.4397777 -0.04909706 -0.3438801 -0.1093896 -0.3174333 -0.07764571 -0.4397777 -0.1093896 -0.3174333 -0.15 -0.4098076 -0.15 -0.4098076 -0.1093896 -0.3174333 -0.1578281 -0.2728425 -0.15 -0.4098076 -0.1578281 -0.2728425 -0.212132 -0.362132 -0.212132 -0.362132 -0.1578281 -0.2728425 -0.2598076 -0.3 -0.2598076 -0.3 -0.1578281 -0.2728425 -0.1891634 -0.2149398 -0.2598076 -0.3 -0.1891634 -0.2149398 -0.2897778 -0.2276457 -0.2897778 -0.2276457 -0.1891634 -0.2149398 -0.2 -0.15 1.053789 -0.847763 1.08615 -0.8448673 1.050477 -0.8424107 1.050477 -0.8424107 1.08615 -0.8448673 1.088458 -0.8390121 1.050477 -0.8424107 1.088458 -0.8390121 1.105501 -0.720147 1.08615 -0.8448673 1.053789 -0.847763 1.082136 -0.8497152 1.082136 -0.8497152 1.053789 -0.847763 1.058599 -0.8518213 1.082136 -0.8497152 1.058599 -0.8518213 1.076814 -0.8530757 1.076814 -0.8530757 1.058599 -0.8518213 1.064433 -0.8541836 1.076814 -0.8530757 1.064433 -0.8541836 1.070712 -0.8546161 1.050477 -0.8424107 1.105501 -0.720147 0.9950861 -0.7302225 0.9950861 -0.7302225 1.105501 -0.720147 1.104561 -0.6000698 0.9950861 -0.7302225 1.104561 -0.6000698 0.9261192 -0.6258292 0.9261192 -0.6258292 1.104561 -0.6000698 1.085659 -0.4814861 0.9261192 -0.6258292 1.085659 -0.4814861 0.8446563 -0.5308651 0.8446563 -0.5308651 1.085659 -0.4814861 1.04922 -0.3670675 0.8446563 -0.5308651 1.04922 -0.3670675 0.7519726 -0.4468168 0.7519726 -0.4468168 1.04922 -0.3670675 0.996066 -0.2593919 0.7519726 -0.4468168 0.996066 -0.2593919 0.927394 -0.1608853 0.7519726 -0.4468168 0.927394 -0.1608853 0.649519 -0.375 0.649519 -0.375 0.927394 -0.1608853 0.8447513 -0.07376706 0.649519 -0.375 0.8447513 -0.07376706 0.75 0 0.747146 0.0653668 0.3 0 0.75 0 0.75 0 0.3 0 0.2897778 -0.07764571 0.75 0 0.2897778 -0.07764571 0.649519 -0.375 0.649519 -0.375 0.2897778 -0.07764571 0.2598076 -0.15 0.649519 -0.375 0.2598076 -0.15 0.614364 -0.4301823 0.614364 -0.4301823 0.2598076 -0.15 0.212132 -0.212132 0.614364 -0.4301823 0.212132 -0.212132 0.5745334 -0.4820907 0.5745334 -0.4820907 0.212132 -0.212132 0.5303301 -0.5303301 0.5303301 -0.5303301 0.212132 -0.212132 0.15 -0.2598076 0.5303301 -0.5303301 0.15 -0.2598076 0.1941143 -0.7244444 0.1941143 -0.7244444 0.15 -0.2598076 0.07764571 -0.2897778 0.1941143 -0.7244444 0.07764571 -0.2897778 0.1302361 -0.7386058 0.1302361 -0.7386058 0.07764571 -0.2897778 0 -0.3 0.1302361 -0.7386058 0 -0.3 0.0653668 -0.747146 0.0653668 -0.747146 0 -0.3 0 -0.75 0 -0.75 0 -0.3 -0.07764571 -0.2897778 0 -0.75 -0.07764571 -0.2897778 -0.375 -0.649519 -0.375 -0.649519 -0.07764571 -0.2897778 -0.15 -0.2598076 -0.375 -0.649519 -0.15 -0.2598076 -0.4301823 -0.614364 -0.4301823 -0.614364 -0.15 -0.2598076 -0.4820907 -0.5745334 -0.4820907 -0.5745334 -0.15 -0.2598076 -0.212132 -0.212132 -0.4820907 -0.5745334 -0.212132 -0.212132 -0.5303301 -0.5303301 -0.5303301 -0.5303301 -0.212132 -0.212132 -0.2598076 -0.15 -0.5303301 -0.5303301 -0.2598076 -0.15 -0.7244444 -0.1941143 -0.7244444 -0.1941143 -0.2598076 -0.15 -0.2897778 -0.07764571 -0.7244444 -0.1941143 -0.2897778 -0.07764571 -0.7386058 -0.1302361 -0.7386058 -0.1302361 -0.2897778 -0.07764571 -0.747146 -0.0653668 -0.747146 -0.0653668 -0.2897778 -0.07764571 -0.3 0 -0.747146 -0.0653668 -0.3 0 -0.75 0 -0.75 0 -0.3 0 -0.2897778 0.07764571 -0.75 0 -0.2897778 0.07764571 -0.649519 0.375 -0.649519 0.375 -0.2897778 0.07764571 -0.2598076 0.15 -0.649519 0.375 -0.2598076 0.15 -0.614364 0.4301823 -0.614364 0.4301823 -0.2598076 0.15 -0.5745334 0.4820907 -0.5745334 0.4820907 -0.2598076 0.15 -0.5303301 0.5303301 -0.5303301 0.5303301 -0.2598076 0.15 -0.1941143 0.7244444 -0.5303301 0.5303301 -0.1941143 0.7244444 -0.5451682 0.6494906 -0.5451682 0.6494906 -0.1941143 0.7244444 -0.5420035 0.7695297 -0.5420035 0.7695297 -0.1941143 0.7244444 -0.2157777 0.8476721 -0.5420035 0.7695297 -0.2157777 0.8476721 -0.5209072 0.8877428 -0.5209072 0.8877428 -0.2157777 0.8476721 -0.4823548 1.001467 -0.4823548 1.001467 -0.2157777 0.8476721 -0.2218838 0.9726405 -0.4823548 1.001467 -0.2218838 0.9726405 -0.4272147 1.108139 -0.4272147 1.108139 -0.2218838 0.9726405 -0.212337 1.097393 -0.4272147 1.108139 -0.212337 1.097393 -0.3567293 1.205356 -0.3567293 1.205356 -0.212337 1.097393 -0.1872868 1.219977 -0.3567293 1.205356 -0.1872868 1.219977 -0.2724867 1.290928 -0.2724867 1.290928 -0.1872868 1.219977 -0.1471253 1.338474 -0.2724867 1.290928 -0.1471253 1.338474 -0.1763849 1.362927 -0.1763849 1.362927 -0.1471253 1.338474 -0.145682 1.3446 -0.1763849 1.362927 -0.145682 1.3446 -0.1462141 1.350871 0.3 0 0.747146 0.0653668 0.2897778 0.07764571 0.2897778 0.07764571 0.747146 0.0653668 0.7386058 0.1302361 0.2897778 0.07764571 0.7386058 0.1302361 0.7244444 0.1941143 0.8476721 0.2157777 0.7695297 0.5420035 0.7244444 0.1941143 0.7244444 0.1941143 0.7695297 0.5420035 0.6494906 0.5451682 0.7244444 0.1941143 0.6494906 0.5451682 0.5303301 0.5303301 0.9726405 0.2218838 1.001467 0.4823548 0.8476721 0.2157777 0.8476721 0.2157777 1.001467 0.4823548 0.8877428 0.5209072 0.8476721 0.2157777 0.8877428 0.5209072 0.7695297 0.5420035 1.001467 0.4823548 0.9726405 0.2218838 1.108139 0.4272147 1.108139 0.4272147 0.9726405 0.2218838 1.097393 0.212337 1.108139 0.4272147 1.097393 0.212337 1.205356 0.3567293 1.205356 0.3567293 1.097393 0.212337 1.219977 0.1872868 1.205356 0.3567293 1.219977 0.1872868 1.290928 0.2724867 1.290928 0.2724867 1.219977 0.1872868 1.338474 0.1471253 1.290928 0.2724867 1.338474 0.1471253 1.362927 0.1763849 1.362927 0.1763849 1.338474 0.1471253 1.365435 0.1706123 1.365435 0.1706123 1.338474 0.1471253 1.366025 0.1643462 1.366025 0.1643462 1.338474 0.1471253 1.364638 0.158207 1.364638 0.158207 1.338474 0.1471253 1.361412 0.1528028 1.361412 0.1528028 1.338474 0.1471253 1.356667 0.1486687 1.356667 0.1486687 1.338474 0.1471253 1.350871 0.1462141 1.350871 0.1462141 1.338474 0.1471253 1.3446 0.145682 0.7244444 0.1941143 0.5303301 0.5303301 0.2598076 0.15 0.2598076 0.15 0.5303301 0.5303301 0.4820907 0.5745334 0.2598076 0.15 0.4820907 0.5745334 0.4301823 0.614364 0.4301823 0.614364 0.375 0.649519 0.2598076 0.15 0.2598076 0.15 0.375 0.649519 0 0.6 0 0.6 0.375 0.649519 0 0.75 0 0.6 0 0.75 -0.0653668 0.747146 0.4468168 0.7519726 0.1608853 0.927394 0.375 0.649519 0.375 0.649519 0.1608853 0.927394 0.07376706 0.8447513 0.375 0.649519 0.07376706 0.8447513 0 0.75 0.5308651 0.8446563 0.3670675 1.04922 0.4468168 0.7519726 0.4468168 0.7519726 0.3670675 1.04922 0.2593919 0.996066 0.4468168 0.7519726 0.2593919 0.996066 0.1608853 0.927394 0.3670675 1.04922 0.5308651 0.8446563 0.4814861 1.085659 0.4814861 1.085659 0.5308651 0.8446563 0.6258292 0.9261192 0.4814861 1.085659 0.6258292 0.9261192 0.6000698 1.104561 0.6000698 1.104561 0.6258292 0.9261192 0.7302225 0.9950861 0.6000698 1.104561 0.7302225 0.9950861 0.720147 1.105501 0.720147 1.105501 0.7302225 0.9950861 0.8424107 1.050477 0.720147 1.105501 0.8424107 1.050477 0.8390121 1.088458 0.8390121 1.088458 0.8424107 1.050477 0.847763 1.053789 0.8390121 1.088458 0.847763 1.053789 0.8518213 1.058599 0.8518213 1.058599 0.8541836 1.064433 0.8390121 1.088458 0.8390121 1.088458 0.8541836 1.064433 0.8546161 1.070712 0.8390121 1.088458 0.8546161 1.070712 0.8530757 1.076814 0.8530757 1.076814 0.8497152 1.082136 0.8390121 1.088458 0.8390121 1.088458 0.8497152 1.082136 0.8448673 1.08615 -0.0653668 0.747146 -0.1302361 0.7386058 0 0.6 0 0.6 -0.1302361 0.7386058 -0.1941143 0.7244444 0 0.6 -0.1941143 0.7244444 -0.2598076 0.15 -0.1462141 1.350871 -0.1486687 1.356667 -0.1763849 1.362927 -0.1763849 1.362927 -0.1486687 1.356667 -0.1528028 1.361412 -0.1763849 1.362927 -0.1528028 1.361412 -0.158207 1.364638 -0.1643462 1.366025 -0.1706123 1.365435 -0.158207 1.364638 -0.158207 1.364638 -0.1706123 1.365435 -0.1763849 1.362927 -0.7519726 0.4468168 -0.927394 0.1608853 -0.649519 0.375 -0.649519 0.375 -0.927394 0.1608853 -0.8447513 0.07376706 -0.649519 0.375 -0.8447513 0.07376706 -0.75 0 -0.8446563 0.5308651 -1.04922 0.3670675 -0.7519726 0.4468168 -0.7519726 0.4468168 -1.04922 0.3670675 -0.996066 0.2593919 -0.7519726 0.4468168 -0.996066 0.2593919 -0.927394 0.1608853 -1.04922 0.3670675 -0.8446563 0.5308651 -1.085659 0.4814861 -1.085659 0.4814861 -0.8446563 0.5308651 -0.9261192 0.6258292 -1.085659 0.4814861 -0.9261192 0.6258292 -1.104561 0.6000698 -1.104561 0.6000698 -0.9261192 0.6258292 -0.9950861 0.7302225 -1.104561 0.6000698 -0.9950861 0.7302225 -1.105501 0.720147 -1.105501 0.720147 -0.9950861 0.7302225 -1.050477 0.8424107 -1.105501 0.720147 -1.050477 0.8424107 -1.088458 0.8390121 -1.088458 0.8390121 -1.050477 0.8424107 -1.08615 0.8448673 -1.08615 0.8448673 -1.050477 0.8424107 -1.053789 0.847763 -1.08615 0.8448673 -1.053789 0.847763 -1.082136 0.8497152 -1.082136 0.8497152 -1.053789 0.847763 -1.058599 0.8518213 -1.082136 0.8497152 -1.058599 0.8518213 -1.076814 0.8530757 -1.076814 0.8530757 -1.058599 0.8518213 -1.064433 0.8541836 -1.076814 0.8530757 -1.064433 0.8541836 -1.070712 0.8546161 -0.8476721 -0.2157777 -0.7695297 -0.5420035 -0.7244444 -0.1941143 -0.7244444 -0.1941143 -0.7695297 -0.5420035 -0.6494906 -0.5451682 -0.7244444 -0.1941143 -0.6494906 -0.5451682 -0.5303301 -0.5303301 -0.9726405 -0.2218838 -1.001467 -0.4823548 -0.8476721 -0.2157777 -0.8476721 -0.2157777 -1.001467 -0.4823548 -0.8877428 -0.5209072 -0.8476721 -0.2157777 -0.8877428 -0.5209072 -0.7695297 -0.5420035 -1.001467 -0.4823548 -0.9726405 -0.2218838 -1.108139 -0.4272147 -1.108139 -0.4272147 -0.9726405 -0.2218838 -1.097393 -0.212337 -1.108139 -0.4272147 -1.097393 -0.212337 -1.205356 -0.3567293 -1.205356 -0.3567293 -1.097393 -0.212337 -1.219977 -0.1872868 -1.205356 -0.3567293 -1.219977 -0.1872868 -1.290928 -0.2724867 -1.290928 -0.2724867 -1.219977 -0.1872868 -1.338474 -0.1471253 -1.290928 -0.2724867 -1.338474 -0.1471253 -1.362927 -0.1763849 -1.362927 -0.1763849 -1.338474 -0.1471253 -1.365435 -0.1706123 -1.365435 -0.1706123 -1.338474 -0.1471253 -1.366025 -0.1643462 -1.366025 -0.1643462 -1.338474 -0.1471253 -1.364638 -0.158207 -1.364638 -0.158207 -1.338474 -0.1471253 -1.361412 -0.1528028 -1.361412 -0.1528028 -1.338474 -0.1471253 -1.356667 -0.1486687 -1.356667 -0.1486687 -1.338474 -0.1471253 -1.350871 -0.1462141 -1.350871 -0.1462141 -1.338474 -0.1471253 -1.3446 -0.145682 -0.4468168 -0.7519726 -0.1608853 -0.927394 -0.375 -0.649519 -0.375 -0.649519 -0.1608853 -0.927394 -0.07376706 -0.8447513 -0.375 -0.649519 -0.07376706 -0.8447513 0 -0.75 -0.5308651 -0.8446563 -0.3670675 -1.04922 -0.4468168 -0.7519726 -0.4468168 -0.7519726 -0.3670675 -1.04922 -0.2593919 -0.996066 -0.4468168 -0.7519726 -0.2593919 -0.996066 -0.1608853 -0.927394 -0.3670675 -1.04922 -0.5308651 -0.8446563 -0.4814861 -1.085659 -0.4814861 -1.085659 -0.5308651 -0.8446563 -0.6258292 -0.9261192 -0.4814861 -1.085659 -0.6258292 -0.9261192 -0.6000698 -1.104561 -0.6000698 -1.104561 -0.6258292 -0.9261192 -0.7302225 -0.9950861 -0.6000698 -1.104561 -0.7302225 -0.9950861 -0.720147 -1.105501 -0.720147 -1.105501 -0.7302225 -0.9950861 -0.8424107 -1.050477 -0.720147 -1.105501 -0.8424107 -1.050477 -0.8390121 -1.088458 -0.8390121 -1.088458 -0.8424107 -1.050477 -0.8448673 -1.08615 -0.8448673 -1.08615 -0.8424107 -1.050477 -0.8497152 -1.082136 -0.8497152 -1.082136 -0.8424107 -1.050477 -0.8530757 -1.076814 -0.8530757 -1.076814 -0.8424107 -1.050477 -0.8546161 -1.070712 -0.8546161 -1.070712 -0.8424107 -1.050477 -0.8541836 -1.064433 -0.8541836 -1.064433 -0.8424107 -1.050477 -0.8518213 -1.058599 -0.8518213 -1.058599 -0.8424107 -1.050477 -0.847763 -1.053789 0.2157777 -0.8476721 0.5420035 -0.7695297 0.1941143 -0.7244444 0.1941143 -0.7244444 0.5420035 -0.7695297 0.5451682 -0.6494906 0.1941143 -0.7244444 0.5451682 -0.6494906 0.5303301 -0.5303301 0.2218838 -0.9726405 0.4823548 -1.001467 0.2157777 -0.8476721 0.2157777 -0.8476721 0.4823548 -1.001467 0.5209072 -0.8877428 0.2157777 -0.8476721 0.5209072 -0.8877428 0.5420035 -0.7695297 0.4823548 -1.001467 0.2218838 -0.9726405 0.4272147 -1.108139 0.4272147 -1.108139 0.2218838 -0.9726405 0.212337 -1.097393 0.4272147 -1.108139 0.212337 -1.097393 0.3567293 -1.205356 0.3567293 -1.205356 0.212337 -1.097393 0.1872868 -1.219977 0.3567293 -1.205356 0.1872868 -1.219977 0.2724867 -1.290928 0.2724867 -1.290928 0.1872868 -1.219977 0.1471253 -1.338474 0.2724867 -1.290928 0.1471253 -1.338474 0.1763849 -1.362927 0.1763849 -1.362927 0.1471253 -1.338474 0.145682 -1.3446 0.1763849 -1.362927 0.145682 -1.3446 0.1462141 -1.350871 0.1462141 -1.350871 0.1486687 -1.356667 0.1763849 -1.362927 0.1763849 -1.362927 0.1486687 -1.356667 0.1528028 -1.361412 0.1763849 -1.362927 0.1528028 -1.361412 0.158207 -1.364638 0.1643462 -1.366025 0.1706123 -1.365435 0.158207 -1.364638 0.158207 -1.364638 0.1706123 -1.365435 0.1763849 -1.362927 0.2598076 0.15 0.2897778 0.07764571 0.7244444 0.1941143 0.03999996 -0.06297278 0 -0.06297278 0.03999996 -0.1831666 0.03999996 -0.1831666 0 -0.06297278 0 -0.1831666 0.03999996 -0.1831666 0 -0.1831666 0.03999996 -0.3033604 0.03999996 -0.3033604 0 -0.1831666 0 -0.3033604 0.03999996 -0.3033604 0 -0.3033604 0.03999996 -0.4235542 0.03999996 -0.4235542 0 -0.3033604 0 -0.4235542 0.03999996 -0.4235542 0 -0.4235542 0.03999996 -0.543748 0.03999996 -0.543748 0 -0.4235542 0 -0.543748 0.03999996 -0.543748 0 -0.543748 0.03999996 -0.6639419 0.03999996 -0.6639419 0 -0.543748 0 -0.6639419 0.03999996 -0.6639419 0 -0.6639419 0.03999996 -0.7841356 0.03999996 -0.7841356 0 -0.6639419 0 -0.7841356 0.03999996 -0.7841356 0 -0.7841356 0.03999996 -0.9043294 0.03999996 -0.9043294 0 -0.7841356 0 -0.9043294 0.03999996 -0.9043294 0 -0.9043294 0.03999996 -1.024523 0.03999996 -1.024523 0 -0.9043294 0 -1.024523 0.03999996 0 0 0 0.03999996 -0.06544983 0.03999996 -0.06544983 0 0 0 -0.06544983 0.03999996 -0.06544983 0 -0.06544983 0 -0.1308997 0 -0.1963495 0.03999996 -0.1963495 0 -0.1308997 0 -0.1308997 0.03999996 -0.1963495 0.03999996 -0.1308997 0 -0.1308997 0.03999996 -0.1308997 0.03999996 -0.06544983 -0.03999996 -0.687558 0 -0.687558 -0.03999996 -0.5623588 -0.03999996 -0.5623588 0 -0.687558 0 -0.5623588 -0.03999996 -0.5623588 0 -0.5623588 -0.03999996 -0.4371595 -0.03999996 -0.4371595 0 -0.5623588 0 -0.4371595 -0.03999996 -0.4371595 0 -0.4371595 -0.03999996 -0.3119603 -0.03999996 -0.3119603 0 -0.4371595 0 -0.3119603 -0.03999996 -0.3119603 0 -0.3119603 -0.03999996 -0.186761 -0.03999996 -0.186761 0 -0.3119603 0 -0.186761 -0.03999996 -0.186761 0 -0.186761 -0.03999996 -0.06156182 -0.03999996 -0.06156182 0 -0.186761 0 -0.06156182 0.03999996 0 0 0 0.03999996 -0.006320059 0.03999996 -0.006320059 0 0 0 -0.006320059 0.03999996 -0.006320059 0 -0.006320059 0.03999996 -0.01264017 0.03999996 -0.01264017 0 -0.006320059 0 -0.01264017 0.03999996 -0.01264017 0 -0.01264017 0.03999996 -0.01896023 0.03999996 -0.01896023 0 -0.01264017 0 -0.01896023 0.03999996 -0.01896023 0 -0.01896023 0.03999996 -0.02528029 0.03999996 -0.02528029 0 -0.01896023 0 -0.02528029 0.03999996 -0.02528029 0 -0.02528029 0.03999996 -0.03160041 0.03999996 -0.03160041 0 -0.02528029 0 -0.03160041 0.03999996 -0.03160041 0 -0.03160041 0.03999996 -0.03792047 0.03999996 -0.03792047 0 -0.03160041 0 -0.03792047 0.03999996 -0.03792047 0 -0.03792047 0.03999996 -0.04424059 0.03999996 -0.04424059 0 -0.03792047 0 -0.04424059 0.03999996 -0.04424059 0 -0.04424059 0.03999996 -0.05056065 0.03999996 -0.05056065 0 -0.04424059 0 -0.05056065 0.03999996 -0.06297278 0 -0.06297278 0.03999996 -0.1831666 0.03999996 -0.1831666 0 -0.06297278 0 -0.1831666 0.03999996 -0.1831666 0 -0.1831666 0.03999996 -0.3033604 0.03999996 -0.3033604 0 -0.1831666 0 -0.3033604 0.03999996 -0.3033604 0 -0.3033604 0.03999996 -0.4235542 0.03999996 -0.4235542 0 -0.3033604 0 -0.4235542 0.03999996 -0.4235542 0 -0.4235542 0.03999996 -0.543748 0.03999996 -0.543748 0 -0.4235542 0 -0.543748 0.03999996 -0.543748 0 -0.543748 0.03999996 -0.6639419 0.03999996 -0.6639419 0 -0.543748 0 -0.6639419 0.03999996 -0.6639419 0 -0.6639419 0.03999996 -0.7841356 0.03999996 -0.7841356 0 -0.6639419 0 -0.7841356 0.03999996 -0.7841356 0 -0.7841356 0.03999996 -0.9043294 0.03999996 -0.9043294 0 -0.7841356 0 -0.9043294 0.03999996 -0.9043294 0 -0.9043294 0.03999996 -1.024523 0.03999996 -1.024523 0 -0.9043294 0 -1.024523 0.03999996 -0.5890486 0 -0.5890486 0.03999996 -0.6544985 0.03999996 -0.6544985 0 -0.5890486 0 -0.6544985 0.03999996 -0.6544985 0 -0.6544985 0 -0.7199483 0 -0.7853982 0.03999996 -0.7853982 0 -0.7199483 0 -0.7199483 0.03999996 -0.7853982 0.03999996 -0.7199483 0 -0.7199483 0.03999996 -0.7199483 0.03999996 -0.6544985 -0.03999996 -0.687558 0 -0.687558 -0.03999996 -0.5623588 -0.03999996 -0.5623588 0 -0.687558 0 -0.5623588 -0.03999996 -0.5623588 0 -0.5623588 -0.03999996 -0.4371595 -0.03999996 -0.4371595 0 -0.5623588 0 -0.4371595 -0.03999996 -0.4371595 0 -0.4371595 -0.03999996 -0.3119603 -0.03999996 -0.3119603 0 -0.4371595 0 -0.3119603 -0.03999996 -0.3119603 0 -0.3119603 -0.03999996 -0.186761 -0.03999996 -0.186761 0 -0.3119603 0 -0.186761 -0.03999996 -0.186761 0 -0.186761 -0.03999996 -0.06156182 -0.03999996 -0.06156182 0 -0.186761 0 -0.06156182 0.03999996 0 0 0 0.03999996 -0.006320059 0.03999996 -0.006320059 0 0 0 -0.006320059 0.03999996 -0.006320059 0 -0.006320059 0.03999996 -0.01264017 0.03999996 -0.01264017 0 -0.006320059 0 -0.01264017 0.03999996 -0.01264017 0 -0.01264017 0.03999996 -0.01896023 0.03999996 -0.01896023 0 -0.01264017 0 -0.01896023 0.03999996 -0.01896023 0 -0.01896023 0.03999996 -0.02528029 0.03999996 -0.02528029 0 -0.01896023 0 -0.02528029 0.03999996 -0.02528029 0 -0.02528029 0.03999996 -0.03160041 0.03999996 -0.03160041 0 -0.02528029 0 -0.03160041 0.03999996 -0.03160041 0 -0.03160041 0.03999996 -0.03792047 0.03999996 -0.03792047 0 -0.03160041 0 -0.03792047 0.03999996 -0.03792047 0 -0.03792047 0.03999996 -0.04424059 0.03999996 -0.04424059 0 -0.03792047 0 -0.04424059 0.03999996 -0.04424059 0 -0.04424059 0.03999996 -0.05056065 0.03999996 -0.05056065 0 -0.04424059 0 -0.05056065 0.03999996 -0.06297278 0 -0.06297278 0.03999996 -0.1831666 0.03999996 -0.1831666 0 -0.06297278 0 -0.1831666 0.03999996 -0.1831666 0 -0.1831666 0.03999996 -0.3033604 0.03999996 -0.3033604 0 -0.1831666 0 -0.3033604 0.03999996 -0.3033604 0 -0.3033604 0.03999996 -0.4235542 0.03999996 -0.4235542 0 -0.3033604 0 -0.4235542 0.03999996 -0.4235542 0 -0.4235542 0.03999996 -0.543748 0.03999996 -0.543748 0 -0.4235542 0 -0.543748 0.03999996 -0.543748 0 -0.543748 0.03999996 -0.6639419 0.03999996 -0.6639419 0 -0.543748 0 -0.6639419 0.03999996 -0.6639419 0 -0.6639419 0.03999996 -0.7841356 0.03999996 -0.7841356 0 -0.6639419 0 -0.7841356 0.03999996 -0.7841356 0 -0.7841356 0.03999996 -0.9043294 0.03999996 -0.9043294 0 -0.7841356 0 -0.9043294 0.03999996 -0.9043294 0 -0.9043294 0.03999996 -1.024523 0.03999996 -1.024523 0 -0.9043294 0 -1.024523 0.03999996 -1.178097 0 -1.178097 0.03999996 -1.243547 0.03999996 -1.243547 0 -1.178097 0 -1.243547 0.03999996 -1.243547 0 -1.243547 0 -1.308997 0 -1.374447 0.03999996 -1.374447 0 -1.308997 0 -1.308997 0.03999996 -1.374447 0.03999996 -1.308997 0 -1.308997 0.03999996 -1.308997 0.03999996 -1.243547 -0.03999996 -0.687558 0 -0.687558 -0.03999996 -0.5623588 -0.03999996 -0.5623588 0 -0.687558 0 -0.5623588 -0.03999996 -0.5623588 0 -0.5623588 -0.03999996 -0.4371595 -0.03999996 -0.4371595 0 -0.5623588 0 -0.4371595 -0.03999996 -0.4371595 0 -0.4371595 -0.03999996 -0.3119603 -0.03999996 -0.3119603 0 -0.4371595 0 -0.3119603 -0.03999996 -0.3119603 0 -0.3119603 -0.03999996 -0.186761 -0.03999996 -0.186761 0 -0.3119603 0 -0.186761 -0.03999996 -0.186761 0 -0.186761 -0.03999996 -0.06156182 -0.03999996 -0.06156182 0 -0.186761 0 -0.06156182 0.03999996 0 0 0 0.03999996 -0.006320059 0.03999996 -0.006320059 0 0 0 -0.006320059 0.03999996 -0.006320059 0 -0.006320059 0.03999996 -0.01264017 0.03999996 -0.01264017 0 -0.006320059 0 -0.01264017 0.03999996 -0.01264017 0 -0.01264017 0.03999996 -0.01896023 0.03999996 -0.01896023 0 -0.01264017 0 -0.01896023 0.03999996 -0.01896023 0 -0.01896023 0.03999996 -0.02528029 0.03999996 -0.02528029 0 -0.01896023 0 -0.02528029 0.03999996 -0.02528029 0 -0.02528029 0.03999996 -0.03160041 0.03999996 -0.03160041 0 -0.02528029 0 -0.03160041 0.03999996 -0.03160041 0 -0.03160041 0.03999996 -0.03792047 0.03999996 -0.03792047 0 -0.03160041 0 -0.03792047 0.03999996 -0.03792047 0 -0.03792047 0.03999996 -0.04424059 0.03999996 -0.04424059 0 -0.03792047 0 -0.04424059 0.03999996 -0.04424059 0 -0.04424059 0.03999996 -0.05056065 0.03999996 -0.05056065 0 -0.04424059 0 -0.05056065 0.03999996 -0.06297278 0 -0.06297278 0.03999996 -0.1831666 0.03999996 -0.1831666 0 -0.06297278 0 -0.1831666 0.03999996 -0.1831666 0 -0.1831666 0.03999996 -0.3033604 0.03999996 -0.3033604 0 -0.1831666 0 -0.3033604 0.03999996 -0.3033604 0 -0.3033604 0.03999996 -0.4235542 0.03999996 -0.4235542 0 -0.3033604 0 -0.4235542 0.03999996 -0.4235542 0 -0.4235542 0.03999996 -0.543748 0.03999996 -0.543748 0 -0.4235542 0 -0.543748 0.03999996 -0.543748 0 -0.543748 0.03999996 -0.6639419 0.03999996 -0.6639419 0 -0.543748 0 -0.6639419 0.03999996 -0.6639419 0 -0.6639419 0.03999996 -0.7841356 0.03999996 -0.7841356 0 -0.6639419 0 -0.7841356 0.03999996 -0.7841356 0 -0.7841356 0.03999996 -0.9043294 0.03999996 -0.9043294 0 -0.7841356 0 -0.9043294 0.03999996 -0.9043294 0 -0.9043294 0.03999996 -1.024523 0.03999996 -1.024523 0 -0.9043294 0 -1.024523 0.03999996 -1.767146 0 -1.767146 0.03999996 -1.832596 0.03999996 -1.832596 0 -1.767146 0 -1.832596 0.03999996 -1.832596 0 -1.832596 0 -1.898046 0 -1.963495 0.03999996 -1.963495 0 -1.898046 0 -1.898046 0.03999996 -1.963495 0.03999996 -1.898046 0 -1.898046 0.03999996 -1.898046 0.03999996 -1.832596 -0.03999996 -0.687558 0 -0.687558 -0.03999996 -0.5623588 -0.03999996 -0.5623588 0 -0.687558 0 -0.5623588 -0.03999996 -0.5623588 0 -0.5623588 -0.03999996 -0.4371595 -0.03999996 -0.4371595 0 -0.5623588 0 -0.4371595 -0.03999996 -0.4371595 0 -0.4371595 -0.03999996 -0.3119603 -0.03999996 -0.3119603 0 -0.4371595 0 -0.3119603 -0.03999996 -0.3119603 0 -0.3119603 -0.03999996 -0.186761 -0.03999996 -0.186761 0 -0.3119603 0 -0.186761 -0.03999996 -0.186761 0 -0.186761 -0.03999996 -0.06156182 -0.03999996 -0.06156182 0 -0.186761 0 -0.06156182 0.03999996 0 0 0 0.03999996 -0.006320059 0.03999996 -0.006320059 0 0 0 -0.006320059 0.03999996 -0.006320059 0 -0.006320059 0.03999996 -0.01264017 0.03999996 -0.01264017 0 -0.006320059 0 -0.01264017 0.03999996 -0.01264017 0 -0.01264017 0.03999996 -0.01896023 0.03999996 -0.01896023 0 -0.01264017 0 -0.01896023 0.03999996 -0.01896023 0 -0.01896023 0.03999996 -0.02528029 0.03999996 -0.02528029 0 -0.01896023 0 -0.02528029 0.03999996 -0.02528029 0 -0.02528029 0.03999996 -0.03160041 0.03999996 -0.03160041 0 -0.02528029 0 -0.03160041 0.03999996 -0.03160041 0 -0.03160041 0.03999996 -0.03792047 0.03999996 -0.03792047 0 -0.03160041 0 -0.03792047 0.03999996 -0.03792047 0 -0.03792047 0.03999996 -0.04424059 0.03999996 -0.04424059 0 -0.03792047 0 -0.04424059 0.03999996 -0.04424059 0 -0.04424059 0.03999996 -0.05056065 0.03999996 -0.05056065 0 -0.04424059 0 -0.05056065 0.03999996 -0.06297278 0 -0.06297278 0.03999996 -0.1831666 0.03999996 -0.1831666 0 -0.06297278 0 -0.1831666 0.03999996 -0.1831666 0 -0.1831666 0.03999996 -0.3033604 0.03999996 -0.3033604 0 -0.1831666 0 -0.3033604 0.03999996 -0.3033604 0 -0.3033604 0.03999996 -0.4235542 0.03999996 -0.4235542 0 -0.3033604 0 -0.4235542 0.03999996 -0.4235542 0 -0.4235542 0.03999996 -0.543748 0.03999996 -0.543748 0 -0.4235542 0 -0.543748 0.03999996 -0.543748 0 -0.543748 0.03999996 -0.6639419 0.03999996 -0.6639419 0 -0.543748 0 -0.6639419 0.03999996 -0.6639419 0 -0.6639419 0.03999996 -0.7841356 0.03999996 -0.7841356 0 -0.6639419 0 -0.7841356 0.03999996 -0.7841356 0 -0.7841356 0.03999996 -0.9043294 0.03999996 -0.9043294 0 -0.7841356 0 -0.9043294 0.03999996 -0.9043294 0 -0.9043294 0.03999996 -1.024523 0.03999996 -1.024523 0 -0.9043294 0 -1.024523 0.03999996 -2.356194 0 -2.356194 0.03999996 -2.421644 0.03999996 -2.421644 0 -2.356194 0 -2.421644 0.03999996 -2.421644 0 -2.421644 0 -2.487094 0 -2.552544 0.03999996 -2.552544 0 -2.487094 0 -2.487094 0.03999996 -2.552544 0.03999996 -2.487094 0 -2.487094 0.03999996 -2.487094 0.03999996 -2.421644 -0.03999996 -0.687558 0 -0.687558 -0.03999996 -0.5623588 -0.03999996 -0.5623588 0 -0.687558 0 -0.5623588 -0.03999996 -0.5623588 0 -0.5623588 -0.03999996 -0.4371595 -0.03999996 -0.4371595 0 -0.5623588 0 -0.4371595 -0.03999996 -0.4371595 0 -0.4371595 -0.03999996 -0.3119603 -0.03999996 -0.3119603 0 -0.4371595 0 -0.3119603 -0.03999996 -0.3119603 0 -0.3119603 -0.03999996 -0.186761 -0.03999996 -0.186761 0 -0.3119603 0 -0.186761 -0.03999996 -0.186761 0 -0.186761 -0.03999996 -0.06156182 -0.03999996 -0.06156182 0 -0.186761 0 -0.06156182 0.03999996 0 0 0 0.03999996 -0.006320059 0.03999996 -0.006320059 0 0 0 -0.006320059 0.03999996 -0.006320059 0 -0.006320059 0.03999996 -0.01264017 0.03999996 -0.01264017 0 -0.006320059 0 -0.01264017 0.03999996 -0.01264017 0 -0.01264017 0.03999996 -0.01896023 0.03999996 -0.01896023 0 -0.01264017 0 -0.01896023 0.03999996 -0.01896023 0 -0.01896023 0.03999996 -0.02528029 0.03999996 -0.02528029 0 -0.01896023 0 -0.02528029 0.03999996 -0.02528029 0 -0.02528029 0.03999996 -0.03160041 0.03999996 -0.03160041 0 -0.02528029 0 -0.03160041 0.03999996 -0.03160041 0 -0.03160041 0.03999996 -0.03792047 0.03999996 -0.03792047 0 -0.03160041 0 -0.03792047 0.03999996 -0.03792047 0 -0.03792047 0.03999996 -0.04424059 0.03999996 -0.04424059 0 -0.03792047 0 -0.04424059 0.03999996 -0.04424059 0 -0.04424059 0.03999996 -0.05056065 0.03999996 -0.05056065 0 -0.04424059 0 -0.05056065 0.03999996 -0.06297278 0 -0.06297278 0.03999996 -0.1831666 0.03999996 -0.1831666 0 -0.06297278 0 -0.1831666 0.03999996 -0.1831666 0 -0.1831666 0.03999996 -0.3033604 0.03999996 -0.3033604 0 -0.1831666 0 -0.3033604 0.03999996 -0.3033604 0 -0.3033604 0.03999996 -0.4235542 0.03999996 -0.4235542 0 -0.3033604 0 -0.4235542 0.03999996 -0.4235542 0 -0.4235542 0.03999996 -0.543748 0.03999996 -0.543748 0 -0.4235542 0 -0.543748 0.03999996 -0.543748 0 -0.543748 0.03999996 -0.6639419 0.03999996 -0.6639419 0 -0.543748 0 -0.6639419 0.03999996 -0.6639419 0 -0.6639419 0.03999996 -0.7841356 0.03999996 -0.7841356 0 -0.6639419 0 -0.7841356 0.03999996 -0.7841356 0 -0.7841356 0.03999996 -0.9043294 0.03999996 -0.9043294 0 -0.7841356 0 -0.9043294 0.03999996 -0.9043294 0 -0.9043294 0.03999996 -1.024523 0.03999996 -1.024523 0 -0.9043294 0 -1.024523 0.03999996 1.767146 0 1.767146 0.03999996 1.701696 0.03999996 1.701696 0 1.767146 0 1.701696 0.03999996 1.701696 0 1.701696 0 1.636246 0 1.570796 0.03999996 1.570796 0 1.636246 0 1.636246 0.03999996 1.570796 0.03999996 1.636246 0 1.636246 0.03999996 1.636246 0.03999996 1.701696 -0.03999996 -0.687558 0 -0.687558 -0.03999996 -0.5623588 -0.03999996 -0.5623588 0 -0.687558 0 -0.5623588 -0.03999996 -0.5623588 0 -0.5623588 -0.03999996 -0.4371595 -0.03999996 -0.4371595 0 -0.5623588 0 -0.4371595 -0.03999996 -0.4371595 0 -0.4371595 -0.03999996 -0.3119603 -0.03999996 -0.3119603 0 -0.4371595 0 -0.3119603 -0.03999996 -0.3119603 0 -0.3119603 -0.03999996 -0.186761 -0.03999996 -0.186761 0 -0.3119603 0 -0.186761 -0.03999996 -0.186761 0 -0.186761 -0.03999996 -0.06156182 -0.03999996 -0.06156182 0 -0.186761 0 -0.06156182 0.03999996 0 0 0 0.03999996 -0.006320059 0.03999996 -0.006320059 0 0 0 -0.006320059 0.03999996 -0.006320059 0 -0.006320059 0.03999996 -0.01264017 0.03999996 -0.01264017 0 -0.006320059 0 -0.01264017 0.03999996 -0.01264017 0 -0.01264017 0.03999996 -0.01896023 0.03999996 -0.01896023 0 -0.01264017 0 -0.01896023 0.03999996 -0.01896023 0 -0.01896023 0.03999996 -0.02528029 0.03999996 -0.02528029 0 -0.01896023 0 -0.02528029 0.03999996 -0.02528029 0 -0.02528029 0.03999996 -0.03160041 0.03999996 -0.03160041 0 -0.02528029 0 -0.03160041 0.03999996 -0.03160041 0 -0.03160041 0.03999996 -0.03792047 0.03999996 -0.03792047 0 -0.03160041 0 -0.03792047 0.03999996 -0.03792047 0 -0.03792047 0.03999996 -0.04424059 0.03999996 -0.04424059 0 -0.03792047 0 -0.04424059 0.03999996 -0.04424059 0 -0.04424059 0.03999996 -0.05056065 0.03999996 -0.05056065 0 -0.04424059 0 -0.05056065 0.03999996 -0.06297278 0 -0.06297278 0.03999996 -0.1831666 0.03999996 -0.1831666 0 -0.06297278 0 -0.1831666 0.03999996 -0.1831666 0 -0.1831666 0.03999996 -0.3033604 0.03999996 -0.3033604 0 -0.1831666 0 -0.3033604 0.03999996 -0.3033604 0 -0.3033604 0.03999996 -0.4235542 0.03999996 -0.4235542 0 -0.3033604 0 -0.4235542 0.03999996 -0.4235542 0 -0.4235542 0.03999996 -0.543748 0.03999996 -0.543748 0 -0.4235542 0 -0.543748 0.03999996 -0.543748 0 -0.543748 0.03999996 -0.6639419 0.03999996 -0.6639419 0 -0.543748 0 -0.6639419 0.03999996 -0.6639419 0 -0.6639419 0.03999996 -0.7841356 0.03999996 -0.7841356 0 -0.6639419 0 -0.7841356 0.03999996 -0.7841356 0 -0.7841356 0.03999996 -0.9043294 0.03999996 -0.9043294 0 -0.7841356 0 -0.9043294 0.03999996 -0.9043294 0 -0.9043294 0.03999996 -1.024523 0.03999996 -1.024523 0 -0.9043294 0 -1.024523 0.03999996 1.178097 0 1.178097 0.03999996 1.112647 0.03999996 1.112647 0 1.178097 0 1.112647 0.03999996 1.112647 0 1.112647 0 1.047198 0 0.9817477 0.03999996 0.9817477 0 1.047198 0 1.047198 0.03999996 0.9817477 0.03999996 1.047198 0 1.047198 0.03999996 1.047198 0.03999996 1.112647 -0.03999996 -0.687558 0 -0.687558 -0.03999996 -0.5623588 -0.03999996 -0.5623588 0 -0.687558 0 -0.5623588 -0.03999996 -0.5623588 0 -0.5623588 -0.03999996 -0.4371595 -0.03999996 -0.4371595 0 -0.5623588 0 -0.4371595 -0.03999996 -0.4371595 0 -0.4371595 -0.03999996 -0.3119603 -0.03999996 -0.3119603 0 -0.4371595 0 -0.3119603 -0.03999996 -0.3119603 0 -0.3119603 -0.03999996 -0.186761 -0.03999996 -0.186761 0 -0.3119603 0 -0.186761 -0.03999996 -0.186761 0 -0.186761 -0.03999996 -0.06156182 -0.03999996 -0.06156182 0 -0.186761 0 -0.06156182 0.03999996 0 0 0 0.03999996 -0.006320059 0.03999996 -0.006320059 0 0 0 -0.006320059 0.03999996 -0.006320059 0 -0.006320059 0.03999996 -0.01264017 0.03999996 -0.01264017 0 -0.006320059 0 -0.01264017 0.03999996 -0.01264017 0 -0.01264017 0.03999996 -0.01896023 0.03999996 -0.01896023 0 -0.01264017 0 -0.01896023 0.03999996 -0.01896023 0 -0.01896023 0.03999996 -0.02528029 0.03999996 -0.02528029 0 -0.01896023 0 -0.02528029 0.03999996 -0.02528029 0 -0.02528029 0.03999996 -0.03160041 0.03999996 -0.03160041 0 -0.02528029 0 -0.03160041 0.03999996 -0.03160041 0 -0.03160041 0.03999996 -0.03792047 0.03999996 -0.03792047 0 -0.03160041 0 -0.03792047 0.03999996 -0.03792047 0 -0.03792047 0.03999996 -0.04424059 0.03999996 -0.04424059 0 -0.03792047 0 -0.04424059 0.03999996 -0.04424059 0 -0.04424059 0.03999996 -0.05056065 0.03999996 -0.05056065 0 -0.04424059 0 -0.05056065 0.03999996 -0.06297278 0 -0.06297278 0.03999996 -0.1831666 0.03999996 -0.1831666 0 -0.06297278 0 -0.1831666 0.03999996 -0.1831666 0 -0.1831666 0.03999996 -0.3033604 0.03999996 -0.3033604 0 -0.1831666 0 -0.3033604 0.03999996 -0.3033604 0 -0.3033604 0.03999996 -0.4235542 0.03999996 -0.4235542 0 -0.3033604 0 -0.4235542 0.03999996 -0.4235542 0 -0.4235542 0.03999996 -0.543748 0.03999996 -0.543748 0 -0.4235542 0 -0.543748 0.03999996 -0.543748 0 -0.543748 0.03999996 -0.6639419 0.03999996 -0.6639419 0 -0.543748 0 -0.6639419 0.03999996 -0.6639419 0 -0.6639419 0.03999996 -0.7841356 0.03999996 -0.7841356 0 -0.6639419 0 -0.7841356 0.03999996 -0.7841356 0 -0.7841356 0.03999996 -0.9043294 0.03999996 -0.9043294 0 -0.7841356 0 -0.9043294 0.03999996 -0.9043294 0 -0.9043294 0.03999996 -1.024523 0.03999996 -1.024523 0 -0.9043294 0 -1.024523 0.03999996 0.5890486 0 0.5890486 0.03999996 0.5235988 0.03999996 0.5235988 0 0.5890486 0 0.5235988 0.03999996 0.5235988 0 0.5235988 0 0.4581489 0 0.3926991 0.03999996 0.3926991 0 0.4581489 0 0.4581489 0.03999996 0.3926991 0.03999996 0.4581489 0 0.4581489 0.03999996 0.4581489 0.03999996 0.5235988 -0.03999996 -0.687558 0 -0.687558 -0.03999996 -0.5623588 -0.03999996 -0.5623588 0 -0.687558 0 -0.5623588 -0.03999996 -0.5623588 0 -0.5623588 -0.03999996 -0.4371595 -0.03999996 -0.4371595 0 -0.5623588 0 -0.4371595 -0.03999996 -0.4371595 0 -0.4371595 -0.03999996 -0.3119603 -0.03999996 -0.3119603 0 -0.4371595 0 -0.3119603 -0.03999996 -0.3119603 0 -0.3119603 -0.03999996 -0.186761 -0.03999996 -0.186761 0 -0.3119603 0 -0.186761 -0.03999996 -0.186761 0 -0.186761 -0.03999996 -0.06156182 -0.03999996 -0.06156182 0 -0.186761 0 -0.06156182 0.03999996 0 0 0 0.03999996 -0.006320059 0.03999996 -0.006320059 0 0 0 -0.006320059 0.03999996 -0.006320059 0 -0.006320059 0.03999996 -0.01264017 0.03999996 -0.01264017 0 -0.006320059 0 -0.01264017 0.03999996 -0.01264017 0 -0.01264017 0.03999996 -0.01896023 0.03999996 -0.01896023 0 -0.01264017 0 -0.01896023 0.03999996 -0.01896023 0 -0.01896023 0.03999996 -0.02528029 0.03999996 -0.02528029 0 -0.01896023 0 -0.02528029 0.03999996 -0.02528029 0 -0.02528029 0.03999996 -0.03160041 0.03999996 -0.03160041 0 -0.02528029 0 -0.03160041 0.03999996 -0.03160041 0 -0.03160041 0.03999996 -0.03792047 0.03999996 -0.03792047 0 -0.03160041 0 -0.03792047 0.03999996 -0.03792047 0 -0.03792047 0.03999996 -0.04424059 0.03999996 -0.04424059 0 -0.03792047 0 -0.04424059 0.03999996 -0.04424059 0 -0.04424059 0.03999996 -0.05056065 0.03999996 -0.05056065 0 -0.04424059 0 -0.05056065 -0.2 0 -0.1891634 -0.06493985 -0.1891634 0.06493985 -0.1891634 0.06493985 -0.1891634 -0.06493985 -0.1578281 0.1228425 -0.1578281 0.1228425 -0.1891634 -0.06493985 -0.1578281 -0.1228425 -0.1578281 0.1228425 -0.1578281 -0.1228425 -0.1093896 0.1674333 -0.1093896 0.1674333 -0.1578281 -0.1228425 -0.1093896 -0.1674333 -0.1093896 0.1674333 -0.1093896 -0.1674333 -0.04909706 0.19388 -0.04909706 0.19388 -0.1093896 -0.1674333 -0.04909706 -0.19388 -0.04909706 0.19388 -0.04909706 -0.19388 0.01651585 0.1993169 0.01651585 0.1993169 -0.04909706 -0.19388 0.01651585 -0.1993169 0.01651585 0.1993169 0.01651585 -0.1993169 0.08033907 0.1831547 0.08033907 0.1831547 0.01651585 -0.1993169 0.1354563 0.1471447 0.1354563 0.1471447 0.01651585 -0.1993169 0.1758947 0.09518945 0.1758947 0.09518945 0.01651585 -0.1993169 0.1972723 0.03291887 0.1972723 0.03291887 0.01651585 -0.1993169 0.1972723 -0.03291887 0.1972723 -0.03291887 0.01651585 -0.1993169 0.1758947 -0.09518945 0.1758947 -0.09518945 0.01651585 -0.1993169 0.1354563 -0.1471447 0.1354563 -0.1471447 0.01651585 -0.1993169 0.08033907 -0.1831547 0 0.1979044 -0.01570796 0.09895217 0 0 0 0 -0.01570796 0.09895217 -0.01570796 -0.09895217 0 0 -0.01570796 -0.09895217 0 -0.1979044 0 -0.1979044 -0.01570796 -0.09895217 -0.01570796 -0.2968566 0 -0.1979044 -0.01570796 -0.2968566 0 -0.3958088 0 -0.3958088 -0.01570796 -0.2968566 -0.01570796 -0.494761 0 -0.3958088 -0.01570796 -0.494761 0 -0.5937132 0 -0.5937132 -0.01570796 -0.494761 -0.01570796 -0.6926653 0 -0.5937132 -0.01570796 -0.6926653 0 -0.7916176 0 -0.7916176 -0.01570796 -0.6926653 -0.01570796 -0.8905698 0 -0.7916176 -0.01570796 -0.8905698 0 -0.989522 0 -0.989522 -0.01570796 -0.8905698 -0.01570796 -1.088474 0 -0.989522 -0.01570796 -1.088474 0 -1.187426 0 -1.187426 -0.01570796 -1.088474 -0.01570796 -1.286378 0 -1.187426 -0.01570796 -1.286378 0 -1.385331 0 -1.385331 -0.01570796 -1.286378 -0.01570796 -1.484283 0 -1.385331 -0.01570796 -1.484283 0 -1.583235 0 -1.583235 -0.01570796 -1.484283 -0.01570796 -1.682187 0 -1.583235 -0.01570796 -1.682187 0 -1.781139 0 -1.781139 -0.01570796 -1.682187 -0.01570796 -1.880092 0 -1.781139 -0.01570796 -1.880092 0 -1.979044 0 -1.979044 -0.01570796 -1.880092 -0.01570796 -2.077996 0 -1.979044 -0.01570796 -2.077996 0 -2.176948 0 -2.176948 -0.01570796 -2.077996 -0.01570796 -2.275901 0 -2.176948 -0.01570796 -2.275901 0 -2.374853 0 -2.374853 -0.01570796 -2.275901 -0.01570796 -2.473805 0 -2.374853 -0.01570796 -2.473805 0 -2.572757 0 -2.572757 -0.01570796 -2.473805 -0.01570796 -2.671709 0 -2.572757 -0.01570796 -2.671709 0 -2.770661 0 -2.770661 -0.01570796 -2.671709 -0.01570796 -2.869614 0 -2.770661 -0.01570796 -2.869614 0 -2.968566 0 -2.968566 -0.01570796 -2.869614 -0.01570796 -3.067518 0 -2.968566 -0.01570796 -3.067518 0 -3.16647 0 -3.16647 -0.01570796 -3.067518 -0.01570796 -3.265422 0 -3.16647 -0.01570796 -3.265422 0 -3.364375 0 -3.364375 -0.01570796 -3.265422 -0.01570796 -3.463327 0 -3.364375 -0.01570796 -3.463327 0 -3.562279 0 -3.562279 -0.01570796 -3.463327 -0.01570796 -3.661231 0 -3.562279 -0.01570796 -3.661231 0 -3.760183 0 -3.760183 -0.01570796 -3.661231 -0.01570796 -3.859136 0 -3.760183 -0.01570796 -3.859136 0 -3.958088 0 -3.958088 -0.01570796 -3.859136 -0.01570796 -4.05704 0 -3.958088 -0.01570796 -4.05704 0 -4.155992 0 -4.155992 -0.01570796 -4.05704 -0.01570796 -4.254944 0 -4.155992 -0.01570796 -4.254944 0 -4.353897 0 -4.353897 -0.01570796 -4.254944 -0.01570796 -4.452849 0 -4.353897 -0.01570796 -4.452849 0 -4.551801 0 -4.551801 -0.01570796 -4.452849 -0.01570796 -4.650753 0 -4.551801 -0.01570796 -4.650753 0 -4.749705 0 -4.749705 -0.01570796 -4.650753 -0.01570796 -4.848658 0 -4.749705 -0.01570796 -4.848658 0 -4.94761 0 -4.94761 -0.01570796 -4.848658 -0.01570796 -5.046562 0 -4.94761 -0.01570796 -5.046562 0 -5.145514 0 -5.145514 -0.01570796 -5.046562 -0.01570796 -5.244466 0 -5.145514 -0.01570796 -5.244466 0 -5.343419 0 -5.343419 -0.01570796 -5.244466 -0.01570796 -5.442371 0 -5.343419 -0.01570796 -5.442371 0 -5.541323 0 -5.541323 -0.01570796 -5.442371 -0.01570796 -5.640275 0 -5.541323 -0.01570796 -5.640275 0 -5.739227 0 5.541323 -0.01570796 5.640275 -0.01570796 5.442371 0 5.541323 -0.01570796 5.442371 0 5.343419 0 5.343419 -0.01570796 5.442371 -0.01570796 5.244466 0 5.343419 -0.01570796 5.244466 0 5.145514 0 5.145514 -0.01570796 5.244466 -0.01570796 5.046562 0 5.145514 -0.01570796 5.046562 0 4.94761 0 4.94761 -0.01570796 5.046562 -0.01570796 4.848658 0 4.94761 -0.01570796 4.848658 0 4.749705 0 4.749705 -0.01570796 4.848658 -0.01570796 4.650753 0 4.749705 -0.01570796 4.650753 0 4.551801 0 4.551801 -0.01570796 4.650753 -0.01570796 4.452849 0 4.551801 -0.01570796 4.452849 0 4.353897 0 4.353897 -0.01570796 4.452849 -0.01570796 4.254944 0 4.353897 -0.01570796 4.254944 0 4.155992 0 4.155992 -0.01570796 4.254944 -0.01570796 4.05704 0 4.155992 -0.01570796 4.05704 0 3.958088 0 3.958088 -0.01570796 4.05704 -0.01570796 3.859136 0 3.958088 -0.01570796 3.859136 0 3.760183 0 3.760183 -0.01570796 3.859136 -0.01570796 3.661231 0 3.760183 -0.01570796 3.661231 0 3.562279 0 3.562279 -0.01570796 3.661231 -0.01570796 3.463327 0 3.562279 -0.01570796 3.463327 0 3.364375 0 3.364375 -0.01570796 3.463327 -0.01570796 3.265422 0 3.364375 -0.01570796 3.265422 0 3.16647 0 3.16647 -0.01570796 3.265422 -0.01570796 3.067518 0 3.16647 -0.01570796 3.067518 0 2.968566 0 2.968566 -0.01570796 3.067518 -0.01570796 2.869614 0 2.968566 -0.01570796 2.869614 0 2.770661 0 2.770661 -0.01570796 2.869614 -0.01570796 2.671709 0 2.770661 -0.01570796 2.671709 0 2.572757 0 2.572757 -0.01570796 2.671709 -0.01570796 2.473805 0 2.572757 -0.01570796 2.473805 0 2.374853 0 2.374853 -0.01570796 2.473805 -0.01570796 2.275901 0 2.374853 -0.01570796 2.275901 0 2.176948 0 2.176948 -0.01570796 2.275901 -0.01570796 2.077996 0 2.176948 -0.01570796 2.077996 0 1.979044 0 1.979044 -0.01570796 2.077996 -0.01570796 1.880092 0 1.979044 -0.01570796 1.880092 0 1.781139 0 1.781139 -0.01570796 1.880092 -0.01570796 1.682187 0 1.781139 -0.01570796 1.682187 0 1.583235 0 1.583235 -0.01570796 1.682187 -0.01570796 1.484283 0 1.583235 -0.01570796 1.484283 0 1.385331 0 1.385331 -0.01570796 1.484283 -0.01570796 1.286378 0 1.385331 -0.01570796 1.286378 0 1.187426 0 1.187426 -0.01570796 1.286378 -0.01570796 1.088474 0 1.187426 -0.01570796 1.088474 0 0.989522 0 0.989522 -0.01570796 1.088474 -0.01570796 0.8905698 0 0.989522 -0.01570796 0.8905698 0 0.7916176 0 0.7916176 -0.01570796 0.8905698 -0.01570796 0.6926653 0 0.7916176 -0.01570796 0.6926653 0 0.5937132 0 0.5937132 -0.01570796 0.6926653 -0.01570796 0.494761 0 0.5937132 -0.01570796 0.494761 0 0.3958088 0 0.3958088 -0.01570796 0.494761 -0.01570796 0.2968566 0 0.3958088 -0.01570796 0.2968566 0 0.1979044 0 0.1979044 -0.01570796 0.2968566 -0.01570796 0.09895217 -0.07853978 -0.2014384 -0.06283181 -0.09895217 -0.07853978 0 -0.07853978 0 -0.06283181 -0.09895217 -0.06283181 0.09895217 -0.07853978 0 -0.06283181 0.09895217 -0.07853978 0.2014384 -0.07853978 0.2014384 -0.06283181 0.09895217 -0.06283181 0.2968566 -0.07853978 0.2014384 -0.06283181 0.2968566 -0.07853978 0.4028768 -0.07853978 0.4028768 -0.06283181 0.2968566 -0.06283181 0.494761 -0.07853978 0.4028768 -0.06283181 0.494761 -0.07853978 0.6043152 -0.07853978 0.6043152 -0.06283181 0.494761 -0.06283181 0.6926653 -0.07853978 0.6043152 -0.06283181 0.6926653 -0.07853978 0.8057536 -0.07853978 0.8057536 -0.06283181 0.6926653 -0.06283181 0.8905698 -0.07853978 0.8057536 -0.06283181 0.8905698 -0.07853978 1.007192 -0.07853978 1.007192 -0.06283181 0.8905698 -0.06283181 1.088474 -0.07853978 1.007192 -0.06283181 1.088474 -0.07853978 1.20863 -0.07853978 1.20863 -0.06283181 1.088474 -0.06283181 1.286378 -0.07853978 1.20863 -0.06283181 1.286378 -0.07853978 1.410069 -0.07853978 1.410069 -0.06283181 1.286378 -0.06283181 1.484283 -0.07853978 1.410069 -0.06283181 1.484283 -0.07853978 1.611507 -0.07853978 1.611507 -0.06283181 1.484283 -0.06283181 1.682187 -0.07853978 1.611507 -0.06283181 1.682187 -0.07853978 1.812946 -0.07853978 1.812946 -0.06283181 1.682187 -0.06283181 1.880092 -0.07853978 1.812946 -0.06283181 1.880092 -0.07853978 2.014384 -0.07853978 2.014384 -0.06283181 1.880092 -0.06283181 2.077996 -0.07853978 2.014384 -0.06283181 2.077996 -0.07853978 2.215822 -0.07853978 2.215822 -0.06283181 2.077996 -0.06283181 2.275901 -0.07853978 2.215822 -0.06283181 2.275901 -0.07853978 2.417261 -0.07853978 2.417261 -0.06283181 2.275901 -0.06283181 2.473805 -0.07853978 2.417261 -0.06283181 2.473805 -0.07853978 2.618699 -0.07853978 2.618699 -0.06283181 2.473805 -0.06283181 2.671709 -0.07853978 2.618699 -0.06283181 2.671709 -0.07853978 2.820137 -0.07853978 2.820137 -0.06283181 2.671709 -0.06283181 2.869614 -0.07853978 2.820137 -0.06283181 2.869614 -0.07853978 3.021576 -0.07853978 3.021576 -0.06283181 2.869614 -0.06283181 3.067518 -0.07853978 3.021576 -0.06283181 3.067518 -0.07853978 3.223014 -0.07853978 3.223014 -0.06283181 3.067518 -0.06283181 3.265422 -0.07853978 3.223014 -0.06283181 3.265422 -0.07853978 3.424453 -0.07853978 3.424453 -0.06283181 3.265422 -0.06283181 3.463327 -0.07853978 3.424453 -0.06283181 3.463327 -0.07853978 3.625891 -0.07853978 3.625891 -0.06283181 3.463327 -0.06283181 3.661231 -0.07853978 3.625891 -0.06283181 3.661231 -0.07853978 3.82733 -0.07853978 3.82733 -0.06283181 3.661231 -0.06283181 3.859136 -0.07853978 3.82733 -0.06283181 3.859136 -0.07853978 4.028768 -0.07853978 4.028768 -0.06283181 3.859136 -0.06283181 4.05704 -0.07853978 4.028768 -0.06283181 4.05704 -0.07853978 4.230206 -0.07853978 4.230206 -0.06283181 4.05704 -0.06283181 4.254944 -0.07853978 4.230206 -0.06283181 4.254944 -0.07853978 4.431645 -0.07853978 4.431645 -0.06283181 4.254944 -0.06283181 4.452849 -0.07853978 4.431645 -0.06283181 4.452849 -0.07853978 4.633083 -0.07853978 4.633083 -0.06283181 4.452849 -0.06283181 4.650753 -0.07853978 4.633083 -0.06283181 4.650753 -0.07853978 4.834522 -0.07853978 4.834522 -0.06283181 4.650753 -0.06283181 4.848658 -0.07853978 4.834522 -0.06283181 4.848658 -0.07853978 5.03596 -0.07853978 5.03596 -0.06283181 4.848658 -0.06283181 5.046562 -0.07853978 5.03596 -0.06283181 5.046562 -0.07853978 5.237398 -0.07853978 5.237398 -0.06283181 5.046562 -0.06283181 5.244466 -0.07853978 5.237398 -0.06283181 5.244466 -0.07853978 5.438837 -0.07853978 5.438837 -0.06283181 5.244466 -0.06283181 5.442371 -0.07853978 5.438837 -0.06283181 5.442371 -0.07853978 5.640275 -0.07853978 5.640275 -0.06283181 5.442371 -0.06283181 5.640275 -0.07853978 -5.640275 -0.06283181 -5.640275 -0.06283181 -5.442371 -0.06283181 -5.442371 -0.06283181 -5.640275 -0.04712384 -5.640275 -0.06283181 -5.442371 -0.04712384 -5.640275 -0.04712384 -5.442371 -0.04712384 -5.442371 -0.04712384 -5.640275 -0.03141587 -5.640275 -0.04712384 -5.442371 -0.03141587 -5.640275 -0.03141587 -5.442371 -0.03141587 -5.442371 -0.03141587 -5.640275 -0.01570796 -5.640275 -0.03141587 -5.442371 -0.01570796 -5.640275 -0.01570796 -5.442371 -0.06283181 -0.09895217 -0.07853978 -0.2014384 -0.06283181 -0.2968566 -0.06283181 -0.2968566 -0.07853978 -0.2014384 -0.07853978 -0.4028768 -0.06283181 -0.2968566 -0.07853978 -0.4028768 -0.06283181 -0.494761 -0.06283181 -0.494761 -0.07853978 -0.4028768 -0.07853978 -0.6043152 -0.06283181 -0.494761 -0.07853978 -0.6043152 -0.06283181 -0.6926653 -0.06283181 -0.6926653 -0.07853978 -0.6043152 -0.07853978 -0.8057536 -0.06283181 -0.6926653 -0.07853978 -0.8057536 -0.06283181 -0.8905698 -0.06283181 -0.8905698 -0.07853978 -0.8057536 -0.07853978 -1.007192 -0.06283181 -0.8905698 -0.07853978 -1.007192 -0.06283181 -1.088474 -0.06283181 -1.088474 -0.07853978 -1.007192 -0.07853978 -1.20863 -0.06283181 -1.088474 -0.07853978 -1.20863 -0.06283181 -1.286378 -0.06283181 -1.286378 -0.07853978 -1.20863 -0.07853978 -1.410069 -0.06283181 -1.286378 -0.07853978 -1.410069 -0.06283181 -1.484283 -0.06283181 -1.484283 -0.07853978 -1.410069 -0.07853978 -1.611507 -0.06283181 -1.484283 -0.07853978 -1.611507 -0.06283181 -1.682187 -0.06283181 -1.682187 -0.07853978 -1.611507 -0.07853978 -1.812946 -0.06283181 -1.682187 -0.07853978 -1.812946 -0.06283181 -1.880092 -0.06283181 -1.880092 -0.07853978 -1.812946 -0.07853978 -2.014384 -0.06283181 -1.880092 -0.07853978 -2.014384 -0.06283181 -2.077996 -0.06283181 -2.077996 -0.07853978 -2.014384 -0.07853978 -2.215822 -0.06283181 -2.077996 -0.07853978 -2.215822 -0.06283181 -2.275901 -0.06283181 -2.275901 -0.07853978 -2.215822 -0.07853978 -2.417261 -0.06283181 -2.275901 -0.07853978 -2.417261 -0.06283181 -2.473805 -0.06283181 -2.473805 -0.07853978 -2.417261 -0.07853978 -2.618699 -0.06283181 -2.473805 -0.07853978 -2.618699 -0.06283181 -2.671709 -0.06283181 -2.671709 -0.07853978 -2.618699 -0.07853978 -2.820137 -0.06283181 -2.671709 -0.07853978 -2.820137 -0.06283181 -2.869614 -0.06283181 -2.869614 -0.07853978 -2.820137 -0.07853978 -3.021576 -0.06283181 -2.869614 -0.07853978 -3.021576 -0.06283181 -3.067518 -0.06283181 -3.067518 -0.07853978 -3.021576 -0.07853978 -3.223014 -0.06283181 -3.067518 -0.07853978 -3.223014 -0.06283181 -3.265422 -0.06283181 -3.265422 -0.07853978 -3.223014 -0.07853978 -3.424453 -0.06283181 -3.265422 -0.07853978 -3.424453 -0.06283181 -3.463327 -0.06283181 -3.463327 -0.07853978 -3.424453 -0.07853978 -3.625891 -0.06283181 -3.463327 -0.07853978 -3.625891 -0.06283181 -3.661231 -0.06283181 -3.661231 -0.07853978 -3.625891 -0.07853978 -3.82733 -0.06283181 -3.661231 -0.07853978 -3.82733 -0.06283181 -3.859136 -0.06283181 -3.859136 -0.07853978 -3.82733 -0.07853978 -4.028768 -0.06283181 -3.859136 -0.07853978 -4.028768 -0.06283181 -4.05704 -0.06283181 -4.05704 -0.07853978 -4.028768 -0.07853978 -4.230206 -0.06283181 -4.05704 -0.07853978 -4.230206 -0.06283181 -4.254944 -0.06283181 -4.254944 -0.07853978 -4.230206 -0.07853978 -4.431645 -0.06283181 -4.254944 -0.07853978 -4.431645 -0.06283181 -4.452849 -0.06283181 -4.452849 -0.07853978 -4.431645 -0.07853978 -4.633083 -0.06283181 -4.452849 -0.07853978 -4.633083 -0.06283181 -4.650753 -0.06283181 -4.650753 -0.07853978 -4.633083 -0.07853978 -4.834522 -0.06283181 -4.650753 -0.07853978 -4.834522 -0.06283181 -4.848658 -0.06283181 -4.848658 -0.07853978 -4.834522 -0.07853978 -5.03596 -0.06283181 -4.848658 -0.07853978 -5.03596 -0.06283181 -5.046562 -0.06283181 -5.046562 -0.07853978 -5.03596 -0.07853978 -5.237398 -0.06283181 -5.046562 -0.07853978 -5.237398 -0.06283181 -5.244466 -0.06283181 -5.244466 -0.07853978 -5.237398 -0.07853978 -5.438837 -0.06283181 -5.244466 -0.07853978 -5.438837 -0.06283181 -5.442371 -0.06283181 -5.442371 -0.07853978 -5.438837 -0.07853978 -5.640275 -0.01570796 5.640275 -0.03141587 5.640275 -0.01570796 5.442371 -0.01570796 5.442371 -0.03141587 5.640275 -0.03141587 5.442371 -0.01570796 5.442371 -0.03141587 5.442371 -0.01570796 5.244466 -0.01570796 5.244466 -0.03141587 5.442371 -0.03141587 5.244466 -0.01570796 5.244466 -0.03141587 5.244466 -0.01570796 5.046562 -0.01570796 5.046562 -0.03141587 5.244466 -0.03141587 5.046562 -0.01570796 5.046562 -0.03141587 5.046562 -0.01570796 4.848658 -0.01570796 4.848658 -0.03141587 5.046562 -0.03141587 4.848658 -0.01570796 4.848658 -0.03141587 4.848658 -0.01570796 4.650753 -0.01570796 4.650753 -0.03141587 4.848658 -0.03141587 4.650753 -0.01570796 4.650753 -0.03141587 4.650753 -0.01570796 4.452849 -0.01570796 4.452849 -0.03141587 4.650753 -0.03141587 4.452849 -0.01570796 4.452849 -0.03141587 4.452849 -0.01570796 4.254944 -0.01570796 4.254944 -0.03141587 4.452849 -0.03141587 4.254944 -0.01570796 4.254944 -0.03141587 4.254944 -0.01570796 4.05704 -0.01570796 4.05704 -0.03141587 4.254944 -0.03141587 4.05704 -0.01570796 4.05704 -0.03141587 4.05704 -0.01570796 3.859136 -0.01570796 3.859136 -0.03141587 4.05704 -0.03141587 3.859136 -0.01570796 3.859136 -0.03141587 3.859136 -0.01570796 3.661231 -0.01570796 3.661231 -0.03141587 3.859136 -0.03141587 3.661231 -0.01570796 3.661231 -0.03141587 3.661231 -0.01570796 3.463327 -0.01570796 3.463327 -0.03141587 3.661231 -0.03141587 3.463327 -0.01570796 3.463327 -0.03141587 3.463327 -0.01570796 3.265422 -0.01570796 3.265422 -0.03141587 3.463327 -0.03141587 3.265422 -0.01570796 3.265422 -0.03141587 3.265422 -0.01570796 3.067518 -0.01570796 3.067518 -0.03141587 3.265422 -0.03141587 3.067518 -0.01570796 3.067518 -0.03141587 3.067518 -0.01570796 2.869614 -0.01570796 2.869614 -0.03141587 3.067518 -0.03141587 2.869614 -0.01570796 2.869614 -0.03141587 2.869614 -0.01570796 2.671709 -0.01570796 2.671709 -0.03141587 2.869614 -0.03141587 2.671709 -0.01570796 2.671709 -0.03141587 2.671709 -0.01570796 2.473805 -0.01570796 2.473805 -0.03141587 2.671709 -0.03141587 2.473805 -0.01570796 2.473805 -0.03141587 2.473805 -0.01570796 2.275901 -0.01570796 2.275901 -0.03141587 2.473805 -0.03141587 2.275901 -0.01570796 2.275901 -0.03141587 2.275901 -0.01570796 2.077996 -0.01570796 2.077996 -0.03141587 2.275901 -0.03141587 2.077996 -0.01570796 2.077996 -0.03141587 2.077996 -0.01570796 1.880092 -0.01570796 1.880092 -0.03141587 2.077996 -0.03141587 1.880092 -0.01570796 1.880092 -0.03141587 1.880092 -0.01570796 1.682187 -0.01570796 1.682187 -0.03141587 1.880092 -0.03141587 1.682187 -0.01570796 1.682187 -0.03141587 1.682187 -0.01570796 1.484283 -0.01570796 1.484283 -0.03141587 1.682187 -0.03141587 1.484283 -0.01570796 1.484283 -0.03141587 1.484283 -0.01570796 1.286378 -0.01570796 1.286378 -0.03141587 1.484283 -0.03141587 1.286378 -0.01570796 1.286378 -0.03141587 1.286378 -0.01570796 1.088474 -0.01570796 1.088474 -0.03141587 1.286378 -0.03141587 1.088474 -0.01570796 1.088474 -0.03141587 1.088474 -0.01570796 0.8905698 -0.01570796 0.8905698 -0.03141587 1.088474 -0.03141587 0.8905698 -0.01570796 0.8905698 -0.03141587 0.8905698 -0.01570796 0.6926653 -0.01570796 0.6926653 -0.03141587 0.8905698 -0.03141587 0.6926653 -0.01570796 0.6926653 -0.03141587 0.6926653 -0.01570796 0.494761 -0.01570796 0.494761 -0.03141587 0.6926653 -0.03141587 0.494761 -0.01570796 0.494761 -0.03141587 0.494761 -0.01570796 0.2968566 -0.01570796 0.2968566 -0.03141587 0.494761 -0.03141587 0.2968566 -0.01570796 0.2968566 -0.03141587 0.2968566 -0.01570796 0.09895217 -0.01570796 0.09895217 -0.03141587 0.2968566 -0.03141587 0.09895217 -0.01570796 0.09895217 -0.03141587 0.09895217 -0.01570796 -0.09895217 -0.01570796 -0.09895217 -0.03141587 0.09895217 -0.03141587 -0.09895217 -0.01570796 -0.09895217 -0.03141587 -0.09895217 -0.01570796 -0.2968566 -0.01570796 -0.2968566 -0.03141587 -0.09895217 -0.03141587 -0.2968566 -0.01570796 -0.2968566 -0.03141587 -0.2968566 -0.01570796 -0.494761 -0.01570796 -0.494761 -0.03141587 -0.2968566 -0.03141587 -0.494761 -0.01570796 -0.494761 -0.03141587 -0.494761 -0.01570796 -0.6926653 -0.01570796 -0.6926653 -0.03141587 -0.494761 -0.03141587 -0.6926653 -0.01570796 -0.6926653 -0.03141587 -0.6926653 -0.01570796 -0.8905698 -0.01570796 -0.8905698 -0.03141587 -0.6926653 -0.03141587 -0.8905698 -0.01570796 -0.8905698 -0.03141587 -0.8905698 -0.01570796 -1.088474 -0.01570796 -1.088474 -0.03141587 -0.8905698 -0.03141587 -1.088474 -0.01570796 -1.088474 -0.03141587 -1.088474 -0.01570796 -1.286378 -0.01570796 -1.286378 -0.03141587 -1.088474 -0.03141587 -1.286378 -0.01570796 -1.286378 -0.03141587 -1.286378 -0.01570796 -1.484283 -0.01570796 -1.484283 -0.03141587 -1.286378 -0.03141587 -1.484283 -0.01570796 -1.484283 -0.03141587 -1.484283 -0.01570796 -1.682187 -0.01570796 -1.682187 -0.03141587 -1.484283 -0.03141587 -1.682187 -0.01570796 -1.682187 -0.03141587 -1.682187 -0.01570796 -1.880092 -0.01570796 -1.880092 -0.03141587 -1.682187 -0.03141587 -1.880092 -0.01570796 -1.880092 -0.03141587 -1.880092 -0.01570796 -2.077996 -0.01570796 -2.077996 -0.03141587 -1.880092 -0.03141587 -2.077996 -0.01570796 -2.077996 -0.03141587 -2.077996 -0.01570796 -2.275901 -0.01570796 -2.275901 -0.03141587 -2.077996 -0.03141587 -2.275901 -0.01570796 -2.275901 -0.03141587 -2.275901 -0.01570796 -2.473805 -0.01570796 -2.473805 -0.03141587 -2.275901 -0.03141587 -2.473805 -0.01570796 -2.473805 -0.03141587 -2.473805 -0.01570796 -2.671709 -0.01570796 -2.671709 -0.03141587 -2.473805 -0.03141587 -2.671709 -0.01570796 -2.671709 -0.03141587 -2.671709 -0.01570796 -2.869614 -0.01570796 -2.869614 -0.03141587 -2.671709 -0.03141587 -2.869614 -0.01570796 -2.869614 -0.03141587 -2.869614 -0.01570796 -3.067518 -0.01570796 -3.067518 -0.03141587 -2.869614 -0.03141587 -3.067518 -0.01570796 -3.067518 -0.03141587 -3.067518 -0.01570796 -3.265422 -0.01570796 -3.265422 -0.03141587 -3.067518 -0.03141587 -3.265422 -0.01570796 -3.265422 -0.03141587 -3.265422 -0.01570796 -3.463327 -0.01570796 -3.463327 -0.03141587 -3.265422 -0.03141587 -3.463327 -0.01570796 -3.463327 -0.03141587 -3.463327 -0.01570796 -3.661231 -0.01570796 -3.661231 -0.03141587 -3.463327 -0.03141587 -3.661231 -0.01570796 -3.661231 -0.03141587 -3.661231 -0.01570796 -3.859136 -0.01570796 -3.859136 -0.03141587 -3.661231 -0.03141587 -3.859136 -0.01570796 -3.859136 -0.03141587 -3.859136 -0.01570796 -4.05704 -0.01570796 -4.05704 -0.03141587 -3.859136 -0.03141587 -4.05704 -0.01570796 -4.05704 -0.03141587 -4.05704 -0.01570796 -4.254944 -0.01570796 -4.254944 -0.03141587 -4.05704 -0.03141587 -4.254944 -0.01570796 -4.254944 -0.03141587 -4.254944 -0.01570796 -4.452849 -0.01570796 -4.452849 -0.03141587 -4.254944 -0.03141587 -4.452849 -0.01570796 -4.452849 -0.03141587 -4.452849 -0.01570796 -4.650753 -0.01570796 -4.650753 -0.03141587 -4.452849 -0.03141587 -4.650753 -0.01570796 -4.650753 -0.03141587 -4.650753 -0.01570796 -4.848658 -0.01570796 -4.848658 -0.03141587 -4.650753 -0.03141587 -4.848658 -0.01570796 -4.848658 -0.03141587 -4.848658 -0.01570796 -5.046562 -0.01570796 -5.046562 -0.03141587 -4.848658 -0.03141587 -5.046562 -0.01570796 -5.046562 -0.03141587 -5.046562 -0.01570796 -5.244466 -0.01570796 -5.244466 -0.03141587 -5.046562 -0.03141587 -5.244466 -0.01570796 -5.244466 -0.03141587 -5.244466 -0.01570796 -5.442371 -0.01570796 -5.442371 -0.03141587 -5.244466 -0.03141587 -5.442371 -0.03141587 5.640275 -0.04712384 5.640275 -0.03141587 5.442371 -0.03141587 5.442371 -0.04712384 5.640275 -0.04712384 5.442371 -0.03141587 5.442371 -0.04712384 5.442371 -0.03141587 5.244466 -0.03141587 5.244466 -0.04712384 5.442371 -0.04712384 5.244466 -0.03141587 5.244466 -0.04712384 5.244466 -0.04712384 5.046562 -0.03141587 5.244466 -0.04712384 5.046562 -0.03141587 5.046562 -0.03141587 5.046562 -0.04712384 5.046562 -0.04712384 4.848658 -0.03141587 5.046562 -0.04712384 4.848658 -0.03141587 4.848658 -0.03141587 4.848658 -0.04712384 4.848658 -0.04712384 4.650753 -0.03141587 4.848658 -0.04712384 4.650753 -0.03141587 4.650753 -0.03141587 4.650753 -0.04712384 4.650753 -0.04712384 4.452849 -0.03141587 4.650753 -0.04712384 4.452849 -0.03141587 4.452849 -0.03141587 4.452849 -0.04712384 4.452849 -0.04712384 4.254944 -0.03141587 4.452849 -0.04712384 4.254944 -0.03141587 4.254944 -0.03141587 4.254944 -0.04712384 4.254944 -0.04712384 4.05704 -0.03141587 4.254944 -0.04712384 4.05704 -0.03141587 4.05704 -0.03141587 4.05704 -0.04712384 4.05704 -0.04712384 3.859136 -0.03141587 4.05704 -0.04712384 3.859136 -0.03141587 3.859136 -0.03141587 3.859136 -0.04712384 3.859136 -0.04712384 3.661231 -0.03141587 3.859136 -0.04712384 3.661231 -0.03141587 3.661231 -0.03141587 3.661231 -0.04712384 3.661231 -0.04712384 3.463327 -0.03141587 3.661231 -0.04712384 3.463327 -0.03141587 3.463327 -0.03141587 3.463327 -0.04712384 3.463327 -0.04712384 3.265422 -0.03141587 3.463327 -0.04712384 3.265422 -0.03141587 3.265422 -0.03141587 3.265422 -0.04712384 3.265422 -0.04712384 3.067518 -0.03141587 3.265422 -0.04712384 3.067518 -0.03141587 3.067518 -0.03141587 3.067518 -0.04712384 3.067518 -0.04712384 2.869614 -0.03141587 3.067518 -0.04712384 2.869614 -0.03141587 2.869614 -0.03141587 2.869614 -0.04712384 2.869614 -0.04712384 2.671709 -0.03141587 2.869614 -0.04712384 2.671709 -0.03141587 2.671709 -0.03141587 2.671709 -0.04712384 2.671709 -0.04712384 2.473805 -0.03141587 2.671709 -0.04712384 2.473805 -0.03141587 2.473805 -0.03141587 2.473805 -0.04712384 2.473805 -0.04712384 2.275901 -0.03141587 2.473805 -0.04712384 2.275901 -0.03141587 2.275901 -0.03141587 2.275901 -0.04712384 2.275901 -0.04712384 2.077996 -0.03141587 2.275901 -0.04712384 2.077996 -0.03141587 2.077996 -0.03141587 2.077996 -0.04712384 2.077996 -0.04712384 1.880092 -0.03141587 2.077996 -0.04712384 1.880092 -0.03141587 1.880092 -0.03141587 1.880092 -0.04712384 1.880092 -0.04712384 1.682187 -0.03141587 1.880092 -0.04712384 1.682187 -0.03141587 1.682187 -0.03141587 1.682187 -0.04712384 1.682187 -0.04712384 1.484283 -0.03141587 1.682187 -0.04712384 1.484283 -0.03141587 1.484283 -0.03141587 1.484283 -0.04712384 1.484283 -0.04712384 1.286378 -0.03141587 1.484283 -0.04712384 1.286378 -0.03141587 1.286378 -0.03141587 1.286378 -0.04712384 1.286378 -0.04712384 1.088474 -0.03141587 1.286378 -0.04712384 1.088474 -0.03141587 1.088474 -0.03141587 1.088474 -0.04712384 1.088474 -0.04712384 0.8905698 -0.03141587 1.088474 -0.04712384 0.8905698 -0.03141587 0.8905698 -0.03141587 0.8905698 -0.04712384 0.8905698 -0.04712384 0.6926653 -0.03141587 0.8905698 -0.04712384 0.6926653 -0.03141587 0.6926653 -0.03141587 0.6926653 -0.04712384 0.6926653 -0.04712384 0.494761 -0.03141587 0.6926653 -0.04712384 0.494761 -0.03141587 0.494761 -0.03141587 0.494761 -0.04712384 0.494761 -0.04712384 0.2968566 -0.03141587 0.494761 -0.04712384 0.2968566 -0.03141587 0.2968566 -0.03141587 0.2968566 -0.04712384 0.2968566 -0.04712384 0.09895217 -0.03141587 0.2968566 -0.04712384 0.09895217 -0.03141587 0.09895217 -0.03141587 0.09895217 -0.04712384 0.09895217 -0.04712384 -0.09895217 -0.03141587 0.09895217 -0.04712384 -0.09895217 -0.03141587 -0.09895217 -0.03141587 -0.09895217 -0.04712384 -0.09895217 -0.04712384 -0.2968566 -0.03141587 -0.09895217 -0.04712384 -0.2968566 -0.03141587 -0.2968566 -0.03141587 -0.2968566 -0.04712384 -0.2968566 -0.04712384 -0.494761 -0.03141587 -0.2968566 -0.04712384 -0.494761 -0.03141587 -0.494761 -0.03141587 -0.494761 -0.04712384 -0.494761 -0.04712384 -0.6926653 -0.03141587 -0.494761 -0.04712384 -0.6926653 -0.03141587 -0.6926653 -0.03141587 -0.6926653 -0.04712384 -0.6926653 -0.04712384 -0.8905698 -0.03141587 -0.6926653 -0.04712384 -0.8905698 -0.03141587 -0.8905698 -0.03141587 -0.8905698 -0.04712384 -0.8905698 -0.04712384 -1.088474 -0.03141587 -0.8905698 -0.04712384 -1.088474 -0.03141587 -1.088474 -0.03141587 -1.088474 -0.04712384 -1.088474 -0.04712384 -1.286378 -0.03141587 -1.088474 -0.04712384 -1.286378 -0.03141587 -1.286378 -0.03141587 -1.286378 -0.04712384 -1.286378 -0.04712384 -1.484283 -0.03141587 -1.286378 -0.04712384 -1.484283 -0.03141587 -1.484283 -0.03141587 -1.484283 -0.04712384 -1.484283 -0.04712384 -1.682187 -0.03141587 -1.484283 -0.04712384 -1.682187 -0.03141587 -1.682187 -0.03141587 -1.682187 -0.04712384 -1.682187 -0.04712384 -1.880092 -0.03141587 -1.682187 -0.04712384 -1.880092 -0.03141587 -1.880092 -0.03141587 -1.880092 -0.04712384 -1.880092 -0.04712384 -2.077996 -0.03141587 -1.880092 -0.04712384 -2.077996 -0.03141587 -2.077996 -0.03141587 -2.077996 -0.04712384 -2.077996 -0.04712384 -2.275901 -0.03141587 -2.077996 -0.04712384 -2.275901 -0.03141587 -2.275901 -0.03141587 -2.275901 -0.04712384 -2.275901 -0.04712384 -2.473805 -0.03141587 -2.275901 -0.04712384 -2.473805 -0.03141587 -2.473805 -0.03141587 -2.473805 -0.04712384 -2.473805 -0.04712384 -2.671709 -0.03141587 -2.473805 -0.04712384 -2.671709 -0.03141587 -2.671709 -0.03141587 -2.671709 -0.04712384 -2.671709 -0.04712384 -2.869614 -0.03141587 -2.671709 -0.04712384 -2.869614 -0.03141587 -2.869614 -0.03141587 -2.869614 -0.04712384 -2.869614 -0.04712384 -3.067518 -0.03141587 -2.869614 -0.04712384 -3.067518 -0.03141587 -3.067518 -0.03141587 -3.067518 -0.04712384 -3.067518 -0.04712384 -3.265422 -0.03141587 -3.067518 -0.04712384 -3.265422 -0.03141587 -3.265422 -0.03141587 -3.265422 -0.04712384 -3.265422 -0.04712384 -3.463327 -0.03141587 -3.265422 -0.04712384 -3.463327 -0.03141587 -3.463327 -0.03141587 -3.463327 -0.04712384 -3.463327 -0.04712384 -3.661231 -0.03141587 -3.463327 -0.04712384 -3.661231 -0.03141587 -3.661231 -0.03141587 -3.661231 -0.04712384 -3.661231 -0.04712384 -3.859136 -0.03141587 -3.661231 -0.04712384 -3.859136 -0.03141587 -3.859136 -0.03141587 -3.859136 -0.04712384 -3.859136 -0.04712384 -4.05704 -0.03141587 -3.859136 -0.04712384 -4.05704 -0.03141587 -4.05704 -0.03141587 -4.05704 -0.04712384 -4.05704 -0.04712384 -4.254944 -0.03141587 -4.05704 -0.04712384 -4.254944 -0.03141587 -4.254944 -0.03141587 -4.254944 -0.04712384 -4.254944 -0.04712384 -4.452849 -0.03141587 -4.254944 -0.04712384 -4.452849 -0.03141587 -4.452849 -0.03141587 -4.452849 -0.04712384 -4.452849 -0.04712384 -4.650753 -0.03141587 -4.452849 -0.04712384 -4.650753 -0.03141587 -4.650753 -0.03141587 -4.650753 -0.04712384 -4.650753 -0.04712384 -4.848658 -0.03141587 -4.650753 -0.04712384 -4.848658 -0.03141587 -4.848658 -0.03141587 -4.848658 -0.04712384 -4.848658 -0.04712384 -5.046562 -0.03141587 -4.848658 -0.04712384 -5.046562 -0.03141587 -5.046562 -0.03141587 -5.046562 -0.04712384 -5.046562 -0.04712384 -5.244466 -0.03141587 -5.046562 -0.04712384 -5.244466 -0.03141587 -5.244466 -0.03141587 -5.244466 -0.04712384 -5.244466 -0.03141587 -5.442371 -0.03141587 -5.442371 -0.04712384 -5.244466 -0.04712384 -5.442371 -0.04712384 5.640275 -0.06283181 5.640275 -0.04712384 5.442371 -0.04712384 5.442371 -0.06283181 5.640275 -0.06283181 5.442371 -0.04712384 5.442371 -0.06283181 5.442371 -0.04712384 5.244466 -0.04712384 5.244466 -0.06283181 5.442371 -0.06283181 5.244466 -0.04712384 5.244466 -0.06283181 5.244466 -0.04712384 5.046562 -0.04712384 5.046562 -0.06283181 5.244466 -0.06283181 5.046562 -0.04712384 5.046562 -0.06283181 5.046562 -0.04712384 4.848658 -0.04712384 4.848658 -0.06283181 5.046562 -0.06283181 4.848658 -0.04712384 4.848658 -0.06283181 4.848658 -0.04712384 4.650753 -0.04712384 4.650753 -0.06283181 4.848658 -0.06283181 4.650753 -0.04712384 4.650753 -0.06283181 4.650753 -0.04712384 4.452849 -0.04712384 4.452849 -0.06283181 4.650753 -0.06283181 4.452849 -0.04712384 4.452849 -0.06283181 4.452849 -0.04712384 4.254944 -0.04712384 4.254944 -0.06283181 4.452849 -0.06283181 4.254944 -0.04712384 4.254944 -0.06283181 4.254944 -0.04712384 4.05704 -0.04712384 4.05704 -0.06283181 4.254944 -0.06283181 4.05704 -0.04712384 4.05704 -0.06283181 4.05704 -0.04712384 3.859136 -0.04712384 3.859136 -0.06283181 4.05704 -0.06283181 3.859136 -0.04712384 3.859136 -0.06283181 3.859136 -0.04712384 3.661231 -0.04712384 3.661231 -0.06283181 3.859136 -0.06283181 3.661231 -0.04712384 3.661231 -0.06283181 3.661231 -0.04712384 3.463327 -0.04712384 3.463327 -0.06283181 3.661231 -0.06283181 3.463327 -0.04712384 3.463327 -0.06283181 3.463327 -0.04712384 3.265422 -0.04712384 3.265422 -0.06283181 3.463327 -0.06283181 3.265422 -0.04712384 3.265422 -0.06283181 3.265422 -0.04712384 3.067518 -0.04712384 3.067518 -0.06283181 3.265422 -0.06283181 3.067518 -0.04712384 3.067518 -0.06283181 3.067518 -0.04712384 2.869614 -0.04712384 2.869614 -0.06283181 3.067518 -0.06283181 2.869614 -0.04712384 2.869614 -0.06283181 2.869614 -0.04712384 2.671709 -0.04712384 2.671709 -0.06283181 2.869614 -0.06283181 2.671709 -0.04712384 2.671709 -0.06283181 2.671709 -0.04712384 2.473805 -0.04712384 2.473805 -0.06283181 2.671709 -0.06283181 2.473805 -0.04712384 2.473805 -0.06283181 2.473805 -0.04712384 2.275901 -0.04712384 2.275901 -0.06283181 2.473805 -0.06283181 2.275901 -0.04712384 2.275901 -0.06283181 2.275901 -0.04712384 2.077996 -0.04712384 2.077996 -0.06283181 2.275901 -0.06283181 2.077996 -0.04712384 2.077996 -0.06283181 2.077996 -0.04712384 1.880092 -0.04712384 1.880092 -0.06283181 2.077996 -0.06283181 1.880092 -0.04712384 1.880092 -0.06283181 1.880092 -0.04712384 1.682187 -0.04712384 1.682187 -0.06283181 1.880092 -0.06283181 1.682187 -0.04712384 1.682187 -0.06283181 1.682187 -0.04712384 1.484283 -0.04712384 1.484283 -0.06283181 1.682187 -0.06283181 1.484283 -0.04712384 1.484283 -0.06283181 1.484283 -0.04712384 1.286378 -0.04712384 1.286378 -0.06283181 1.484283 -0.06283181 1.286378 -0.04712384 1.286378 -0.06283181 1.286378 -0.04712384 1.088474 -0.04712384 1.088474 -0.06283181 1.286378 -0.06283181 1.088474 -0.04712384 1.088474 -0.06283181 1.088474 -0.04712384 0.8905698 -0.04712384 0.8905698 -0.06283181 1.088474 -0.06283181 0.8905698 -0.04712384 0.8905698 -0.06283181 0.8905698 -0.04712384 0.6926653 -0.04712384 0.6926653 -0.06283181 0.8905698 -0.06283181 0.6926653 -0.04712384 0.6926653 -0.06283181 0.6926653 -0.04712384 0.494761 -0.04712384 0.494761 -0.06283181 0.6926653 -0.06283181 0.494761 -0.04712384 0.494761 -0.06283181 0.494761 -0.04712384 0.2968566 -0.04712384 0.2968566 -0.06283181 0.494761 -0.06283181 0.2968566 -0.04712384 0.2968566 -0.06283181 0.2968566 -0.04712384 0.09895217 -0.04712384 0.09895217 -0.06283181 0.2968566 -0.06283181 0.09895217 -0.04712384 0.09895217 -0.06283181 0.09895217 -0.04712384 -0.09895217 -0.04712384 -0.09895217 -0.06283181 0.09895217 -0.06283181 -0.09895217 -0.04712384 -0.09895217 -0.06283181 -0.09895217 -0.04712384 -0.2968566 -0.04712384 -0.2968566 -0.06283181 -0.09895217 -0.06283181 -0.2968566 -0.04712384 -0.2968566 -0.06283181 -0.2968566 -0.04712384 -0.494761 -0.04712384 -0.494761 -0.06283181 -0.2968566 -0.06283181 -0.494761 -0.04712384 -0.494761 -0.06283181 -0.494761 -0.04712384 -0.6926653 -0.04712384 -0.6926653 -0.06283181 -0.494761 -0.06283181 -0.6926653 -0.04712384 -0.6926653 -0.06283181 -0.6926653 -0.04712384 -0.8905698 -0.04712384 -0.8905698 -0.06283181 -0.6926653 -0.06283181 -0.8905698 -0.04712384 -0.8905698 -0.06283181 -0.8905698 -0.04712384 -1.088474 -0.04712384 -1.088474 -0.06283181 -0.8905698 -0.06283181 -1.088474 -0.04712384 -1.088474 -0.06283181 -1.088474 -0.04712384 -1.286378 -0.04712384 -1.286378 -0.06283181 -1.088474 -0.06283181 -1.286378 -0.04712384 -1.286378 -0.06283181 -1.286378 -0.04712384 -1.484283 -0.04712384 -1.484283 -0.06283181 -1.286378 -0.06283181 -1.484283 -0.04712384 -1.484283 -0.06283181 -1.484283 -0.04712384 -1.682187 -0.04712384 -1.682187 -0.06283181 -1.484283 -0.06283181 -1.682187 -0.04712384 -1.682187 -0.06283181 -1.682187 -0.04712384 -1.880092 -0.04712384 -1.880092 -0.06283181 -1.682187 -0.06283181 -1.880092 -0.04712384 -1.880092 -0.06283181 -1.880092 -0.04712384 -2.077996 -0.04712384 -2.077996 -0.06283181 -1.880092 -0.06283181 -2.077996 -0.04712384 -2.077996 -0.06283181 -2.077996 -0.04712384 -2.275901 -0.04712384 -2.275901 -0.06283181 -2.077996 -0.06283181 -2.275901 -0.04712384 -2.275901 -0.06283181 -2.275901 -0.04712384 -2.473805 -0.04712384 -2.473805 -0.06283181 -2.275901 -0.06283181 -2.473805 -0.04712384 -2.473805 -0.06283181 -2.473805 -0.04712384 -2.671709 -0.04712384 -2.671709 -0.06283181 -2.473805 -0.06283181 -2.671709 -0.04712384 -2.671709 -0.06283181 -2.671709 -0.04712384 -2.869614 -0.04712384 -2.869614 -0.06283181 -2.671709 -0.06283181 -2.869614 -0.04712384 -2.869614 -0.06283181 -2.869614 -0.04712384 -3.067518 -0.04712384 -3.067518 -0.06283181 -2.869614 -0.06283181 -3.067518 -0.04712384 -3.067518 -0.06283181 -3.067518 -0.04712384 -3.265422 -0.04712384 -3.265422 -0.06283181 -3.067518 -0.06283181 -3.265422 -0.04712384 -3.265422 -0.06283181 -3.265422 -0.04712384 -3.463327 -0.04712384 -3.463327 -0.06283181 -3.265422 -0.06283181 -3.463327 -0.04712384 -3.463327 -0.06283181 -3.463327 -0.04712384 -3.661231 -0.04712384 -3.661231 -0.06283181 -3.463327 -0.06283181 -3.661231 -0.04712384 -3.661231 -0.06283181 -3.661231 -0.04712384 -3.859136 -0.04712384 -3.859136 -0.06283181 -3.661231 -0.06283181 -3.859136 -0.04712384 -3.859136 -0.06283181 -3.859136 -0.04712384 -4.05704 -0.04712384 -4.05704 -0.06283181 -3.859136 -0.06283181 -4.05704 -0.04712384 -4.05704 -0.06283181 -4.05704 -0.04712384 -4.254944 -0.04712384 -4.254944 -0.06283181 -4.05704 -0.06283181 -4.254944 -0.04712384 -4.254944 -0.06283181 -4.254944 -0.04712384 -4.452849 -0.04712384 -4.452849 -0.06283181 -4.254944 -0.06283181 -4.452849 -0.04712384 -4.452849 -0.06283181 -4.452849 -0.04712384 -4.650753 -0.04712384 -4.650753 -0.06283181 -4.452849 -0.06283181 -4.650753 -0.04712384 -4.650753 -0.06283181 -4.650753 -0.04712384 -4.848658 -0.04712384 -4.848658 -0.06283181 -4.650753 -0.06283181 -4.848658 -0.04712384 -4.848658 -0.06283181 -4.848658 -0.04712384 -5.046562 -0.04712384 -5.046562 -0.06283181 -4.848658 -0.06283181 -5.046562 -0.04712384 -5.046562 -0.06283181 -5.046562 -0.04712384 -5.244466 -0.04712384 -5.244466 -0.06283181 -5.046562 -0.06283181 -5.244466 -0.04712384 -5.244466 -0.06283181 -5.244466 -0.04712384 -5.442371 -0.04712384 -5.442371 -0.06283181 -5.244466 -0.06283181 -5.442371 0 -5.486764 -1.225 -5.486764 0 -5.686283 0 -5.686283 -1.225 -5.486764 -1.225 -5.686283 0 5.686283 -1.225 5.686283 0 5.486764 0 5.486764 -1.225 5.686283 -1.225 5.486764 0 5.486764 -1.225 5.486764 0 5.287245 0 5.287245 -1.225 5.486764 -1.225 5.287245 0 5.287245 -1.225 5.287245 0 5.087727 0 5.087727 -1.225 5.287245 -1.225 5.087727 0 5.087727 -1.225 5.087727 0 4.888208 0 4.888208 -1.225 5.087727 -1.225 4.888208 0 4.888208 -1.225 4.888208 0 4.688689 0 4.688689 -1.225 4.888208 -1.225 4.688689 0 4.688689 -1.225 4.688689 0 4.489171 0 4.489171 -1.225 4.688689 -1.225 4.489171 0 4.489171 -1.225 4.489171 0 4.289652 0 4.289652 -1.225 4.489171 -1.225 4.289652 0 4.289652 -1.225 4.289652 0 4.090133 0 4.090133 -1.225 4.289652 -1.225 4.090133 0 4.090133 -1.225 4.090133 0 3.890614 0 3.890614 -1.225 4.090133 -1.225 3.890614 0 3.890614 -1.225 3.890614 0 3.691096 0 3.691096 -1.225 3.890614 -1.225 3.691096 0 3.691096 -1.225 3.691096 0 3.491577 0 3.491577 -1.225 3.691096 -1.225 3.491577 0 3.491577 -1.225 3.491577 0 3.292058 0 3.292058 -1.225 3.491577 -1.225 3.292058 0 3.292058 -1.225 3.292058 0 3.09254 0 3.09254 -1.225 3.292058 -1.225 3.09254 0 3.09254 -1.225 3.09254 0 2.893021 0 2.893021 -1.225 3.09254 -1.225 2.893021 0 2.893021 -1.225 2.893021 0 2.693502 0 2.693502 -1.225 2.893021 -1.225 2.693502 0 2.693502 -1.225 2.693502 0 2.493984 0 2.493984 -1.225 2.693502 -1.225 2.493984 0 2.493984 -1.225 2.493984 0 2.294465 0 2.294465 -1.225 2.493984 -1.225 2.294465 0 2.294465 -1.225 2.294465 0 2.094946 0 2.094946 -1.225 2.294465 -1.225 2.094946 0 2.094946 -1.225 2.094946 0 1.895428 0 1.895428 -1.225 2.094946 -1.225 1.895428 0 1.895428 -1.225 1.895428 0 1.695909 0 1.695909 -1.225 1.895428 -1.225 1.695909 0 1.695909 -1.225 1.695909 0 1.49639 0 1.49639 -1.225 1.695909 -1.225 1.49639 0 1.49639 -1.225 1.49639 0 1.296872 0 1.296872 -1.225 1.49639 -1.225 1.296872 0 1.296872 -1.225 1.296872 0 1.097353 0 1.097353 -1.225 1.296872 -1.225 1.097353 0 1.097353 -1.225 1.097353 0 0.8978341 0 0.8978341 -1.225 1.097353 -1.225 0.8978341 0 0.8978341 -1.225 0.8978341 0 0.6983155 0 0.6983155 -1.225 0.8978341 -1.225 0.6983155 0 0.6983155 -1.225 0.6983155 0 0.4987967 0 0.4987967 -1.225 0.6983155 -1.225 0.4987967 0 0.4987967 -1.225 0.4987967 0 0.299278 0 0.299278 -1.225 0.4987967 -1.225 0.299278 0 0.299278 -1.225 0.299278 0 0.09975934 0 0.09975934 -1.225 0.299278 -1.225 0.09975934 0 0.09975934 -1.225 0.09975934 0 -0.09975934 0 -0.09975934 -1.225 0.09975934 -1.225 -0.09975934 0 -0.09975934 -1.225 -0.09975934 0 -0.299278 0 -0.299278 -1.225 -0.09975934 -1.225 -0.299278 0 -0.299278 -1.225 -0.299278 0 -0.4987967 0 -0.4987967 -1.225 -0.299278 -1.225 -0.4987967 0 -0.4987967 -1.225 -0.4987967 0 -0.6983155 0 -0.6983155 -1.225 -0.4987967 -1.225 -0.6983155 0 -0.6983155 -1.225 -0.6983155 0 -0.8978341 0 -0.8978341 -1.225 -0.6983155 -1.225 -0.8978341 0 -0.8978341 -1.225 -0.8978341 0 -1.097353 0 -1.097353 -1.225 -0.8978341 -1.225 -1.097353 0 -1.097353 -1.225 -1.097353 0 -1.296872 0 -1.296872 -1.225 -1.097353 -1.225 -1.296872 0 -1.296872 -1.225 -1.296872 0 -1.49639 0 -1.49639 -1.225 -1.296872 -1.225 -1.49639 0 -1.49639 -1.225 -1.49639 0 -1.695909 0 -1.695909 -1.225 -1.49639 -1.225 -1.695909 0 -1.695909 -1.225 -1.695909 0 -1.895428 0 -1.895428 -1.225 -1.695909 -1.225 -1.895428 0 -1.895428 -1.225 -1.895428 0 -2.094946 0 -2.094946 -1.225 -1.895428 -1.225 -2.094946 0 -2.094946 -1.225 -2.094946 0 -2.294465 0 -2.294465 -1.225 -2.094946 -1.225 -2.294465 0 -2.294465 -1.225 -2.294465 0 -2.493984 0 -2.493984 -1.225 -2.294465 -1.225 -2.493984 0 -2.493984 -1.225 -2.493984 0 -2.693502 0 -2.693502 -1.225 -2.493984 -1.225 -2.693502 0 -2.693502 -1.225 -2.693502 0 -2.893021 0 -2.893021 -1.225 -2.693502 -1.225 -2.893021 0 -2.893021 -1.225 -2.893021 0 -3.09254 0 -3.09254 -1.225 -2.893021 -1.225 -3.09254 0 -3.09254 -1.225 -3.09254 0 -3.292058 0 -3.292058 -1.225 -3.09254 -1.225 -3.292058 0 -3.292058 -1.225 -3.292058 0 -3.491577 0 -3.491577 -1.225 -3.292058 -1.225 -3.491577 0 -3.491577 -1.225 -3.491577 0 -3.691096 0 -3.691096 -1.225 -3.491577 -1.225 -3.691096 0 -3.691096 -1.225 -3.691096 0 -3.890614 0 -3.890614 -1.225 -3.691096 -1.225 -3.890614 0 -3.890614 -1.225 -3.890614 0 -4.090133 0 -4.090133 -1.225 -3.890614 -1.225 -4.090133 0 -4.090133 -1.225 -4.090133 0 -4.289652 0 -4.289652 -1.225 -4.090133 -1.225 -4.289652 0 -4.289652 -1.225 -4.289652 0 -4.489171 0 -4.489171 -1.225 -4.289652 -1.225 -4.489171 0 -4.489171 -1.225 -4.489171 0 -4.688689 0 -4.688689 -1.225 -4.489171 -1.225 -4.688689 0 -4.688689 -1.225 -4.688689 0 -4.888208 0 -4.888208 -1.225 -4.688689 -1.225 -4.888208 0 -4.888208 -1.225 -4.888208 0 -5.087727 0 -5.087727 -1.225 -4.888208 -1.225 -5.087727 0 -5.087727 -1.225 -5.087727 0 -5.287245 0 -5.287245 -1.225 -5.087727 -1.225 -5.287245 0 -5.287245 -1.225 -5.287245 0 -5.486764 0 -5.486764 -1.225 -5.287245 -1.225 -5.486764 0.75 0 0.8447513 -0.07376706 0.747146 0.0653668 0.747146 0.0653668 0.8447513 -0.07376706 0.8476721 0.2157777 0.747146 0.0653668 0.8476721 0.2157777 0.7386058 0.1302361 0.7386058 0.1302361 0.8476721 0.2157777 0.7244444 0.1941143 0.927394 -0.1608853 1.097393 0.212337 0.8447513 -0.07376706 0.8447513 -0.07376706 1.097393 0.212337 0.9726405 0.2218838 0.8447513 -0.07376706 0.9726405 0.2218838 0.8476721 0.2157777 1.097393 0.212337 0.927394 -0.1608853 1.219977 0.1872868 1.219977 0.1872868 0.927394 -0.1608853 0.996066 -0.2593919 1.219977 0.1872868 0.996066 -0.2593919 1.338474 0.1471253 1.338474 0.1471253 0.996066 -0.2593919 1.3446 0.145682 1.3446 0.145682 0.996066 -0.2593919 1.04922 -0.3670675 1.3446 0.145682 1.04922 -0.3670675 1.350871 0.1462141 1.350871 0.1462141 1.04922 -0.3670675 1.748933 -0.1970574 1.350871 0.1462141 1.748933 -0.1970574 1.356667 0.1486687 1.356667 0.1486687 1.748933 -0.1970574 1.76 0 1.356667 0.1486687 1.76 0 1.361412 0.1528028 1.361412 0.1528028 1.76 0 1.364638 0.158207 1.364638 0.158207 1.76 0 1.748933 0.1970574 1.364638 0.158207 1.748933 0.1970574 1.366025 0.1643462 1.366025 0.1643462 1.748933 0.1970574 1.365435 0.1706123 1.365435 0.1706123 1.748933 0.1970574 1.362927 0.1763849 1.362927 0.1763849 1.748933 0.1970574 1.715873 0.3916369 1.362927 0.1763849 1.715873 0.3916369 1.290928 0.2724867 1.290928 0.2724867 1.715873 0.3916369 1.661235 0.5812911 1.290928 0.2724867 1.661235 0.5812911 1.205356 0.3567293 1.205356 0.3567293 1.661235 0.5812911 1.585705 0.7636354 1.205356 0.3567293 1.585705 0.7636354 1.108139 0.4272147 1.108139 0.4272147 1.585705 0.7636354 1.490235 0.9363765 1.108139 0.4272147 1.490235 0.9363765 1.001467 0.4823548 1.001467 0.4823548 1.490235 0.9363765 1.376023 1.097342 1.001467 0.4823548 1.376023 1.097342 0.8518213 1.058599 0.8518213 1.058599 1.376023 1.097342 0.8541836 1.064433 0.8541836 1.064433 1.376023 1.097342 1.244508 1.244508 0.8541836 1.064433 1.244508 1.244508 0.8546161 1.070712 0.8546161 1.070712 1.244508 1.244508 0.8530757 1.076814 0.8530757 1.076814 1.244508 1.244508 1.097342 1.376023 0.8530757 1.076814 1.097342 1.376023 0.8497152 1.082136 0.8497152 1.082136 1.097342 1.376023 0.8448673 1.08615 0.8448673 1.08615 1.097342 1.376023 0.8390121 1.088458 0.8390121 1.088458 1.097342 1.376023 0.9363765 1.490235 0.8390121 1.088458 0.9363765 1.490235 0.720147 1.105501 0.720147 1.105501 0.9363765 1.490235 0.7636354 1.585705 0.720147 1.105501 0.7636354 1.585705 0.6000698 1.104561 0.6000698 1.104561 0.7636354 1.585705 0.5812911 1.661235 0.6000698 1.104561 0.5812911 1.661235 0.4814861 1.085659 0.4814861 1.085659 0.5812911 1.661235 0.3916369 1.715873 0.4814861 1.085659 0.3916369 1.715873 0.3670675 1.04922 0.3670675 1.04922 0.3916369 1.715873 0.1970574 1.748933 0.3670675 1.04922 0.1970574 1.748933 -0.1462141 1.350871 -0.1462141 1.350871 0.1970574 1.748933 -0.1486687 1.356667 -0.1486687 1.356667 0.1970574 1.748933 0 1.76 -0.1486687 1.356667 0 1.76 -0.1528028 1.361412 -0.1528028 1.361412 0 1.76 -0.158207 1.364638 -0.158207 1.364638 0 1.76 -0.1970574 1.748933 -0.158207 1.364638 -0.1970574 1.748933 -0.1643462 1.366025 -0.1643462 1.366025 -0.1970574 1.748933 -0.1706123 1.365435 -0.1706123 1.365435 -0.1970574 1.748933 -0.1763849 1.362927 -0.1763849 1.362927 -0.1970574 1.748933 -0.3916369 1.715873 -0.1763849 1.362927 -0.3916369 1.715873 -0.2724867 1.290928 -0.2724867 1.290928 -0.3916369 1.715873 -0.5812911 1.661235 -0.2724867 1.290928 -0.5812911 1.661235 -0.3567293 1.205356 -0.3567293 1.205356 -0.5812911 1.661235 -0.7636354 1.585705 -0.3567293 1.205356 -0.7636354 1.585705 -0.4272147 1.108139 -0.4272147 1.108139 -0.7636354 1.585705 -0.9363765 1.490235 -0.4272147 1.108139 -0.9363765 1.490235 -0.4823548 1.001467 -0.4823548 1.001467 -0.9363765 1.490235 -1.097342 1.376023 -0.4823548 1.001467 -1.097342 1.376023 -1.058599 0.8518213 -1.058599 0.8518213 -1.097342 1.376023 -1.064433 0.8541836 -1.064433 0.8541836 -1.097342 1.376023 -1.244508 1.244508 -1.064433 0.8541836 -1.244508 1.244508 -1.070712 0.8546161 -1.070712 0.8546161 -1.244508 1.244508 -1.076814 0.8530757 -1.076814 0.8530757 -1.244508 1.244508 -1.376023 1.097342 -1.076814 0.8530757 -1.376023 1.097342 -1.082136 0.8497152 -1.082136 0.8497152 -1.376023 1.097342 -1.08615 0.8448673 -1.08615 0.8448673 -1.376023 1.097342 -1.088458 0.8390121 -1.088458 0.8390121 -1.376023 1.097342 -1.490235 0.9363765 -1.088458 0.8390121 -1.490235 0.9363765 -1.105501 0.720147 -1.105501 0.720147 -1.490235 0.9363765 -1.585705 0.7636354 -1.105501 0.720147 -1.585705 0.7636354 -1.104561 0.6000698 -1.104561 0.6000698 -1.585705 0.7636354 -1.661235 0.5812911 -1.104561 0.6000698 -1.661235 0.5812911 -1.085659 0.4814861 -1.085659 0.4814861 -1.661235 0.5812911 -1.715873 0.3916369 -1.085659 0.4814861 -1.715873 0.3916369 -1.04922 0.3670675 -1.04922 0.3670675 -1.715873 0.3916369 -1.748933 0.1970574 -1.04922 0.3670675 -1.748933 0.1970574 -1.350871 -0.1462141 -1.350871 -0.1462141 -1.748933 0.1970574 -1.356667 -0.1486687 -1.356667 -0.1486687 -1.748933 0.1970574 -1.76 0 -1.356667 -0.1486687 -1.76 0 -1.361412 -0.1528028 -1.361412 -0.1528028 -1.76 0 -1.364638 -0.158207 -1.364638 -0.158207 -1.76 0 -1.748933 -0.1970574 -1.364638 -0.158207 -1.748933 -0.1970574 -1.366025 -0.1643462 -1.366025 -0.1643462 -1.748933 -0.1970574 -1.365435 -0.1706123 -1.365435 -0.1706123 -1.748933 -0.1970574 -1.362927 -0.1763849 -1.362927 -0.1763849 -1.748933 -0.1970574 -1.715873 -0.3916369 -1.362927 -0.1763849 -1.715873 -0.3916369 -1.290928 -0.2724867 -1.290928 -0.2724867 -1.715873 -0.3916369 -1.661235 -0.5812911 -1.290928 -0.2724867 -1.661235 -0.5812911 -1.205356 -0.3567293 -1.205356 -0.3567293 -1.661235 -0.5812911 -1.585705 -0.7636354 -1.205356 -0.3567293 -1.585705 -0.7636354 -1.108139 -0.4272147 -1.108139 -0.4272147 -1.585705 -0.7636354 -1.490235 -0.9363765 -1.108139 -0.4272147 -1.490235 -0.9363765 -1.001467 -0.4823548 -1.001467 -0.4823548 -1.490235 -0.9363765 -1.376023 -1.097342 -1.001467 -0.4823548 -1.376023 -1.097342 -0.8518213 -1.058599 -0.8518213 -1.058599 -1.376023 -1.097342 -0.8541836 -1.064433 -0.8541836 -1.064433 -1.376023 -1.097342 -1.244508 -1.244508 -0.8541836 -1.064433 -1.244508 -1.244508 -0.8546161 -1.070712 -0.8546161 -1.070712 -1.244508 -1.244508 -0.8530757 -1.076814 -0.8530757 -1.076814 -1.244508 -1.244508 -1.097342 -1.376023 -0.8530757 -1.076814 -1.097342 -1.376023 -0.8497152 -1.082136 -0.8497152 -1.082136 -1.097342 -1.376023 -0.8448673 -1.08615 -0.8448673 -1.08615 -1.097342 -1.376023 -0.8390121 -1.088458 -0.8390121 -1.088458 -1.097342 -1.376023 -0.9363765 -1.490235 -0.8390121 -1.088458 -0.9363765 -1.490235 -0.720147 -1.105501 -0.720147 -1.105501 -0.9363765 -1.490235 -0.7636354 -1.585705 -0.720147 -1.105501 -0.7636354 -1.585705 -0.6000698 -1.104561 -0.6000698 -1.104561 -0.7636354 -1.585705 -0.5812911 -1.661235 -0.6000698 -1.104561 -0.5812911 -1.661235 -0.4814861 -1.085659 -0.4814861 -1.085659 -0.5812911 -1.661235 -0.3916369 -1.715873 -0.4814861 -1.085659 -0.3916369 -1.715873 -0.3670675 -1.04922 -0.3670675 -1.04922 -0.3916369 -1.715873 -0.1970574 -1.748933 -0.3670675 -1.04922 -0.1970574 -1.748933 0.1462141 -1.350871 0.1462141 -1.350871 -0.1970574 -1.748933 0.1486687 -1.356667 0.1486687 -1.356667 -0.1970574 -1.748933 0 -1.76 0.1486687 -1.356667 0 -1.76 0.1528028 -1.361412 0.1528028 -1.361412 0 -1.76 0.158207 -1.364638 0.158207 -1.364638 0 -1.76 0.1970574 -1.748933 0.158207 -1.364638 0.1970574 -1.748933 0.1643462 -1.366025 0.1643462 -1.366025 0.1970574 -1.748933 0.1706123 -1.365435 0.1706123 -1.365435 0.1970574 -1.748933 0.1763849 -1.362927 0.1763849 -1.362927 0.1970574 -1.748933 0.3916369 -1.715873 0.1763849 -1.362927 0.3916369 -1.715873 0.2724867 -1.290928 0.2724867 -1.290928 0.3916369 -1.715873 0.5812911 -1.661235 0.2724867 -1.290928 0.5812911 -1.661235 0.3567293 -1.205356 0.3567293 -1.205356 0.5812911 -1.661235 0.7636354 -1.585705 0.3567293 -1.205356 0.7636354 -1.585705 0.4272147 -1.108139 0.4272147 -1.108139 0.7636354 -1.585705 0.9363765 -1.490235 0.4272147 -1.108139 0.9363765 -1.490235 0.4823548 -1.001467 0.4823548 -1.001467 0.9363765 -1.490235 1.097342 -1.376023 0.4823548 -1.001467 1.097342 -1.376023 1.058599 -0.8518213 1.058599 -0.8518213 1.097342 -1.376023 1.064433 -0.8541836 1.064433 -0.8541836 1.097342 -1.376023 1.244508 -1.244508 1.064433 -0.8541836 1.244508 -1.244508 1.070712 -0.8546161 1.070712 -0.8546161 1.244508 -1.244508 1.076814 -0.8530757 1.076814 -0.8530757 1.244508 -1.244508 1.376023 -1.097342 1.076814 -0.8530757 1.376023 -1.097342 1.082136 -0.8497152 1.082136 -0.8497152 1.376023 -1.097342 1.08615 -0.8448673 1.08615 -0.8448673 1.376023 -1.097342 1.088458 -0.8390121 1.088458 -0.8390121 1.376023 -1.097342 1.490235 -0.9363765 1.088458 -0.8390121 1.490235 -0.9363765 1.105501 -0.720147 1.105501 -0.720147 1.490235 -0.9363765 1.585705 -0.7636354 1.105501 -0.720147 1.585705 -0.7636354 1.104561 -0.6000698 1.104561 -0.6000698 1.585705 -0.7636354 1.661235 -0.5812911 1.104561 -0.6000698 1.661235 -0.5812911 1.085659 -0.4814861 1.085659 -0.4814861 1.661235 -0.5812911 1.715873 -0.3916369 1.085659 -0.4814861 1.715873 -0.3916369 1.04922 -0.3670675 1.04922 -0.3670675 1.715873 -0.3916369 1.748933 -0.1970574 1.058599 -0.8518213 1.053789 -0.847763 0.4823548 -1.001467 0.4823548 -1.001467 1.053789 -0.847763 0.5209072 -0.8877428 0.5209072 -0.8877428 1.053789 -0.847763 1.050477 -0.8424107 0.5209072 -0.8877428 1.050477 -0.8424107 0.9950861 -0.7302225 0.5209072 -0.8877428 0.9950861 -0.7302225 0.5420035 -0.7695297 0.5420035 -0.7695297 0.9950861 -0.7302225 0.9261192 -0.6258292 0.5420035 -0.7695297 0.9261192 -0.6258292 0.5451682 -0.6494906 0.5451682 -0.6494906 0.9261192 -0.6258292 0.8446563 -0.5308651 0.5451682 -0.6494906 0.8446563 -0.5308651 0.7519726 -0.4468168 0.649519 -0.375 0.614364 -0.4301823 0.7519726 -0.4468168 0.7519726 -0.4468168 0.614364 -0.4301823 0.5745334 -0.4820907 0.7519726 -0.4468168 0.5745334 -0.4820907 0.5451682 -0.6494906 0.5451682 -0.6494906 0.5745334 -0.4820907 0.5303301 -0.5303301 0.1462141 -1.350871 0.145682 -1.3446 -0.3670675 -1.04922 -0.3670675 -1.04922 0.145682 -1.3446 -0.2593919 -0.996066 -0.2593919 -0.996066 0.145682 -1.3446 0.1471253 -1.338474 -0.2593919 -0.996066 0.1471253 -1.338474 0.1872868 -1.219977 -0.2593919 -0.996066 0.1872868 -1.219977 -0.1608853 -0.927394 -0.1608853 -0.927394 0.1872868 -1.219977 0.212337 -1.097393 -0.1608853 -0.927394 0.212337 -1.097393 -0.07376706 -0.8447513 -0.07376706 -0.8447513 0.212337 -1.097393 0.2218838 -0.9726405 -0.07376706 -0.8447513 0.2218838 -0.9726405 0.2157777 -0.8476721 0.1941143 -0.7244444 0.1302361 -0.7386058 0.2157777 -0.8476721 0.2157777 -0.8476721 0.1302361 -0.7386058 0.0653668 -0.747146 0.2157777 -0.8476721 0.0653668 -0.747146 -0.07376706 -0.8447513 -0.07376706 -0.8447513 0.0653668 -0.747146 0 -0.75 -0.8518213 -1.058599 -0.847763 -1.053789 -1.001467 -0.4823548 -1.001467 -0.4823548 -0.847763 -1.053789 -0.8877428 -0.5209072 -0.8877428 -0.5209072 -0.847763 -1.053789 -0.8424107 -1.050477 -0.8877428 -0.5209072 -0.8424107 -1.050477 -0.7302225 -0.9950861 -0.8877428 -0.5209072 -0.7302225 -0.9950861 -0.7695297 -0.5420035 -0.7695297 -0.5420035 -0.7302225 -0.9950861 -0.6258292 -0.9261192 -0.7695297 -0.5420035 -0.6258292 -0.9261192 -0.6494906 -0.5451682 -0.6494906 -0.5451682 -0.6258292 -0.9261192 -0.5308651 -0.8446563 -0.6494906 -0.5451682 -0.5308651 -0.8446563 -0.4468168 -0.7519726 -0.375 -0.649519 -0.4301823 -0.614364 -0.4468168 -0.7519726 -0.4468168 -0.7519726 -0.4301823 -0.614364 -0.4820907 -0.5745334 -0.4468168 -0.7519726 -0.4820907 -0.5745334 -0.6494906 -0.5451682 -0.6494906 -0.5451682 -0.4820907 -0.5745334 -0.5303301 -0.5303301 -1.350871 -0.1462141 -1.3446 -0.145682 -1.04922 0.3670675 -1.04922 0.3670675 -1.3446 -0.145682 -0.996066 0.2593919 -0.996066 0.2593919 -1.3446 -0.145682 -1.338474 -0.1471253 -0.996066 0.2593919 -1.338474 -0.1471253 -1.219977 -0.1872868 -0.996066 0.2593919 -1.219977 -0.1872868 -0.927394 0.1608853 -0.927394 0.1608853 -1.219977 -0.1872868 -1.097393 -0.212337 -0.927394 0.1608853 -1.097393 -0.212337 -0.8447513 0.07376706 -0.8447513 0.07376706 -1.097393 -0.212337 -0.9726405 -0.2218838 -0.8447513 0.07376706 -0.9726405 -0.2218838 -0.8476721 -0.2157777 -0.7244444 -0.1941143 -0.7386058 -0.1302361 -0.8476721 -0.2157777 -0.8476721 -0.2157777 -0.7386058 -0.1302361 -0.747146 -0.0653668 -0.8476721 -0.2157777 -0.747146 -0.0653668 -0.8447513 0.07376706 -0.8447513 0.07376706 -0.747146 -0.0653668 -0.75 0 -1.058599 0.8518213 -1.053789 0.847763 -0.4823548 1.001467 -0.4823548 1.001467 -1.053789 0.847763 -0.5209072 0.8877428 -0.5209072 0.8877428 -1.053789 0.847763 -1.050477 0.8424107 -0.5209072 0.8877428 -1.050477 0.8424107 -0.9950861 0.7302225 -0.5209072 0.8877428 -0.9950861 0.7302225 -0.5420035 0.7695297 -0.5420035 0.7695297 -0.9950861 0.7302225 -0.9261192 0.6258292 -0.5420035 0.7695297 -0.9261192 0.6258292 -0.5451682 0.6494906 -0.5451682 0.6494906 -0.9261192 0.6258292 -0.8446563 0.5308651 -0.5451682 0.6494906 -0.8446563 0.5308651 -0.7519726 0.4468168 -0.649519 0.375 -0.614364 0.4301823 -0.7519726 0.4468168 -0.7519726 0.4468168 -0.614364 0.4301823 -0.5745334 0.4820907 -0.7519726 0.4468168 -0.5745334 0.4820907 -0.5451682 0.6494906 -0.5451682 0.6494906 -0.5745334 0.4820907 -0.5303301 0.5303301 -0.1462141 1.350871 -0.145682 1.3446 0.3670675 1.04922 0.3670675 1.04922 -0.145682 1.3446 0.2593919 0.996066 0.2593919 0.996066 -0.145682 1.3446 -0.1471253 1.338474 0.2593919 0.996066 -0.1471253 1.338474 -0.1872868 1.219977 0.2593919 0.996066 -0.1872868 1.219977 0.1608853 0.927394 0.1608853 0.927394 -0.1872868 1.219977 -0.212337 1.097393 0.1608853 0.927394 -0.212337 1.097393 0.07376706 0.8447513 0.07376706 0.8447513 -0.212337 1.097393 -0.2218838 0.9726405 0.07376706 0.8447513 -0.2218838 0.9726405 -0.2157777 0.8476721 -0.1941143 0.7244444 -0.1302361 0.7386058 -0.2157777 0.8476721 -0.2157777 0.8476721 -0.1302361 0.7386058 -0.0653668 0.747146 -0.2157777 0.8476721 -0.0653668 0.747146 0.07376706 0.8447513 0.07376706 0.8447513 -0.0653668 0.747146 0 0.75 0.8518213 1.058599 0.847763 1.053789 1.001467 0.4823548 1.001467 0.4823548 0.847763 1.053789 0.8877428 0.5209072 0.8877428 0.5209072 0.847763 1.053789 0.8424107 1.050477 0.8877428 0.5209072 0.8424107 1.050477 0.7302225 0.9950861 0.8877428 0.5209072 0.7302225 0.9950861 0.7695297 0.5420035 0.7695297 0.5420035 0.7302225 0.9950861 0.6258292 0.9261192 0.7695297 0.5420035 0.6258292 0.9261192 0.6494906 0.5451682 0.6494906 0.5451682 0.6258292 0.9261192 0.5308651 0.8446563 0.6494906 0.5451682 0.5308651 0.8446563 0.4468168 0.7519726 0.375 0.649519 0.4301823 0.614364 0.4468168 0.7519726 0.4468168 0.7519726 0.4301823 0.614364 0.4820907 0.5745334 0.4468168 0.7519726 0.4820907 0.5745334 0.6494906 0.5451682 0.6494906 0.5451682 0.4820907 0.5745334 0.5303301 0.5303301 -1.921481 -1.744705 -1.896506 -1.805 -1.93 -1.68 -1.93 -1.68 -1.896506 -1.805 -1.856777 -1.856777 -1.93 -1.68 -1.856777 -1.856777 -1.805 -1.896506 -1.805 -1.896506 -1.744705 -1.921481 -1.93 -1.68 -1.93 -1.68 -1.744705 -1.921481 -1.68 -1.93 -1.93 -1.68 -1.68 -1.93 -1.3205 1.254981 -1.3205 1.254981 -1.68 -1.93 1.241795 -1.348778 -1.3205 1.254981 1.241795 -1.348778 1.272878 -1.294941 1.68 -1.93 1.3205 -1.565019 -1.68 -1.93 -1.68 -1.93 1.3205 -1.565019 1.272878 -1.525059 -1.68 -1.93 1.272878 -1.525059 1.241795 -1.471222 1.744705 -1.921481 1.547122 -1.525059 1.68 -1.93 1.68 -1.93 1.547122 -1.525059 1.4995 -1.565019 1.68 -1.93 1.4995 -1.565019 1.441083 -1.586281 1.744705 -1.921481 1.805 -1.896506 1.547122 -1.525059 1.547122 -1.525059 1.805 -1.896506 1.856777 -1.856777 1.547122 -1.525059 1.856777 -1.856777 1.896506 -1.805 1.896506 -1.805 1.921481 -1.744705 1.547122 -1.525059 1.547122 -1.525059 1.921481 -1.744705 1.93 -1.68 1.547122 -1.525059 1.93 -1.68 1.578205 -1.471222 1.578205 -1.471222 1.93 -1.68 1.589 -1.41 1.589 -1.41 1.93 -1.68 1.578205 -1.348778 1.578205 -1.348778 1.93 -1.68 1.547122 -1.294941 1.547122 -1.294941 1.93 -1.68 1.93 1.68 1.547122 -1.294941 1.93 1.68 1.4995 -1.254981 1.4995 -1.254981 1.93 1.68 1.441083 -1.233719 1.441083 -1.233719 1.93 1.68 1.378917 -1.233719 1.378917 -1.233719 1.93 1.68 1.3205 -1.254981 1.3205 -1.254981 1.93 1.68 1.68 1.93 1.3205 -1.254981 1.68 1.93 -1.241795 1.348778 -1.241795 1.348778 1.68 1.93 -1.231 1.41 -1.231 1.41 1.68 1.93 -1.241795 1.471222 -1.241795 1.471222 1.68 1.93 -1.272878 1.525059 -1.272878 1.525059 1.68 1.93 -1.3205 1.565019 -1.3205 1.565019 1.68 1.93 -1.68 1.93 -1.3205 1.565019 -1.68 1.93 -1.378917 1.586281 -1.378917 1.586281 -1.68 1.93 -1.441083 1.586281 -1.441083 1.586281 -1.68 1.93 -1.4995 1.565019 -1.4995 1.565019 -1.68 1.93 -1.547122 1.525059 -1.547122 1.525059 -1.68 1.93 -1.744705 1.921481 -1.547122 1.525059 -1.744705 1.921481 -1.805 1.896506 1.93 1.68 1.921481 1.744705 1.68 1.93 1.68 1.93 1.921481 1.744705 1.896506 1.805 1.68 1.93 1.896506 1.805 1.856777 1.856777 1.856777 1.856777 1.805 1.896506 1.68 1.93 1.68 1.93 1.805 1.896506 1.744705 1.921481 -1.805 1.896506 -1.856777 1.856777 -1.547122 1.525059 -1.547122 1.525059 -1.856777 1.856777 -1.896506 1.805 -1.547122 1.525059 -1.896506 1.805 -1.921481 1.744705 -1.921481 1.744705 -1.93 1.68 -1.547122 1.525059 -1.547122 1.525059 -1.93 1.68 -1.578205 1.471222 -1.578205 1.471222 -1.93 1.68 -1.589 1.41 -1.589 1.41 -1.93 1.68 -1.578205 1.348778 -1.578205 1.348778 -1.93 1.68 -1.547122 1.294941 -1.547122 1.294941 -1.93 1.68 -1.93 -1.68 -1.547122 1.294941 -1.93 -1.68 -1.4995 1.254981 -1.4995 1.254981 -1.93 -1.68 -1.441083 1.233719 -1.441083 1.233719 -1.93 -1.68 -1.378917 1.233719 -1.378917 1.233719 -1.93 -1.68 -1.3205 1.254981 1.241795 -1.471222 1.231 -1.41 -1.68 -1.93 -1.68 -1.93 1.231 -1.41 1.241795 -1.348778 -1.3205 1.254981 1.272878 -1.294941 -1.272878 1.294941 -1.272878 1.294941 1.272878 -1.294941 1.3205 -1.254981 -1.272878 1.294941 1.3205 -1.254981 -1.241795 1.348778 1.441083 -1.586281 1.378917 -1.586281 1.68 -1.93 1.68 -1.93 1.378917 -1.586281 1.3205 -1.565019 -2.115 -0.1963495 -1.815 -0.1963495 -2.115 -0.1308997 -2.115 -0.1308997 -1.815 -0.1963495 -1.815 -0.1308997 -2.115 -0.1308997 -1.815 -0.1308997 -2.115 -0.06544983 -2.115 -0.06544983 -1.815 -0.1308997 -1.815 -0.06544983 -2.115 -0.06544983 -1.815 -0.06544983 -2.115 0 -2.115 0 -1.815 -0.06544983 -1.815 0 -2.115 0 -1.815 0 -2.115 0.06544983 -2.115 0.06544983 -1.815 0 -1.815 0.06544983 -2.115 0.06544983 -1.815 0.06544983 -2.115 0.1308997 -2.115 0.1308997 -1.815 0.06544983 -1.815 0.1308997 -2.115 0.1308997 -1.815 0.1308997 -2.115 0.1963495 -2.115 0.1963495 -1.815 0.1308997 -1.815 0.1963495 0.25 1.815 3.61 1.815 0.25 2.115 0.25 2.115 3.61 1.815 3.61 2.115 -2.115 -0.1963495 -1.815 -0.1963495 -2.115 -0.1308997 -2.115 -0.1308997 -1.815 -0.1963495 -1.815 -0.1308997 -2.115 -0.1308997 -1.815 -0.1308997 -2.115 -0.06544983 -2.115 -0.06544983 -1.815 -0.1308997 -1.815 -0.06544983 -2.115 -0.06544983 -1.815 -0.06544983 -2.115 0 -2.115 0 -1.815 -0.06544983 -1.815 0 -2.115 0 -1.815 0 -2.115 0.06544983 -2.115 0.06544983 -1.815 0 -1.815 0.06544983 -2.115 0.06544983 -1.815 0.06544983 -2.115 0.1308997 -2.115 0.1308997 -1.815 0.06544983 -1.815 0.1308997 -2.115 0.1308997 -1.815 0.1308997 -2.115 0.1963495 -2.115 0.1963495 -1.815 0.1308997 -1.815 0.1963495 0.25 1.815 3.61 1.815 0.25 2.115 0.25 2.115 3.61 1.815 3.61 2.115 0.3 -0.4998623 0 -0.4998623 0.3 -0.5623451 0.3 -0.5623451 0 -0.4998623 0 -0.5623451 0.3 0.5623451 0 0.5623451 0.3 0.4998623 0.3 0.4998623 0 0.5623451 0 0.4998623 0.3 0.4998623 0 0.4998623 0.3 0.4373795 0.3 0.4373795 0 0.4998623 0 0.4373795 0.3 0.4373795 0 0.4373795 0.3 0.3748967 0.3 0.3748967 0 0.4373795 0 0.3748967 0.3 0.3748967 0 0.3748967 0.3 0.3124139 0.3 0.3124139 0 0.3748967 0 0.3124139 0.3 0.3124139 0 0.3124139 0.3 0.2499311 0.3 0.2499311 0 0.3124139 0 0.2499311 0.3 0.2499311 0 0.2499311 0.3 0.1874483 0.3 0.1874483 0 0.2499311 0 0.1874483 0.3 0.1874483 0 0.1874483 0.3 0.1249656 0.3 0.1249656 0 0.1874483 0 0.1249656 0.3 0.1249656 0 0.1249656 0.3 0.06248277 0.3 0.06248277 0 0.1249656 0 0.06248277 0.3 0.06248277 0 0.06248277 0.3 0 0.3 0 0 0.06248277 0 0 0.3 0 0 0 0.3 -0.06248277 0.3 -0.06248277 0 0 0 -0.06248277 0.3 -0.06248277 0 -0.06248277 0.3 -0.1249656 0.3 -0.1249656 0 -0.06248277 0 -0.1249656 0.3 -0.1249656 0 -0.1249656 0.3 -0.1874483 0.3 -0.1874483 0 -0.1249656 0 -0.1874483 0.3 -0.1874483 0 -0.1874483 0.3 -0.2499311 0.3 -0.2499311 0 -0.1874483 0 -0.2499311 0.3 -0.2499311 0 -0.2499311 0.3 -0.3124139 0.3 -0.3124139 0 -0.2499311 0 -0.3124139 0.3 -0.3124139 0 -0.3124139 0.3 -0.3748967 0.3 -0.3748967 0 -0.3124139 0 -0.3748967 0.3 -0.3748967 0 -0.3748967 0.3 -0.4373795 0.3 -0.4373795 0 -0.3748967 0 -0.4373795 0.3 -0.4373795 0 -0.4373795 0.3 -0.4998623 0.3 -0.4998623 0 -0.4373795 0 -0.4998623 0.3 -0.4998623 0 -0.4998623 0.3 -0.5623451 0.3 -0.5623451 0 -0.4998623 0 -0.5623451 0.3 0.5623451 0 0.5623451 0.3 0.4998623 0.3 0.4998623 0 0.5623451 0 0.4998623 0.3 0.4998623 0 0.4998623 0.3 0.4373795 0.3 0.4373795 0 0.4998623 0 0.4373795 0.3 0.4373795 0 0.4373795 0.3 0.3748967 0.3 0.3748967 0 0.4373795 0 0.3748967 0.3 0.3748967 0 0.3748967 0.3 0.3124139 0.3 0.3124139 0 0.3748967 0 0.3124139 0.3 0.3124139 0 0.3124139 0.3 0.2499311 0.3 0.2499311 0 0.3124139 0 0.2499311 0.3 0.2499311 0 0.2499311 0.3 0.1874483 0.3 0.1874483 0 0.2499311 0 0.1874483 0.3 0.1874483 0 0.1874483 0.3 0.1249656 0.3 0.1249656 0 0.1874483 0 0.1249656 0.3 0.1249656 0 0.1249656 0.3 0.06248277 0.3 0.06248277 0 0.1249656 0 0.06248277 0.3 0.06248277 0 0.06248277 0.3 0 0.3 0 0 0.06248277 0 0 0.3 0 0 0 0.3 -0.06248277 0.3 -0.06248277 0 0 0 -0.06248277 0.3 -0.06248277 0 -0.06248277 0.3 -0.1249656 0.3 -0.1249656 0 -0.06248277 0 -0.1249656 0.3 -0.1249656 0 -0.1249656 0.3 -0.1874483 0.3 -0.1874483 0 -0.1249656 0 -0.1874483 0.3 -0.1874483 0 -0.1874483 0.3 -0.2499311 0.3 -0.2499311 0 -0.1874483 0 -0.2499311 0.3 -0.2499311 0 -0.2499311 0.3 -0.3124139 0.3 -0.3124139 0 -0.2499311 0 -0.3124139 0.3 -0.3124139 0 -0.3124139 0.3 -0.3748967 0.3 -0.3748967 0 -0.3124139 0 -0.3748967 0.3 -0.3748967 0 -0.3748967 0.3 -0.4373795 0.3 -0.4373795 0 -0.3748967 0 -0.4373795 0.3 -0.4373795 0 -0.4373795 0.3 -0.4998623 0.3 -0.4998623 0 -0.4373795 0 -0.4998623 -2.115 -0.1963495 -1.815 -0.1963495 -2.115 -0.1308997 -2.115 -0.1308997 -1.815 -0.1963495 -1.815 -0.1308997 -2.115 -0.1308997 -1.815 -0.1308997 -2.115 -0.06544983 -2.115 -0.06544983 -1.815 -0.1308997 -1.815 -0.06544983 -2.115 -0.06544983 -1.815 -0.06544983 -2.115 0 -2.115 0 -1.815 -0.06544983 -1.815 0 -2.115 0 -1.815 0 -2.115 0.06544983 -2.115 0.06544983 -1.815 0 -1.815 0.06544983 -2.115 0.06544983 -1.815 0.06544983 -2.115 0.1308997 -2.115 0.1308997 -1.815 0.06544983 -1.815 0.1308997 -2.115 0.1308997 -1.815 0.1308997 -2.115 0.1963495 -2.115 0.1963495 -1.815 0.1308997 -1.815 0.1963495 1.578205 1.471222 1.589 1.41 1.93 1.68 1.93 1.68 1.589 1.41 1.578205 1.348778 1.93 1.68 1.578205 1.348778 1.541974 0.947848 1.541974 0.947848 1.578205 1.348778 1.547122 1.294941 1.541974 0.947848 1.547122 1.294941 1.4995 1.254981 1.541974 0.947848 1.4995 1.254981 1.428344 1.111725 1.428344 1.111725 1.4995 1.254981 1.441083 1.233719 1.428344 1.111725 1.441083 1.233719 1.378917 1.233719 1.378917 1.233719 1.3205 1.254981 1.428344 1.111725 1.428344 1.111725 1.3205 1.254981 1.297376 1.262107 1.297376 1.262107 1.3205 1.254981 1.272878 1.294941 1.297376 1.262107 1.272878 1.294941 1.15066 1.397169 1.15066 1.397169 1.272878 1.294941 1.241795 1.348778 1.15066 1.397169 1.241795 1.348778 1.231 1.41 1.231 1.41 1.241795 1.471222 1.15066 1.397169 1.15066 1.397169 1.241795 1.471222 0.9899762 1.515271 0.9899762 1.515271 1.241795 1.471222 1.272878 1.525059 0.9899762 1.515271 1.272878 1.525059 1.3205 1.565019 1.378917 1.586281 1.68 1.93 1.3205 1.565019 1.3205 1.565019 1.68 1.93 0.8172754 1.61498 1.3205 1.565019 0.8172754 1.61498 0.9899762 1.515271 1.378917 1.586281 1.441083 1.586281 1.68 1.93 1.68 1.93 1.441083 1.586281 1.4995 1.565019 1.68 1.93 1.4995 1.565019 1.547122 1.525059 1.578205 1.471222 1.93 1.68 1.547122 1.525059 1.547122 1.525059 1.93 1.68 1.921481 1.744705 1.547122 1.525059 1.921481 1.744705 1.896506 1.805 -1.241795 -1.471222 -1.071946 -1.458435 -1.231 -1.41 -1.231 -1.41 -1.071946 -1.458435 -1.22588 -1.33166 -1.231 -1.41 -1.22588 -1.33166 -1.241795 -1.348778 -1.241795 -1.348778 -1.22588 -1.33166 -1.272878 -1.294941 -1.272878 -1.294941 -1.22588 -1.33166 -1.364933 -1.188721 -1.272878 -1.294941 -1.364933 -1.188721 -1.3205 -1.254981 -1.3205 -1.254981 -1.364933 -1.188721 -1.378917 -1.233719 -1.378917 -1.233719 -1.364933 -1.188721 -1.441083 -1.233719 -1.441083 -1.233719 -1.364933 -1.188721 -1.487418 -1.031353 -1.441083 -1.233719 -1.487418 -1.031353 -1.4995 -1.254981 -1.4995 -1.254981 -1.487418 -1.031353 -1.547122 -1.294941 -1.547122 -1.294941 -1.487418 -1.031353 -1.591848 -0.8614648 -1.547122 -1.294941 -1.591848 -0.8614648 -1.578205 -1.348778 -1.578205 -1.348778 -1.591848 -0.8614648 -1.93 -1.68 -1.578205 -1.348778 -1.93 -1.68 -1.589 -1.41 -1.589 -1.41 -1.93 -1.68 -1.578205 -1.471222 -1.578205 -1.471222 -1.93 -1.68 -1.547122 -1.525059 -1.547122 -1.525059 -1.93 -1.68 -1.921481 -1.744705 -1.547122 -1.525059 -1.921481 -1.744705 -1.896506 -1.805 -1.241795 -1.471222 -1.272878 -1.525059 -1.071946 -1.458435 -1.071946 -1.458435 -1.272878 -1.525059 -0.905 -1.567506 -0.905 -1.567506 -1.272878 -1.525059 -1.3205 -1.565019 -0.905 -1.567506 -1.3205 -1.565019 -1.68 -1.93 -1.68 -1.93 -1.3205 -1.565019 -1.378917 -1.586281 -1.68 -1.93 -1.378917 -1.586281 -1.441083 -1.586281 -1.441083 -1.586281 -1.4995 -1.565019 -1.68 -1.93 -1.68 -1.93 -1.4995 -1.565019 -1.547122 -1.525059 -1.68 -1.93 -1.547122 -1.525059 -1.744705 -1.921481 -1.744705 -1.921481 -1.547122 -1.525059 -1.805 -1.896506 -1.805 -1.896506 -1.547122 -1.525059 -1.856777 -1.856777 -1.856777 -1.856777 -1.547122 -1.525059 -1.896506 -1.805 1.799015 -0.1991149 1.93 -1.68 1.81 0 1.81 0 1.93 -1.68 1.93 1.68 1.81 0 1.93 1.68 1.799015 0.1991149 1.799015 0.1991149 1.93 1.68 1.766191 0.3958128 1.766191 0.3958128 1.93 1.68 1.711929 0.587706 1.711929 0.587706 1.93 1.68 1.636886 0.7724654 1.636886 0.7724654 1.93 1.68 1.541974 0.947848 1.799015 -0.1991149 1.766191 -0.3958128 1.93 -1.68 1.93 -1.68 1.766191 -0.3958128 1.711929 -0.587706 1.93 -1.68 1.711929 -0.587706 1.636886 -0.7724654 1.636886 -0.7724654 1.541974 -0.947848 1.93 -1.68 1.93 -1.68 1.541974 -0.947848 1.428344 -1.111725 1.93 -1.68 1.428344 -1.111725 1.297376 -1.262107 1.93 -1.68 1.297376 -1.262107 1.68 -1.93 1.68 -1.93 1.297376 -1.262107 1.15066 -1.397169 1.68 -1.93 1.15066 -1.397169 0.9899762 -1.515271 0.9899762 -1.515271 0.8172754 -1.61498 1.68 -1.93 1.68 -1.93 0.8172754 -1.61498 0.634654 -1.695085 1.68 -1.93 0.634654 -1.695085 0.4443287 -1.754614 0.4443287 -1.754614 0.2486099 -1.792845 1.68 -1.93 1.68 -1.93 0.2486099 -1.792845 0.04987335 -1.809313 1.68 -1.93 0.04987335 -1.809313 -1.68 -1.93 -1.68 -1.93 0.04987335 -1.809313 -0.1494686 -1.803818 -1.68 -1.93 -0.1494686 -1.803818 -0.3469963 -1.776427 -0.3469963 -1.776427 -0.5403118 -1.727473 -1.68 -1.93 -1.68 -1.93 -0.5403118 -1.727473 -0.7270687 -1.65755 -1.68 -1.93 -0.7270687 -1.65755 -0.905 -1.567506 -1.591848 -0.8614648 -1.676954 -0.68112 -1.93 -1.68 -1.93 -1.68 -1.676954 -0.68112 -1.741705 -0.4925073 -1.93 -1.68 -1.741705 -0.4925073 -1.785314 -0.2979162 -1.785314 -0.2979162 -1.807252 -0.09970885 -1.93 -1.68 -1.93 -1.68 -1.807252 -0.09970885 -1.807252 0.09970885 -1.93 -1.68 -1.807252 0.09970885 -1.93 1.68 -1.93 1.68 -1.807252 0.09970885 -1.785314 0.2979162 -1.93 1.68 -1.785314 0.2979162 -1.741705 0.4925073 -1.741705 0.4925073 -1.676954 0.68112 -1.93 1.68 -1.93 1.68 -1.676954 0.68112 -1.591848 0.8614648 -1.93 1.68 -1.591848 0.8614648 -1.487418 1.031353 -1.487418 1.031353 -1.364933 1.188721 -1.93 1.68 -1.93 1.68 -1.364933 1.188721 -1.22588 1.33166 -1.93 1.68 -1.22588 1.33166 -1.68 1.93 -1.68 1.93 -1.22588 1.33166 -1.071946 1.458435 -1.68 1.93 -1.071946 1.458435 -0.905 1.567506 -0.905 1.567506 -0.7270687 1.65755 -1.68 1.93 -1.68 1.93 -0.7270687 1.65755 -0.5403118 1.727473 -1.68 1.93 -0.5403118 1.727473 -0.3469963 1.776427 -0.3469963 1.776427 -0.1494686 1.803818 -1.68 1.93 -1.68 1.93 -0.1494686 1.803818 0.04987335 1.809313 -1.68 1.93 0.04987335 1.809313 1.68 1.93 1.68 1.93 0.04987335 1.809313 0.2486099 1.792845 1.68 1.93 0.2486099 1.792845 0.4443287 1.754614 0.4443287 1.754614 0.634654 1.695085 1.68 1.93 1.68 1.93 0.634654 1.695085 0.8172754 1.61498 1.896506 1.805 1.856777 1.856777 1.547122 1.525059 1.547122 1.525059 1.856777 1.856777 1.805 1.896506 1.547122 1.525059 1.805 1.896506 1.744705 1.921481 1.744705 1.921481 1.68 1.93 1.547122 1.525059 -1.744705 1.921481 -1.805 1.896506 -1.68 1.93 -1.68 1.93 -1.805 1.896506 -1.856777 1.856777 -1.68 1.93 -1.856777 1.856777 -1.896506 1.805 -1.896506 1.805 -1.921481 1.744705 -1.68 1.93 -1.68 1.93 -1.921481 1.744705 -1.93 1.68 1.68 -1.93 1.744705 -1.921481 1.93 -1.68 1.93 -1.68 1.744705 -1.921481 1.805 -1.896506 1.93 -1.68 1.805 -1.896506 1.856777 -1.856777 1.856777 -1.856777 1.896506 -1.805 1.93 -1.68 1.93 -1.68 1.896506 -1.805 1.921481 -1.744705 0.25 1.815 3.61 1.815 0.25 2.115 0.25 2.115 3.61 1.815 3.61 2.115 -2.115 -0.1963495 -1.815 -0.1963495 -2.115 -0.1308997 -2.115 -0.1308997 -1.815 -0.1963495 -1.815 -0.1308997 -2.115 -0.1308997 -1.815 -0.1308997 -2.115 -0.06544983 -2.115 -0.06544983 -1.815 -0.1308997 -1.815 -0.06544983 -2.115 -0.06544983 -1.815 -0.06544983 -2.115 0 -2.115 0 -1.815 -0.06544983 -1.815 0 -2.115 0 -1.815 0 -2.115 0.06544983 -2.115 0.06544983 -1.815 0 -1.815 0.06544983 -2.115 0.06544983 -1.815 0.06544983 -2.115 0.1308997 -2.115 0.1308997 -1.815 0.06544983 -1.815 0.1308997 -2.115 0.1308997 -1.815 0.1308997 -2.115 0.1963495 -2.115 0.1963495 -1.815 0.1308997 -1.815 0.1963495 0.25 1.815 3.61 1.815 0.25 2.115 0.25 2.115 3.61 1.815 3.61 2.115</float_array>
          <technique_common>
            <accessor source="#Körper1_001-mesh-map-0-array" count="5916" stride="2">
              <param name="S" type="float"/>
              <param name="T" type="float"/>
            </accessor>
          </technique_common>
        </source>
        <vertices id="Körper1_001-mesh-vertices">
          <input semantic="POSITION" source="#Körper1_001-mesh-positions"/>
        </vertices>
        <triangles material="XID_Opaque1965339_09241000B3AEABEBAFBC9A9BF7B5FFCE_Post2015_Pos-material" count="1972">
          <input semantic="VERTEX" source="#Körper1_001-mesh-vertices" offset="0"/>
          <input semantic="NORMAL" source="#Körper1_001-mesh-normals" offset="1"/>
          <input semantic="TEXCOORD" source="#Körper1_001-mesh-map-0" offset="2" set="0"/>
          <p>1 0 0 37 1 1 0 2 2 0 2 3 37 1 4 39 3 5 38 4 6 19 5 7 18 6 8 18 6 9 19 5 10 20 7 11 18 6 12 20 7 13 17 8 14 17 8 15 20 7 16 21 9 17 17 8 18 21 9 19 16 10 20 16 10 21 21 9 22 22 11 23 16 10 24 22 11 25 15 12 26 15 12 27 22 11 28 23 13 29 15 12 30 23 13 31 14 14 32 14 14 33 23 13 34 24 15 35 14 14 36 24 15 37 13 16 38 13 16 39 24 15 40 25 17 41 13 16 42 25 17 43 12 18 44 12 18 45 25 17 46 26 19 47 12 18 48 26 19 49 11 20 50 11 20 51 26 19 52 27 21 53 11 20 54 27 21 55 10 22 56 10 22 57 27 21 58 28 23 59 10 22 60 28 23 61 9 24 62 9 24 63 28 23 64 29 25 65 9 24 66 29 25 67 8 26 68 8 26 69 29 25 70 30 27 71 8 26 72 30 27 73 7 28 74 7 28 75 30 27 76 31 29 77 7 28 78 31 29 79 6 30 80 6 30 81 31 29 82 32 31 83 6 30 84 32 31 85 5 32 86 5 32 87 32 31 88 33 33 89 5 32 90 33 33 91 4 34 92 4 34 93 33 33 94 34 35 95 4 34 96 34 35 97 3 36 98 3 36 99 34 35 100 35 37 101 3 36 102 35 37 103 2 38 104 2 38 105 35 37 106 36 39 107 2 38 108 36 39 109 1 0 110 1 0 111 36 39 112 37 1 113 73 40 114 40 41 115 72 42 116 72 42 117 40 41 118 41 43 119 72 42 120 41 43 121 71 44 122 71 44 123 41 43 124 42 45 125 71 44 126 42 45 127 70 46 128 70 46 129 42 45 130 43 47 131 70 46 132 43 47 133 69 48 134 69 48 135 43 47 136 44 49 137 69 48 138 44 49 139 68 50 140 68 50 141 44 49 142 45 51 143 68 50 144 45 51 145 67 52 146 67 52 147 45 51 148 46 53 149 67 52 150 46 53 151 66 54 152 66 54 153 46 53 154 47 55 155 66 54 156 47 55 157 65 56 158 65 56 159 47 55 160 48 57 161 65 56 162 48 57 163 64 58 164 64 58 165 48 57 166 49 59 167 64 58 168 49 59 169 63 60 170 63 60 171 49 59 172 50 61 173 63 60 174 50 61 175 62 62 176 62 62 177 50 61 178 51 63 179 62 62 180 51 63 181 61 64 182 61 64 183 51 63 184 52 65 185 61 64 186 52 65 187 60 66 188 60 66 189 52 65 190 53 67 191 60 66 192 53 67 193 59 68 194 59 68 195 53 67 196 54 69 197 59 68 198 54 69 199 58 70 200 58 70 201 54 69 202 55 71 203 58 70 204 55 71 205 57 72 206 57 72 207 55 71 208 56 73 209 74 74 210 75 75 211 77 76 212 77 76 213 75 75 214 76 77 215 78 78 216 79 79 217 81 80 218 81 80 219 79 79 220 80 81 221 83 82 222 103 83 223 82 84 224 82 84 225 103 83 226 104 83 227 82 84 228 104 83 229 105 85 230 103 83 231 83 82 232 102 86 233 102 86 234 83 82 235 84 87 236 102 86 237 84 87 238 85 88 239 102 86 240 85 88 241 101 89 242 101 89 243 85 88 244 86 90 245 101 89 246 86 90 247 87 91 248 87 91 249 88 92 250 101 89 251 101 89 252 88 92 253 89 93 254 101 89 255 89 93 256 118 94 257 118 94 258 89 93 259 90 95 260 118 94 261 90 95 262 91 96 263 92 97 264 116 83 265 91 96 266 91 96 267 116 83 268 117 98 269 91 96 270 117 98 271 118 94 272 93 99 273 114 100 274 92 97 275 92 97 276 114 100 277 115 98 278 92 97 279 115 98 280 116 83 281 114 100 282 93 99 283 113 101 284 113 101 285 93 99 286 94 102 287 113 101 288 94 102 289 112 103 290 112 103 291 94 102 292 95 104 293 112 103 294 95 104 295 111 105 296 111 105 297 95 104 298 96 106 299 111 105 300 96 106 301 110 107 302 110 107 303 96 106 304 97 108 305 110 107 306 97 108 307 109 109 308 109 109 309 97 108 310 98 110 311 109 109 312 98 110 313 108 111 314 108 111 315 98 110 316 99 112 317 108 111 318 99 112 319 107 113 320 107 113 321 99 112 322 106 114 323 106 114 324 99 112 325 100 115 326 106 114 327 100 115 328 105 85 329 105 85 330 100 115 331 82 84 332 120 116 333 126 117 334 119 118 335 119 118 336 126 117 337 127 119 338 119 118 339 127 119 340 128 120 341 126 117 342 120 116 343 125 121 344 125 121 345 120 116 346 121 83 347 125 121 348 121 83 349 124 83 350 124 83 351 121 83 352 122 83 353 124 83 354 122 83 355 123 83 356 119 118 357 128 120 358 310 122 359 310 122 360 128 120 361 129 123 362 310 122 363 129 123 364 309 124 365 309 124 366 129 123 367 130 125 368 309 124 369 130 125 370 308 126 371 308 126 372 130 125 373 131 127 374 308 126 375 131 127 376 307 128 377 307 128 378 131 127 379 132 129 380 307 128 381 132 129 382 133 130 383 307 128 384 133 130 385 306 131 386 306 131 387 133 130 388 134 132 389 306 131 390 134 132 391 135 133 392 136 134 393 313 135 394 135 133 395 135 133 396 313 135 397 314 136 398 135 133 399 314 136 400 306 131 401 306 131 402 314 136 403 315 137 404 306 131 405 315 137 406 305 138 407 305 138 408 315 137 409 316 139 410 305 138 411 316 139 412 304 83 413 304 83 414 316 139 415 303 140 416 303 140 417 316 139 418 317 141 419 303 140 420 317 141 421 282 142 422 282 142 423 317 141 424 318 143 425 282 142 426 318 143 427 281 144 428 281 144 429 318 143 430 319 145 431 281 144 432 319 145 433 280 83 434 280 83 435 319 145 436 279 146 437 279 146 438 319 145 439 320 147 440 279 146 441 320 147 442 258 148 443 258 148 444 320 147 445 321 149 446 258 148 447 321 149 448 257 83 449 257 83 450 321 149 451 256 150 452 256 150 453 321 149 454 322 151 455 256 150 456 322 151 457 255 152 458 255 152 459 322 151 460 323 153 461 255 152 462 323 153 463 234 154 464 234 154 465 323 153 466 324 155 467 234 154 468 324 155 469 233 156 470 233 156 471 324 155 472 232 157 473 232 157 474 324 155 475 325 158 476 232 157 477 325 158 478 231 159 479 231 159 480 325 158 481 326 160 482 231 159 483 326 160 484 210 161 485 210 161 486 326 160 487 327 162 488 210 161 489 327 162 490 209 83 491 209 83 492 327 162 493 208 83 494 208 83 495 327 162 496 207 163 497 207 163 498 327 162 499 186 164 500 207 163 501 186 164 502 206 83 503 206 83 504 186 164 505 205 165 506 205 165 507 186 164 508 187 166 509 205 165 510 187 166 511 204 167 512 204 167 513 187 166 514 203 168 515 203 168 516 187 166 517 188 169 518 203 168 519 188 169 520 202 170 521 202 170 522 188 169 523 189 171 524 202 170 525 189 171 526 201 172 527 201 172 528 189 171 529 190 173 530 201 172 531 190 173 532 200 83 533 200 83 534 190 173 535 191 83 536 200 83 537 191 83 538 199 83 539 199 83 540 191 83 541 192 83 542 199 83 543 192 83 544 193 83 545 313 135 546 136 134 547 312 174 548 312 174 549 136 134 550 137 175 551 312 174 552 137 175 553 138 176 554 139 177 555 157 178 556 138 176 557 138 176 558 157 178 559 158 179 560 138 176 561 158 179 562 159 180 563 140 181 564 155 83 565 139 177 566 139 177 567 155 83 568 156 182 569 139 177 570 156 182 571 157 178 572 155 83 573 140 181 574 154 183 575 154 183 576 140 181 577 141 184 578 154 183 579 141 184 580 153 185 581 153 185 582 141 184 583 142 83 584 153 185 585 142 83 586 152 186 587 152 186 588 142 83 589 143 187 590 152 186 591 143 187 592 151 188 593 151 188 594 143 187 595 150 189 596 150 189 597 143 187 598 149 83 599 149 83 600 143 187 601 148 83 602 148 83 603 143 187 604 147 190 605 147 190 606 143 187 607 146 191 608 146 191 609 143 187 610 145 83 611 145 83 612 143 187 613 144 83 614 138 176 615 159 180 616 311 192 617 311 192 618 159 180 619 160 193 620 311 192 621 160 193 622 161 194 623 161 194 624 162 195 625 311 192 626 311 192 627 162 195 628 328 196 629 328 196 630 162 195 631 183 197 632 328 196 633 183 197 634 184 198 635 163 199 636 181 200 637 162 195 638 162 195 639 181 200 640 182 201 641 162 195 642 182 201 643 183 197 644 164 83 645 179 83 646 163 199 647 163 199 648 179 83 649 180 202 650 163 199 651 180 202 652 181 200 653 179 83 654 164 83 655 178 83 656 178 83 657 164 83 658 165 83 659 178 83 660 165 83 661 177 203 662 177 203 663 165 83 664 166 204 665 177 203 666 166 204 667 176 205 668 176 205 669 166 204 670 167 206 671 176 205 672 167 206 673 175 207 674 175 207 675 167 206 676 168 208 677 175 207 678 168 208 679 169 209 680 169 209 681 170 210 682 175 207 683 175 207 684 170 210 685 171 83 686 175 207 687 171 83 688 172 211 689 172 211 690 173 212 691 175 207 692 175 207 693 173 212 694 174 83 695 184 198 696 185 213 697 328 196 698 328 196 699 185 213 700 186 164 701 328 196 702 186 164 703 327 162 704 193 83 705 194 83 706 199 83 707 199 83 708 194 83 709 195 83 710 199 83 711 195 83 712 196 214 713 197 215 714 198 216 715 196 214 716 196 214 717 198 216 718 199 83 719 211 217 720 229 218 721 210 161 722 210 161 723 229 218 724 230 219 725 210 161 726 230 219 727 231 159 728 212 220 729 227 221 730 211 217 731 211 217 732 227 221 733 228 222 734 211 217 735 228 222 736 229 218 737 227 221 738 212 220 739 226 223 740 226 223 741 212 220 742 213 224 743 226 223 744 213 224 745 225 225 746 225 225 747 213 224 748 214 226 749 225 225 750 214 226 751 224 227 752 224 227 753 214 226 754 215 228 755 224 227 756 215 228 757 223 229 758 223 229 759 215 228 760 222 230 761 222 230 762 215 228 763 216 231 764 222 230 765 216 231 766 221 232 767 221 232 768 216 231 769 217 83 770 221 232 771 217 83 772 220 83 773 220 83 774 217 83 775 218 83 776 220 83 777 218 83 778 219 83 779 235 233 780 253 234 781 234 154 782 234 154 783 253 234 784 254 235 785 234 154 786 254 235 787 255 152 788 236 236 789 251 83 790 235 233 791 235 233 792 251 83 793 252 237 794 235 233 795 252 237 796 253 234 797 251 83 798 236 236 799 250 238 800 250 238 801 236 236 802 237 239 803 250 238 804 237 239 805 249 240 806 249 240 807 237 239 808 238 83 809 249 240 810 238 83 811 248 241 812 248 241 813 238 83 814 239 242 815 248 241 816 239 242 817 247 243 818 247 243 819 239 242 820 246 244 821 246 244 822 239 242 823 245 83 824 245 83 825 239 242 826 244 83 827 244 83 828 239 242 829 243 245 830 243 245 831 239 242 832 242 246 833 242 246 834 239 242 835 241 83 836 241 83 837 239 242 838 240 83 839 259 247 840 277 248 841 258 148 842 258 148 843 277 248 844 278 249 845 258 148 846 278 249 847 279 146 848 260 83 849 275 83 850 259 247 851 259 247 852 275 83 853 276 250 854 259 247 855 276 250 856 277 248 857 275 83 858 260 83 859 274 83 860 274 83 861 260 83 862 261 83 863 274 83 864 261 83 865 273 251 866 273 251 867 261 83 868 262 252 869 273 251 870 262 252 871 272 253 872 272 253 873 262 252 874 263 254 875 272 253 876 263 254 877 271 255 878 271 255 879 263 254 880 270 256 881 270 256 882 263 254 883 269 257 884 269 257 885 263 254 886 268 258 887 268 258 888 263 254 889 267 259 890 267 259 891 263 254 892 266 260 893 266 260 894 263 254 895 265 261 896 265 261 897 263 254 898 264 262 899 283 263 900 301 264 901 282 142 902 282 142 903 301 264 904 302 83 905 282 142 906 302 83 907 303 140 908 284 265 909 299 266 910 283 263 911 283 263 912 299 266 913 300 267 914 283 263 915 300 267 916 301 264 917 299 266 918 284 265 919 298 268 920 298 268 921 284 265 922 285 269 923 298 268 924 285 269 925 297 270 926 297 270 927 285 269 928 286 271 929 297 270 930 286 271 931 296 83 932 296 83 933 286 271 934 287 83 935 296 83 936 287 83 937 295 83 938 295 83 939 287 83 940 288 83 941 295 83 942 288 83 943 289 83 944 289 83 945 290 83 946 295 83 947 295 83 948 290 83 949 291 83 950 295 83 951 291 83 952 292 272 953 293 273 954 294 274 955 292 272 956 292 272 957 294 274 958 295 83 959 311 192 960 312 174 961 138 176 962 346 275 963 329 276 964 345 277 965 345 277 966 329 276 967 330 278 968 345 277 969 330 278 970 344 279 971 344 279 972 330 278 973 331 280 974 344 279 975 331 280 976 343 281 977 343 281 978 331 280 979 332 282 980 343 281 981 332 282 982 342 283 983 342 283 984 332 282 985 333 284 986 342 283 987 333 284 988 341 285 989 341 285 990 333 284 991 334 286 992 341 285 993 334 286 994 340 287 995 340 287 996 334 286 997 335 288 998 340 287 999 335 288 1000 339 289 1001 339 289 1002 335 288 1003 336 290 1004 339 289 1005 336 290 1006 338 291 1007 338 291 1008 336 290 1009 337 292 1010 354 293 1011 347 294 1012 353 295 1013 353 295 1014 347 294 1015 348 296 1016 353 295 1017 348 296 1018 349 297 1019 350 298 1020 351 299 1021 349 297 1022 349 297 1023 351 299 1024 352 300 1025 349 297 1026 352 300 1027 353 295 1028 366 301 1029 355 302 1030 365 303 1031 365 303 1032 355 302 1033 356 304 1034 365 303 1035 356 304 1036 364 305 1037 364 305 1038 356 304 1039 357 306 1040 364 305 1041 357 306 1042 363 307 1043 363 307 1044 357 306 1045 358 308 1046 363 307 1047 358 308 1048 362 309 1049 362 309 1050 358 308 1051 359 310 1052 362 309 1053 359 310 1054 361 311 1055 361 311 1056 359 310 1057 360 312 1058 384 313 1059 367 314 1060 383 315 1061 383 315 1062 367 314 1063 368 316 1064 383 315 1065 368 316 1066 382 317 1067 382 317 1068 368 316 1069 369 318 1070 382 317 1071 369 318 1072 381 319 1073 381 319 1074 369 318 1075 370 320 1076 381 319 1077 370 320 1078 380 321 1079 380 321 1080 370 320 1081 371 322 1082 380 321 1083 371 322 1084 379 323 1085 379 323 1086 371 322 1087 372 324 1088 379 323 1089 372 324 1090 378 325 1091 378 325 1092 372 324 1093 373 326 1094 378 325 1095 373 326 1096 377 327 1097 377 327 1098 373 326 1099 374 328 1100 377 327 1101 374 328 1102 376 329 1103 376 329 1104 374 328 1105 375 330 1106 402 331 1107 385 332 1108 401 333 1109 401 333 1110 385 332 1111 386 334 1112 401 333 1113 386 334 1114 400 335 1115 400 335 1116 386 334 1117 387 336 1118 400 335 1119 387 336 1120 399 337 1121 399 337 1122 387 336 1123 388 338 1124 399 337 1125 388 338 1126 398 339 1127 398 339 1128 388 338 1129 389 340 1130 398 339 1131 389 340 1132 397 341 1133 397 341 1134 389 340 1135 390 342 1136 397 341 1137 390 342 1138 396 343 1139 396 343 1140 390 342 1141 391 344 1142 396 343 1143 391 344 1144 395 345 1145 395 345 1146 391 344 1147 392 346 1148 395 345 1149 392 346 1150 394 347 1151 394 347 1152 392 346 1153 393 348 1154 410 349 1155 403 350 1156 409 351 1157 409 351 1158 403 350 1159 404 352 1160 409 351 1161 404 352 1162 405 353 1163 406 354 1164 407 355 1165 405 353 1166 405 353 1167 407 355 1168 408 356 1169 405 353 1170 408 356 1171 409 351 1172 422 357 1173 411 358 1174 421 359 1175 421 359 1176 411 358 1177 412 360 1178 421 359 1179 412 360 1180 420 361 1181 420 361 1182 412 360 1183 413 362 1184 420 361 1185 413 362 1186 419 363 1187 419 363 1188 413 362 1189 414 364 1190 419 363 1191 414 364 1192 418 365 1193 418 365 1194 414 364 1195 415 366 1196 418 365 1197 415 366 1198 417 367 1199 417 367 1200 415 366 1201 416 368 1202 440 369 1203 423 370 1204 439 371 1205 439 371 1206 423 370 1207 424 372 1208 439 371 1209 424 372 1210 438 373 1211 438 373 1212 424 372 1213 425 374 1214 438 373 1215 425 374 1216 437 375 1217 437 375 1218 425 374 1219 426 376 1220 437 375 1221 426 376 1222 436 377 1223 436 377 1224 426 376 1225 427 378 1226 436 377 1227 427 378 1228 435 379 1229 435 379 1230 427 378 1231 428 380 1232 435 379 1233 428 380 1234 434 381 1235 434 381 1236 428 380 1237 429 382 1238 434 381 1239 429 382 1240 433 383 1241 433 383 1242 429 382 1243 430 384 1244 433 383 1245 430 384 1246 432 385 1247 432 385 1248 430 384 1249 431 386 1250 458 387 1251 441 388 1252 457 389 1253 457 389 1254 441 388 1255 442 390 1256 457 389 1257 442 390 1258 456 391 1259 456 391 1260 442 390 1261 443 392 1262 456 391 1263 443 392 1264 455 393 1265 455 393 1266 443 392 1267 444 394 1268 455 393 1269 444 394 1270 454 395 1271 454 395 1272 444 394 1273 445 396 1274 454 395 1275 445 396 1276 453 397 1277 453 397 1278 445 396 1279 446 398 1280 453 397 1281 446 398 1282 452 399 1283 452 399 1284 446 398 1285 447 400 1286 452 399 1287 447 400 1288 451 401 1289 451 401 1290 447 400 1291 448 402 1292 451 401 1293 448 402 1294 450 403 1295 450 403 1296 448 402 1297 449 404 1298 466 405 1299 459 406 1300 465 407 1301 465 407 1302 459 406 1303 460 408 1304 465 407 1305 460 408 1306 461 409 1307 462 410 1308 463 411 1309 461 409 1310 461 409 1311 463 411 1312 464 412 1313 461 409 1314 464 412 1315 465 407 1316 478 413 1317 467 414 1318 477 415 1319 477 415 1320 467 414 1321 468 416 1322 477 415 1323 468 416 1324 476 417 1325 476 417 1326 468 416 1327 469 418 1328 476 417 1329 469 418 1330 475 419 1331 475 419 1332 469 418 1333 470 420 1334 475 419 1335 470 420 1336 474 421 1337 474 421 1338 470 420 1339 471 422 1340 474 421 1341 471 422 1342 473 423 1343 473 423 1344 471 422 1345 472 424 1346 496 425 1347 479 426 1348 495 427 1349 495 427 1350 479 426 1351 480 428 1352 495 427 1353 480 428 1354 494 429 1355 494 429 1356 480 428 1357 481 430 1358 494 429 1359 481 430 1360 493 431 1361 493 431 1362 481 430 1363 482 432 1364 493 431 1365 482 432 1366 492 433 1367 492 433 1368 482 432 1369 483 434 1370 492 433 1371 483 434 1372 491 435 1373 491 435 1374 483 434 1375 484 436 1376 491 435 1377 484 436 1378 490 437 1379 490 437 1380 484 436 1381 485 438 1382 490 437 1383 485 438 1384 489 439 1385 489 439 1386 485 438 1387 486 440 1388 489 439 1389 486 440 1390 488 441 1391 488 441 1392 486 440 1393 487 442 1394 514 443 1395 497 444 1396 513 445 1397 513 445 1398 497 444 1399 498 446 1400 513 445 1401 498 446 1402 512 447 1403 512 447 1404 498 446 1405 499 448 1406 512 447 1407 499 448 1408 511 449 1409 511 449 1410 499 448 1411 500 450 1412 511 449 1413 500 450 1414 510 451 1415 510 451 1416 500 450 1417 501 452 1418 510 451 1419 501 452 1420 509 453 1421 509 453 1422 501 452 1423 502 454 1424 509 453 1425 502 454 1426 508 455 1427 508 455 1428 502 454 1429 503 456 1430 508 455 1431 503 456 1432 507 457 1433 507 457 1434 503 456 1435 504 458 1436 507 457 1437 504 458 1438 506 459 1439 506 459 1440 504 458 1441 505 460 1442 522 461 1443 515 462 1444 521 463 1445 521 463 1446 515 462 1447 516 464 1448 521 463 1449 516 464 1450 517 465 1451 518 466 1452 519 467 1453 517 465 1454 517 465 1455 519 467 1456 520 468 1457 517 465 1458 520 468 1459 521 463 1460 534 469 1461 523 470 1462 533 471 1463 533 471 1464 523 470 1465 524 472 1466 533 471 1467 524 472 1468 532 473 1469 532 473 1470 524 472 1471 525 474 1472 532 473 1473 525 474 1474 531 475 1475 531 475 1476 525 474 1477 526 476 1478 531 475 1479 526 476 1480 530 477 1481 530 477 1482 526 476 1483 527 478 1484 530 477 1485 527 478 1486 529 479 1487 529 479 1488 527 478 1489 528 480 1490 552 481 1491 535 482 1492 551 483 1493 551 483 1494 535 482 1495 536 484 1496 551 483 1497 536 484 1498 550 485 1499 550 485 1500 536 484 1501 537 486 1502 550 485 1503 537 486 1504 549 487 1505 549 487 1506 537 486 1507 538 488 1508 549 487 1509 538 488 1510 548 489 1511 548 489 1512 538 488 1513 539 490 1514 548 489 1515 539 490 1516 547 491 1517 547 491 1518 539 490 1519 540 492 1520 547 491 1521 540 492 1522 546 493 1523 546 493 1524 540 492 1525 541 494 1526 546 493 1527 541 494 1528 545 495 1529 545 495 1530 541 494 1531 542 496 1532 545 495 1533 542 496 1534 544 497 1535 544 497 1536 542 496 1537 543 498 1538 570 499 1539 553 500 1540 569 501 1541 569 501 1542 553 500 1543 554 502 1544 569 501 1545 554 502 1546 568 503 1547 568 503 1548 554 502 1549 555 504 1550 568 503 1551 555 504 1552 567 505 1553 567 505 1554 555 504 1555 556 506 1556 567 505 1557 556 506 1558 566 507 1559 566 507 1560 556 506 1561 557 508 1562 566 507 1563 557 508 1564 565 509 1565 565 509 1566 557 508 1567 558 510 1568 565 509 1569 558 510 1570 564 511 1571 564 511 1572 558 510 1573 559 512 1574 564 511 1575 559 512 1576 563 513 1577 563 513 1578 559 512 1579 560 514 1580 563 513 1581 560 514 1582 562 515 1583 562 515 1584 560 514 1585 561 516 1586 578 517 1587 571 518 1588 577 519 1589 577 519 1590 571 518 1591 572 520 1592 577 519 1593 572 520 1594 573 521 1595 574 522 1596 575 523 1597 573 521 1598 573 521 1599 575 523 1600 576 524 1601 573 521 1602 576 524 1603 577 519 1604 590 525 1605 579 526 1606 589 527 1607 589 527 1608 579 526 1609 580 528 1610 589 527 1611 580 528 1612 588 529 1613 588 529 1614 580 528 1615 581 530 1616 588 529 1617 581 530 1618 587 531 1619 587 531 1620 581 530 1621 582 532 1622 587 531 1623 582 532 1624 586 533 1625 586 533 1626 582 532 1627 583 534 1628 586 533 1629 583 534 1630 585 535 1631 585 535 1632 583 534 1633 584 536 1634 608 537 1635 591 538 1636 607 539 1637 607 539 1638 591 538 1639 592 540 1640 607 539 1641 592 540 1642 606 541 1643 606 541 1644 592 540 1645 593 542 1646 606 541 1647 593 542 1648 605 543 1649 605 543 1650 593 542 1651 594 544 1652 605 543 1653 594 544 1654 604 545 1655 604 545 1656 594 544 1657 595 546 1658 604 545 1659 595 546 1660 603 547 1661 603 547 1662 595 546 1663 596 548 1664 603 547 1665 596 548 1666 602 549 1667 602 549 1668 596 548 1669 597 550 1670 602 549 1671 597 550 1672 601 551 1673 601 551 1674 597 550 1675 598 552 1676 601 551 1677 598 552 1678 600 553 1679 600 553 1680 598 552 1681 599 554 1682 626 555 1683 609 556 1684 625 557 1685 625 557 1686 609 556 1687 610 558 1688 625 557 1689 610 558 1690 624 559 1691 624 559 1692 610 558 1693 611 560 1694 624 559 1695 611 560 1696 623 561 1697 623 561 1698 611 560 1699 612 562 1700 623 561 1701 612 562 1702 622 563 1703 622 563 1704 612 562 1705 613 564 1706 622 563 1707 613 564 1708 621 565 1709 621 565 1710 613 564 1711 614 566 1712 621 565 1713 614 566 1714 620 567 1715 620 567 1716 614 566 1717 615 568 1718 620 567 1719 615 568 1720 619 569 1721 619 569 1722 615 568 1723 616 570 1724 619 569 1725 616 570 1726 618 571 1727 618 571 1728 616 570 1729 617 572 1730 634 573 1731 627 574 1732 633 575 1733 633 575 1734 627 574 1735 628 576 1736 633 575 1737 628 576 1738 629 577 1739 630 578 1740 631 579 1741 629 577 1742 629 577 1743 631 579 1744 632 580 1745 629 577 1746 632 580 1747 633 575 1748 646 581 1749 635 582 1750 645 583 1751 645 583 1752 635 582 1753 636 584 1754 645 583 1755 636 584 1756 644 585 1757 644 585 1758 636 584 1759 637 586 1760 644 585 1761 637 586 1762 643 587 1763 643 587 1764 637 586 1765 638 588 1766 643 587 1767 638 588 1768 642 589 1769 642 589 1770 638 588 1771 639 590 1772 642 589 1773 639 590 1774 641 591 1775 641 591 1776 639 590 1777 640 592 1778 664 593 1779 647 594 1780 663 595 1781 663 595 1782 647 594 1783 648 596 1784 663 595 1785 648 596 1786 662 597 1787 662 597 1788 648 596 1789 649 598 1790 662 597 1791 649 598 1792 661 599 1793 661 599 1794 649 598 1795 650 600 1796 661 599 1797 650 600 1798 660 601 1799 660 601 1800 650 600 1801 651 602 1802 660 601 1803 651 602 1804 659 603 1805 659 603 1806 651 602 1807 652 604 1808 659 603 1809 652 604 1810 658 605 1811 658 605 1812 652 604 1813 653 606 1814 658 605 1815 653 606 1816 657 607 1817 657 607 1818 653 606 1819 654 608 1820 657 607 1821 654 608 1822 656 609 1823 656 609 1824 654 608 1825 655 610 1826 682 611 1827 665 612 1828 681 613 1829 681 613 1830 665 612 1831 666 614 1832 681 613 1833 666 614 1834 680 615 1835 680 615 1836 666 614 1837 667 616 1838 680 615 1839 667 616 1840 679 617 1841 679 617 1842 667 616 1843 668 618 1844 679 617 1845 668 618 1846 678 619 1847 678 619 1848 668 618 1849 669 620 1850 678 619 1851 669 620 1852 677 621 1853 677 621 1854 669 620 1855 670 622 1856 677 621 1857 670 622 1858 676 623 1859 676 623 1860 670 622 1861 671 624 1862 676 623 1863 671 624 1864 675 625 1865 675 625 1866 671 624 1867 672 626 1868 675 625 1869 672 626 1870 674 627 1871 674 627 1872 672 626 1873 673 628 1874 690 629 1875 683 630 1876 689 631 1877 689 631 1878 683 630 1879 684 632 1880 689 631 1881 684 632 1882 685 633 1883 686 634 1884 687 635 1885 685 633 1886 685 633 1887 687 635 1888 688 636 1889 685 633 1890 688 636 1891 689 631 1892 702 637 1893 691 638 1894 701 639 1895 701 639 1896 691 638 1897 692 640 1898 701 639 1899 692 640 1900 700 641 1901 700 641 1902 692 640 1903 693 642 1904 700 641 1905 693 642 1906 699 643 1907 699 643 1908 693 642 1909 694 644 1910 699 643 1911 694 644 1912 698 645 1913 698 645 1914 694 644 1915 695 646 1916 698 645 1917 695 646 1918 697 647 1919 697 647 1920 695 646 1921 696 648 1922 720 649 1923 703 650 1924 719 651 1925 719 651 1926 703 650 1927 704 652 1928 719 651 1929 704 652 1930 718 653 1931 718 653 1932 704 652 1933 705 654 1934 718 653 1935 705 654 1936 717 655 1937 717 655 1938 705 654 1939 706 656 1940 717 655 1941 706 656 1942 716 657 1943 716 657 1944 706 656 1945 707 658 1946 716 657 1947 707 658 1948 715 659 1949 715 659 1950 707 658 1951 708 660 1952 715 659 1953 708 660 1954 714 661 1955 714 661 1956 708 660 1957 709 662 1958 714 661 1959 709 662 1960 713 663 1961 713 663 1962 709 662 1963 710 664 1964 713 663 1965 710 664 1966 712 665 1967 712 665 1968 710 664 1969 711 666 1970 738 667 1971 721 668 1972 737 669 1973 737 669 1974 721 668 1975 722 670 1976 737 669 1977 722 670 1978 736 671 1979 736 671 1980 722 670 1981 723 672 1982 736 671 1983 723 672 1984 735 673 1985 735 673 1986 723 672 1987 724 674 1988 735 673 1989 724 674 1990 734 675 1991 734 675 1992 724 674 1993 725 676 1994 734 675 1995 725 676 1996 733 677 1997 733 677 1998 725 676 1999 726 678 2000 733 677 2001 726 678 2002 732 679 2003 732 679 2004 726 678 2005 727 680 2006 732 679 2007 727 680 2008 731 681 2009 731 681 2010 727 680 2011 728 682 2012 731 681 2013 728 682 2014 730 683 2015 730 683 2016 728 682 2017 729 684 2018 746 685 2019 739 686 2020 745 687 2021 745 687 2022 739 686 2023 740 688 2024 745 687 2025 740 688 2026 741 689 2027 742 690 2028 743 691 2029 741 689 2030 741 689 2031 743 691 2032 744 692 2033 741 689 2034 744 692 2035 745 687 2036 758 693 2037 747 694 2038 757 695 2039 757 695 2040 747 694 2041 748 696 2042 757 695 2043 748 696 2044 756 697 2045 756 697 2046 748 696 2047 749 698 2048 756 697 2049 749 698 2050 755 699 2051 755 699 2052 749 698 2053 750 700 2054 755 699 2055 750 700 2056 754 701 2057 754 701 2058 750 700 2059 751 702 2060 754 701 2061 751 702 2062 753 703 2063 753 703 2064 751 702 2065 752 704 2066 776 705 2067 759 706 2068 775 707 2069 775 707 2070 759 706 2071 760 708 2072 775 707 2073 760 708 2074 774 709 2075 774 709 2076 760 708 2077 761 710 2078 774 709 2079 761 710 2080 773 711 2081 773 711 2082 761 710 2083 762 712 2084 773 711 2085 762 712 2086 772 713 2087 772 713 2088 762 712 2089 763 714 2090 772 713 2091 763 714 2092 771 715 2093 771 715 2094 763 714 2095 764 716 2096 771 715 2097 764 716 2098 770 717 2099 770 717 2100 764 716 2101 765 718 2102 770 717 2103 765 718 2104 769 719 2105 769 719 2106 765 718 2107 766 720 2108 769 719 2109 766 720 2110 768 721 2111 768 721 2112 766 720 2113 767 722 2114 777 83 2115 778 723 2116 795 83 2117 795 83 2118 778 723 2119 794 724 2120 794 724 2121 778 723 2122 779 725 2123 794 724 2124 779 725 2125 793 726 2126 793 726 2127 779 725 2128 780 727 2129 793 726 2130 780 727 2131 792 728 2132 792 728 2133 780 727 2134 781 729 2135 792 728 2136 781 729 2137 791 730 2138 791 730 2139 781 729 2140 782 731 2141 791 730 2142 782 731 2143 790 732 2144 790 732 2145 782 731 2146 789 733 2147 789 733 2148 782 731 2149 788 734 2150 788 734 2151 782 731 2152 787 735 2153 787 735 2154 782 731 2155 786 736 2156 786 736 2157 782 731 2158 785 737 2159 785 737 2160 782 731 2161 784 83 2162 784 83 2163 782 731 2164 783 83 2165 797 738 2166 917 739 2167 796 740 2168 796 740 2169 917 739 2170 924 741 2171 796 740 2172 924 741 2173 852 742 2174 852 742 2175 924 741 2176 1138 743 2177 852 742 2178 1138 743 2179 851 744 2180 851 744 2181 1138 743 2182 1134 745 2183 851 744 2184 1134 745 2185 850 746 2186 850 746 2187 1134 745 2188 1130 747 2189 850 746 2190 1130 747 2191 849 748 2192 849 748 2193 1130 747 2194 1126 749 2195 849 748 2196 1126 749 2197 848 750 2198 848 750 2199 1126 749 2200 1122 751 2201 848 750 2202 1122 751 2203 847 752 2204 847 752 2205 1122 751 2206 1118 753 2207 847 752 2208 1118 753 2209 846 754 2210 846 754 2211 1118 753 2212 1114 755 2213 846 754 2214 1114 755 2215 845 756 2216 845 756 2217 1114 755 2218 1110 757 2219 845 756 2220 1110 757 2221 844 758 2222 844 758 2223 1110 757 2224 1106 759 2225 844 758 2226 1106 759 2227 843 760 2228 843 760 2229 1106 759 2230 1102 761 2231 843 760 2232 1102 761 2233 842 762 2234 842 762 2235 1102 761 2236 1098 763 2237 842 762 2238 1098 763 2239 841 764 2240 841 764 2241 1098 763 2242 1094 765 2243 841 764 2244 1094 765 2245 840 766 2246 840 766 2247 1094 765 2248 1090 767 2249 840 766 2250 1090 767 2251 839 768 2252 839 768 2253 1090 767 2254 1086 769 2255 839 768 2256 1086 769 2257 838 770 2258 838 770 2259 1086 769 2260 1082 771 2261 838 770 2262 1082 771 2263 837 772 2264 837 772 2265 1082 771 2266 1078 773 2267 837 772 2268 1078 773 2269 836 774 2270 836 774 2271 1078 773 2272 1074 775 2273 836 774 2274 1074 775 2275 835 776 2276 835 776 2277 1074 775 2278 1070 777 2279 835 776 2280 1070 777 2281 834 778 2282 834 778 2283 1070 777 2284 1066 779 2285 834 778 2286 1066 779 2287 833 780 2288 833 780 2289 1066 779 2290 1062 781 2291 833 780 2292 1062 781 2293 832 782 2294 832 782 2295 1062 781 2296 1058 783 2297 832 782 2298 1058 783 2299 831 784 2300 831 784 2301 1058 783 2302 1054 785 2303 831 784 2304 1054 785 2305 830 786 2306 830 786 2307 1054 785 2308 1050 787 2309 830 786 2310 1050 787 2311 829 788 2312 829 788 2313 1050 787 2314 1046 789 2315 829 788 2316 1046 789 2317 828 790 2318 828 790 2319 1046 789 2320 1042 791 2321 828 790 2322 1042 791 2323 827 792 2324 827 792 2325 1042 791 2326 1038 793 2327 827 792 2328 1038 793 2329 826 794 2330 826 794 2331 1038 793 2332 1033 795 2333 826 794 2334 1033 795 2335 825 796 2336 825 796 2337 1033 795 2338 1037 797 2339 825 796 2340 1037 797 2341 824 798 2342 1142 799 2343 910 800 2344 1029 801 2345 1142 799 2346 1029 801 2347 823 802 2348 823 802 2349 1029 801 2350 1025 803 2351 823 802 2352 1025 803 2353 822 804 2354 822 804 2355 1025 803 2356 1021 805 2357 822 804 2358 1021 805 2359 821 806 2360 821 806 2361 1021 805 2362 1017 807 2363 821 806 2364 1017 807 2365 820 808 2366 820 808 2367 1017 807 2368 1013 809 2369 820 808 2370 1013 809 2371 819 810 2372 819 810 2373 1013 809 2374 1009 811 2375 819 810 2376 1009 811 2377 818 812 2378 818 812 2379 1009 811 2380 1005 813 2381 818 812 2382 1005 813 2383 817 814 2384 817 814 2385 1005 813 2386 1001 815 2387 817 814 2388 1001 815 2389 816 816 2390 816 816 2391 1001 815 2392 997 817 2393 816 816 2394 997 817 2395 815 818 2396 815 818 2397 997 817 2398 993 819 2399 815 818 2400 993 819 2401 814 820 2402 814 820 2403 993 819 2404 989 821 2405 814 820 2406 989 821 2407 813 822 2408 813 822 2409 989 821 2410 985 823 2411 813 822 2412 985 823 2413 812 824 2414 812 824 2415 985 823 2416 981 825 2417 812 824 2418 981 825 2419 811 826 2420 811 826 2421 981 825 2422 977 827 2423 811 826 2424 977 827 2425 810 828 2426 810 828 2427 977 827 2428 973 829 2429 810 828 2430 973 829 2431 809 830 2432 809 830 2433 973 829 2434 969 831 2435 809 830 2436 969 831 2437 808 832 2438 808 832 2439 969 831 2440 965 833 2441 808 832 2442 965 833 2443 807 834 2444 807 834 2445 965 833 2446 961 835 2447 807 834 2448 961 835 2449 806 836 2450 806 836 2451 961 835 2452 957 837 2453 806 836 2454 957 837 2455 805 838 2456 805 838 2457 957 837 2458 953 839 2459 805 838 2460 953 839 2461 804 840 2462 804 840 2463 953 839 2464 949 841 2465 804 840 2466 949 841 2467 803 842 2468 803 842 2469 949 841 2470 945 843 2471 803 842 2472 945 843 2473 802 844 2474 802 844 2475 945 843 2476 941 845 2477 802 844 2478 941 845 2479 801 846 2480 801 846 2481 941 845 2482 937 847 2483 801 846 2484 937 847 2485 800 848 2486 800 848 2487 937 847 2488 933 849 2489 800 848 2490 933 849 2491 799 850 2492 799 850 2493 933 849 2494 929 851 2495 799 850 2496 929 851 2497 798 852 2498 798 852 2499 929 851 2500 925 853 2501 798 852 2502 925 853 2503 797 738 2504 797 738 2505 925 853 2506 917 739 2507 854 854 2508 921 855 2509 853 856 2510 853 856 2511 921 855 2512 920 857 2513 853 856 2514 920 857 2515 908 858 2516 908 858 2517 920 857 2518 928 859 2519 908 858 2520 928 859 2521 907 860 2522 907 860 2523 928 859 2524 932 861 2525 907 860 2526 932 861 2527 906 862 2528 906 862 2529 932 861 2530 936 863 2531 906 862 2532 936 863 2533 905 864 2534 905 864 2535 936 863 2536 940 865 2537 905 864 2538 940 865 2539 904 866 2540 904 866 2541 940 865 2542 944 867 2543 904 866 2544 944 867 2545 903 868 2546 903 868 2547 944 867 2548 948 869 2549 903 868 2550 948 869 2551 902 870 2552 902 870 2553 948 869 2554 952 871 2555 902 870 2556 952 871 2557 901 872 2558 901 872 2559 952 871 2560 956 873 2561 901 872 2562 956 873 2563 900 874 2564 900 874 2565 956 873 2566 960 875 2567 900 874 2568 960 875 2569 899 876 2570 899 876 2571 960 875 2572 964 877 2573 899 876 2574 964 877 2575 898 878 2576 898 878 2577 964 877 2578 968 879 2579 898 878 2580 968 879 2581 897 880 2582 897 880 2583 968 879 2584 972 881 2585 897 880 2586 972 881 2587 896 882 2588 896 882 2589 972 881 2590 976 883 2591 896 882 2592 976 883 2593 895 884 2594 895 884 2595 976 883 2596 980 885 2597 895 884 2598 980 885 2599 894 886 2600 894 886 2601 980 885 2602 984 887 2603 894 886 2604 984 887 2605 893 888 2606 893 888 2607 984 887 2608 988 889 2609 893 888 2610 988 889 2611 892 890 2612 892 890 2613 988 889 2614 992 891 2615 892 890 2616 992 891 2617 891 892 2618 891 892 2619 992 891 2620 996 893 2621 891 892 2622 996 893 2623 890 894 2624 890 894 2625 996 893 2626 1000 895 2627 890 894 2628 1000 895 2629 889 896 2630 889 896 2631 1000 895 2632 1004 897 2633 889 896 2634 1004 897 2635 888 898 2636 888 898 2637 1004 897 2638 1008 899 2639 888 898 2640 1008 899 2641 887 900 2642 887 900 2643 1008 899 2644 1012 901 2645 887 900 2646 1012 901 2647 886 902 2648 886 902 2649 1012 901 2650 1016 903 2651 886 902 2652 1016 903 2653 885 904 2654 885 904 2655 1016 903 2656 1020 905 2657 885 904 2658 1020 905 2659 884 906 2660 884 906 2661 1020 905 2662 1024 907 2663 884 906 2664 1024 907 2665 883 908 2666 883 908 2667 1024 907 2668 1028 909 2669 883 908 2670 1028 909 2671 882 910 2672 882 910 2673 1028 909 2674 1032 911 2675 882 910 2676 1032 911 2677 881 912 2678 881 912 2679 1032 911 2680 915 913 2681 909 914 2682 916 915 2683 1036 916 2684 1036 916 2685 916 915 2686 914 917 2687 1036 916 2688 914 917 2689 1035 918 2690 1035 918 2691 914 917 2692 912 919 2693 1035 918 2694 912 919 2695 1034 920 2696 1034 920 2697 912 919 2698 1037 797 2699 1034 920 2700 1037 797 2701 1033 795 2702 921 855 2703 854 854 2704 1141 921 2705 1141 921 2706 854 854 2707 855 922 2708 1141 921 2709 855 922 2710 1137 923 2711 1137 923 2712 855 922 2713 856 924 2714 1137 923 2715 856 924 2716 1133 925 2717 1133 925 2718 856 924 2719 857 926 2720 1133 925 2721 857 926 2722 1129 927 2723 1129 927 2724 857 926 2725 858 928 2726 1129 927 2727 858 928 2728 1125 929 2729 1125 929 2730 858 928 2731 859 930 2732 1125 929 2733 859 930 2734 1121 931 2735 1121 931 2736 859 930 2737 860 932 2738 1121 931 2739 860 932 2740 1117 933 2741 1117 933 2742 860 932 2743 861 934 2744 1117 933 2745 861 934 2746 1113 935 2747 1113 935 2748 861 934 2749 862 936 2750 1113 935 2751 862 936 2752 1109 937 2753 1109 937 2754 862 936 2755 863 938 2756 1109 937 2757 863 938 2758 1105 939 2759 1105 939 2760 863 938 2761 864 940 2762 1105 939 2763 864 940 2764 1101 941 2765 1101 941 2766 864 940 2767 865 942 2768 1101 941 2769 865 942 2770 1097 943 2771 1097 943 2772 865 942 2773 866 944 2774 1097 943 2775 866 944 2776 1093 945 2777 1093 945 2778 866 944 2779 867 946 2780 1093 945 2781 867 946 2782 1089 947 2783 1089 947 2784 867 946 2785 868 948 2786 1089 947 2787 868 948 2788 1085 949 2789 1085 949 2790 868 948 2791 869 950 2792 1085 949 2793 869 950 2794 1081 951 2795 1081 951 2796 869 950 2797 870 952 2798 1081 951 2799 870 952 2800 1077 953 2801 1077 953 2802 870 952 2803 871 954 2804 1077 953 2805 871 954 2806 1073 955 2807 1073 955 2808 871 954 2809 872 956 2810 1073 955 2811 872 956 2812 1069 957 2813 1069 957 2814 872 956 2815 873 958 2816 1069 957 2817 873 958 2818 1065 959 2819 1065 959 2820 873 958 2821 874 960 2822 1065 959 2823 874 960 2824 1061 961 2825 1061 961 2826 874 960 2827 875 962 2828 1061 961 2829 875 962 2830 1057 963 2831 1057 963 2832 875 962 2833 876 964 2834 1057 963 2835 876 964 2836 1053 965 2837 1053 965 2838 876 964 2839 877 966 2840 1053 965 2841 877 966 2842 1049 967 2843 1049 967 2844 877 966 2845 878 968 2846 1049 967 2847 878 968 2848 1045 969 2849 1045 969 2850 878 968 2851 879 970 2852 1045 969 2853 879 970 2854 1041 971 2855 1041 971 2856 879 970 2857 880 972 2858 1041 971 2859 880 972 2860 1036 916 2861 1036 916 2862 880 972 2863 909 914 2864 910 800 2865 911 973 2866 1029 801 2867 1029 801 2868 911 973 2869 1030 974 2870 1029 801 2871 1030 974 2872 1025 803 2873 1025 803 2874 1030 974 2875 1026 975 2876 1025 803 2877 1026 975 2878 1021 805 2879 1021 805 2880 1026 975 2881 1022 976 2882 1021 805 2883 1022 976 2884 1017 807 2885 1017 807 2886 1022 976 2887 1018 977 2888 1017 807 2889 1018 977 2890 1013 809 2891 1013 809 2892 1018 977 2893 1014 978 2894 1013 809 2895 1014 978 2896 1009 811 2897 1009 811 2898 1014 978 2899 1010 979 2900 1009 811 2901 1010 979 2902 1005 813 2903 1005 813 2904 1010 979 2905 1006 980 2906 1005 813 2907 1006 980 2908 1001 815 2909 1001 815 2910 1006 980 2911 1002 981 2912 1001 815 2913 1002 981 2914 997 817 2915 997 817 2916 1002 981 2917 998 982 2918 997 817 2919 998 982 2920 993 819 2921 993 819 2922 998 982 2923 994 983 2924 993 819 2925 994 983 2926 989 821 2927 989 821 2928 994 983 2929 990 984 2930 989 821 2931 990 984 2932 985 823 2933 985 823 2934 990 984 2935 986 985 2936 985 823 2937 986 985 2938 981 825 2939 981 825 2940 986 985 2941 982 986 2942 981 825 2943 982 986 2944 977 827 2945 977 827 2946 982 986 2947 978 987 2948 977 827 2949 978 987 2950 973 829 2951 973 829 2952 978 987 2953 974 988 2954 973 829 2955 974 988 2956 969 831 2957 969 831 2958 974 988 2959 970 989 2960 969 831 2961 970 989 2962 965 833 2963 965 833 2964 970 989 2965 966 990 2966 965 833 2967 966 990 2968 961 835 2969 961 835 2970 966 990 2971 962 991 2972 961 835 2973 962 991 2974 957 837 2975 957 837 2976 962 991 2977 958 992 2978 957 837 2979 958 992 2980 953 839 2981 953 839 2982 958 992 2983 954 993 2984 953 839 2985 954 993 2986 949 841 2987 949 841 2988 954 993 2989 950 994 2990 949 841 2991 950 994 2992 945 843 2993 945 843 2994 950 994 2995 946 995 2996 945 843 2997 946 995 2998 941 845 2999 941 845 3000 946 995 3001 942 996 3002 941 845 3003 942 996 3004 937 847 3005 937 847 3006 942 996 3007 938 997 3008 937 847 3009 938 997 3010 933 849 3011 933 849 3012 938 997 3013 934 998 3014 933 849 3015 934 998 3016 929 851 3017 929 851 3018 934 998 3019 930 999 3020 929 851 3021 930 999 3022 925 853 3023 925 853 3024 930 999 3025 926 1000 3026 925 853 3027 926 1000 3028 917 739 3029 917 739 3030 926 1000 3031 918 1001 3032 917 739 3033 918 1001 3034 924 741 3035 924 741 3036 918 1001 3037 923 1002 3038 924 741 3039 923 1002 3040 1138 743 3041 1138 743 3042 923 1002 3043 1139 1003 3044 1138 743 3045 1139 1003 3046 1134 745 3047 1134 745 3048 1139 1003 3049 1135 1004 3050 1134 745 3051 1135 1004 3052 1130 747 3053 1130 747 3054 1135 1004 3055 1131 1005 3056 1130 747 3057 1131 1005 3058 1126 749 3059 1126 749 3060 1131 1005 3061 1127 1006 3062 1126 749 3063 1127 1006 3064 1122 751 3065 1122 751 3066 1127 1006 3067 1123 1007 3068 1122 751 3069 1123 1007 3070 1118 753 3071 1118 753 3072 1123 1007 3073 1119 1008 3074 1118 753 3075 1119 1008 3076 1114 755 3077 1114 755 3078 1119 1008 3079 1115 1009 3080 1114 755 3081 1115 1009 3082 1110 757 3083 1110 757 3084 1115 1009 3085 1111 1010 3086 1110 757 3087 1111 1010 3088 1106 759 3089 1106 759 3090 1111 1010 3091 1107 1011 3092 1106 759 3093 1107 1011 3094 1102 761 3095 1102 761 3096 1107 1011 3097 1103 1012 3098 1102 761 3099 1103 1012 3100 1098 763 3101 1098 763 3102 1103 1012 3103 1099 1013 3104 1098 763 3105 1099 1013 3106 1094 765 3107 1094 765 3108 1099 1013 3109 1095 1014 3110 1094 765 3111 1095 1014 3112 1090 767 3113 1090 767 3114 1095 1014 3115 1091 1015 3116 1090 767 3117 1091 1015 3118 1086 769 3119 1086 769 3120 1091 1015 3121 1087 1016 3122 1086 769 3123 1087 1016 3124 1082 771 3125 1082 771 3126 1087 1016 3127 1083 1017 3128 1082 771 3129 1083 1017 3130 1078 773 3131 1078 773 3132 1083 1017 3133 1079 1018 3134 1078 773 3135 1079 1018 3136 1074 775 3137 1074 775 3138 1079 1018 3139 1075 1019 3140 1074 775 3141 1075 1019 3142 1070 777 3143 1070 777 3144 1075 1019 3145 1071 1020 3146 1070 777 3147 1071 1020 3148 1066 779 3149 1066 779 3150 1071 1020 3151 1067 1021 3152 1066 779 3153 1067 1021 3154 1062 781 3155 1062 781 3156 1067 1021 3157 1063 1022 3158 1062 781 3159 1063 1022 3160 1058 783 3161 1058 783 3162 1063 1022 3163 1059 1023 3164 1058 783 3165 1059 1023 3166 1054 785 3167 1054 785 3168 1059 1023 3169 1055 1024 3170 1054 785 3171 1055 1024 3172 1050 787 3173 1050 787 3174 1055 1024 3175 1051 1025 3176 1050 787 3177 1051 1025 3178 1046 789 3179 1046 789 3180 1051 1025 3181 1047 1026 3182 1046 789 3183 1047 1026 3184 1042 791 3185 1042 791 3186 1047 1026 3187 1043 1027 3188 1042 791 3189 1043 1027 3190 1038 793 3191 1038 793 3192 1043 1027 3193 1039 1028 3194 1038 793 3195 1039 1028 3196 1033 795 3197 1033 795 3198 1039 1028 3199 1034 920 3200 911 973 3201 913 1029 3202 1030 974 3203 1030 974 3204 913 1029 3205 1031 1030 3206 1030 974 3207 1031 1030 3208 1026 975 3209 1026 975 3210 1031 1030 3211 1027 1031 3212 1026 975 3213 1027 1031 3214 1023 1032 3215 1026 975 3216 1023 1032 3217 1022 976 3218 1022 976 3219 1023 1032 3220 1019 1033 3221 1022 976 3222 1019 1033 3223 1018 977 3224 1018 977 3225 1019 1033 3226 1015 1034 3227 1018 977 3228 1015 1034 3229 1014 978 3230 1014 978 3231 1015 1034 3232 1011 1035 3233 1014 978 3234 1011 1035 3235 1010 979 3236 1010 979 3237 1011 1035 3238 1007 1036 3239 1010 979 3240 1007 1036 3241 1006 980 3242 1006 980 3243 1007 1036 3244 1003 1037 3245 1006 980 3246 1003 1037 3247 1002 981 3248 1002 981 3249 1003 1037 3250 999 1038 3251 1002 981 3252 999 1038 3253 998 982 3254 998 982 3255 999 1038 3256 995 1039 3257 998 982 3258 995 1039 3259 994 983 3260 994 983 3261 995 1039 3262 991 1040 3263 994 983 3264 991 1040 3265 990 984 3266 990 984 3267 991 1040 3268 987 1041 3269 990 984 3270 987 1041 3271 986 985 3272 986 985 3273 987 1041 3274 983 1042 3275 986 985 3276 983 1042 3277 982 986 3278 982 986 3279 983 1042 3280 979 1043 3281 982 986 3282 979 1043 3283 978 987 3284 978 987 3285 979 1043 3286 975 1044 3287 978 987 3288 975 1044 3289 974 988 3290 974 988 3291 975 1044 3292 971 1045 3293 974 988 3294 971 1045 3295 970 989 3296 970 989 3297 971 1045 3298 967 1046 3299 970 989 3300 967 1046 3301 966 990 3302 966 990 3303 967 1046 3304 963 1047 3305 966 990 3306 963 1047 3307 962 991 3308 962 991 3309 963 1047 3310 959 1048 3311 962 991 3312 959 1048 3313 958 992 3314 958 992 3315 959 1048 3316 955 1049 3317 958 992 3318 955 1049 3319 954 993 3320 954 993 3321 955 1049 3322 951 1050 3323 954 993 3324 951 1050 3325 950 994 3326 950 994 3327 951 1050 3328 947 1051 3329 950 994 3330 947 1051 3331 946 995 3332 946 995 3333 947 1051 3334 943 1052 3335 946 995 3336 943 1052 3337 942 996 3338 942 996 3339 943 1052 3340 939 1053 3341 942 996 3342 939 1053 3343 938 997 3344 938 997 3345 939 1053 3346 935 1054 3347 938 997 3348 935 1054 3349 934 998 3350 934 998 3351 935 1054 3352 931 1055 3353 934 998 3354 931 1055 3355 930 999 3356 930 999 3357 931 1055 3358 927 1056 3359 930 999 3360 927 1056 3361 926 1000 3362 926 1000 3363 927 1056 3364 919 1057 3365 926 1000 3366 919 1057 3367 918 1001 3368 918 1001 3369 919 1057 3370 922 1058 3371 918 1001 3372 922 1058 3373 923 1002 3374 923 1002 3375 922 1058 3376 1140 1059 3377 923 1002 3378 1140 1059 3379 1139 1003 3380 1139 1003 3381 1140 1059 3382 1136 1060 3383 1139 1003 3384 1136 1060 3385 1135 1004 3386 1135 1004 3387 1136 1060 3388 1132 1061 3389 1135 1004 3390 1132 1061 3391 1131 1005 3392 1131 1005 3393 1132 1061 3394 1128 1062 3395 1131 1005 3396 1128 1062 3397 1127 1006 3398 1127 1006 3399 1128 1062 3400 1124 1063 3401 1127 1006 3402 1124 1063 3403 1123 1007 3404 1123 1007 3405 1124 1063 3406 1120 1064 3407 1123 1007 3408 1120 1064 3409 1119 1008 3410 1119 1008 3411 1120 1064 3412 1116 1065 3413 1119 1008 3414 1116 1065 3415 1115 1009 3416 1115 1009 3417 1116 1065 3418 1112 1066 3419 1115 1009 3420 1112 1066 3421 1111 1010 3422 1111 1010 3423 1112 1066 3424 1108 1067 3425 1111 1010 3426 1108 1067 3427 1107 1011 3428 1107 1011 3429 1108 1067 3430 1104 1068 3431 1107 1011 3432 1104 1068 3433 1103 1012 3434 1103 1012 3435 1104 1068 3436 1100 1069 3437 1103 1012 3438 1100 1069 3439 1099 1013 3440 1099 1013 3441 1100 1069 3442 1096 1070 3443 1099 1013 3444 1096 1070 3445 1095 1014 3446 1095 1014 3447 1096 1070 3448 1092 1071 3449 1095 1014 3450 1092 1071 3451 1091 1015 3452 1091 1015 3453 1092 1071 3454 1088 1072 3455 1091 1015 3456 1088 1072 3457 1087 1016 3458 1087 1016 3459 1088 1072 3460 1084 1073 3461 1087 1016 3462 1084 1073 3463 1083 1017 3464 1083 1017 3465 1084 1073 3466 1080 1074 3467 1083 1017 3468 1080 1074 3469 1079 1018 3470 1079 1018 3471 1080 1074 3472 1076 1075 3473 1079 1018 3474 1076 1075 3475 1075 1019 3476 1075 1019 3477 1076 1075 3478 1072 1076 3479 1075 1019 3480 1072 1076 3481 1071 1020 3482 1071 1020 3483 1072 1076 3484 1068 1077 3485 1071 1020 3486 1068 1077 3487 1067 1021 3488 1067 1021 3489 1068 1077 3490 1064 1078 3491 1067 1021 3492 1064 1078 3493 1063 1022 3494 1063 1022 3495 1064 1078 3496 1060 1079 3497 1063 1022 3498 1060 1079 3499 1059 1023 3500 1059 1023 3501 1060 1079 3502 1056 1080 3503 1059 1023 3504 1056 1080 3505 1055 1024 3506 1055 1024 3507 1056 1080 3508 1052 1081 3509 1055 1024 3510 1052 1081 3511 1051 1025 3512 1051 1025 3513 1052 1081 3514 1048 1082 3515 1051 1025 3516 1048 1082 3517 1047 1026 3518 1047 1026 3519 1048 1082 3520 1044 1083 3521 1047 1026 3522 1044 1083 3523 1043 1027 3524 1043 1027 3525 1044 1083 3526 1040 1084 3527 1043 1027 3528 1040 1084 3529 1039 1028 3530 1039 1028 3531 1040 1084 3532 1034 920 3533 1034 920 3534 1040 1084 3535 1035 918 3536 913 1029 3537 915 913 3538 1031 1030 3539 1031 1030 3540 915 913 3541 1032 911 3542 1031 1030 3543 1032 911 3544 1027 1031 3545 1027 1031 3546 1032 911 3547 1028 909 3548 1027 1031 3549 1028 909 3550 1023 1032 3551 1023 1032 3552 1028 909 3553 1024 907 3554 1023 1032 3555 1024 907 3556 1019 1033 3557 1019 1033 3558 1024 907 3559 1020 905 3560 1019 1033 3561 1020 905 3562 1015 1034 3563 1015 1034 3564 1020 905 3565 1016 903 3566 1015 1034 3567 1016 903 3568 1011 1035 3569 1011 1035 3570 1016 903 3571 1012 901 3572 1011 1035 3573 1012 901 3574 1007 1036 3575 1007 1036 3576 1012 901 3577 1008 899 3578 1007 1036 3579 1008 899 3580 1003 1037 3581 1003 1037 3582 1008 899 3583 1004 897 3584 1003 1037 3585 1004 897 3586 999 1038 3587 999 1038 3588 1004 897 3589 1000 895 3590 999 1038 3591 1000 895 3592 995 1039 3593 995 1039 3594 1000 895 3595 996 893 3596 995 1039 3597 996 893 3598 991 1040 3599 991 1040 3600 996 893 3601 992 891 3602 991 1040 3603 992 891 3604 987 1041 3605 987 1041 3606 992 891 3607 988 889 3608 987 1041 3609 988 889 3610 983 1042 3611 983 1042 3612 988 889 3613 984 887 3614 983 1042 3615 984 887 3616 979 1043 3617 979 1043 3618 984 887 3619 980 885 3620 979 1043 3621 980 885 3622 975 1044 3623 975 1044 3624 980 885 3625 976 883 3626 975 1044 3627 976 883 3628 971 1045 3629 971 1045 3630 976 883 3631 972 881 3632 971 1045 3633 972 881 3634 967 1046 3635 967 1046 3636 972 881 3637 968 879 3638 967 1046 3639 968 879 3640 963 1047 3641 963 1047 3642 968 879 3643 964 877 3644 963 1047 3645 964 877 3646 959 1048 3647 959 1048 3648 964 877 3649 960 875 3650 959 1048 3651 960 875 3652 955 1049 3653 955 1049 3654 960 875 3655 956 873 3656 955 1049 3657 956 873 3658 951 1050 3659 951 1050 3660 956 873 3661 952 871 3662 951 1050 3663 952 871 3664 947 1051 3665 947 1051 3666 952 871 3667 948 869 3668 947 1051 3669 948 869 3670 943 1052 3671 943 1052 3672 948 869 3673 944 867 3674 943 1052 3675 944 867 3676 939 1053 3677 939 1053 3678 944 867 3679 940 865 3680 939 1053 3681 940 865 3682 935 1054 3683 935 1054 3684 940 865 3685 936 863 3686 935 1054 3687 936 863 3688 931 1055 3689 931 1055 3690 936 863 3691 932 861 3692 931 1055 3693 932 861 3694 927 1056 3695 927 1056 3696 932 861 3697 928 859 3698 927 1056 3699 928 859 3700 919 1057 3701 919 1057 3702 928 859 3703 920 857 3704 919 1057 3705 920 857 3706 922 1058 3707 922 1058 3708 920 857 3709 921 855 3710 922 1058 3711 921 855 3712 1140 1059 3713 1140 1059 3714 921 855 3715 1141 921 3716 1140 1059 3717 1141 921 3718 1136 1060 3719 1136 1060 3720 1141 921 3721 1137 923 3722 1136 1060 3723 1137 923 3724 1132 1061 3725 1132 1061 3726 1137 923 3727 1133 925 3728 1132 1061 3729 1133 925 3730 1128 1062 3731 1128 1062 3732 1133 925 3733 1129 927 3734 1128 1062 3735 1129 927 3736 1124 1063 3737 1124 1063 3738 1129 927 3739 1125 929 3740 1124 1063 3741 1125 929 3742 1120 1064 3743 1120 1064 3744 1125 929 3745 1121 931 3746 1120 1064 3747 1121 931 3748 1116 1065 3749 1116 1065 3750 1121 931 3751 1117 933 3752 1116 1065 3753 1117 933 3754 1112 1066 3755 1112 1066 3756 1117 933 3757 1113 935 3758 1112 1066 3759 1113 935 3760 1108 1067 3761 1108 1067 3762 1113 935 3763 1109 937 3764 1108 1067 3765 1109 937 3766 1104 1068 3767 1104 1068 3768 1109 937 3769 1105 939 3770 1104 1068 3771 1105 939 3772 1100 1069 3773 1100 1069 3774 1105 939 3775 1101 941 3776 1100 1069 3777 1101 941 3778 1096 1070 3779 1096 1070 3780 1101 941 3781 1097 943 3782 1096 1070 3783 1097 943 3784 1092 1071 3785 1092 1071 3786 1097 943 3787 1093 945 3788 1092 1071 3789 1093 945 3790 1088 1072 3791 1088 1072 3792 1093 945 3793 1089 947 3794 1088 1072 3795 1089 947 3796 1084 1073 3797 1084 1073 3798 1089 947 3799 1085 949 3800 1084 1073 3801 1085 949 3802 1080 1074 3803 1080 1074 3804 1085 949 3805 1081 951 3806 1080 1074 3807 1081 951 3808 1076 1075 3809 1076 1075 3810 1081 951 3811 1077 953 3812 1076 1075 3813 1077 953 3814 1072 1076 3815 1072 1076 3816 1077 953 3817 1073 955 3818 1072 1076 3819 1073 955 3820 1068 1077 3821 1068 1077 3822 1073 955 3823 1069 957 3824 1068 1077 3825 1069 957 3826 1064 1078 3827 1064 1078 3828 1069 957 3829 1065 959 3830 1064 1078 3831 1065 959 3832 1060 1079 3833 1060 1079 3834 1065 959 3835 1061 961 3836 1060 1079 3837 1061 961 3838 1056 1080 3839 1056 1080 3840 1061 961 3841 1057 963 3842 1056 1080 3843 1057 963 3844 1052 1081 3845 1052 1081 3846 1057 963 3847 1053 965 3848 1052 1081 3849 1053 965 3850 1048 1082 3851 1048 1082 3852 1053 965 3853 1049 967 3854 1048 1082 3855 1049 967 3856 1044 1083 3857 1044 1083 3858 1049 967 3859 1045 969 3860 1044 1083 3861 1045 969 3862 1040 1084 3863 1040 1084 3864 1045 969 3865 1041 971 3866 1040 1084 3867 1041 971 3868 1035 918 3869 1035 918 3870 1041 971 3871 1036 916 3872 1144 1085 3873 1256 1086 3874 1143 1087 3875 1143 1087 3876 1256 1086 3877 1258 1088 3878 1257 1089 3879 1200 1090 3880 1199 1091 3881 1199 1091 3882 1200 1090 3883 1201 1092 3884 1199 1091 3885 1201 1092 3886 1198 1093 3887 1198 1093 3888 1201 1092 3889 1202 1094 3890 1198 1093 3891 1202 1094 3892 1197 1095 3893 1197 1095 3894 1202 1094 3895 1203 1096 3896 1197 1095 3897 1203 1096 3898 1196 1097 3899 1196 1097 3900 1203 1096 3901 1204 1098 3902 1196 1097 3903 1204 1098 3904 1195 1099 3905 1195 1099 3906 1204 1098 3907 1205 1100 3908 1195 1099 3909 1205 1100 3910 1194 1101 3911 1194 1101 3912 1205 1100 3913 1206 1102 3914 1194 1101 3915 1206 1102 3916 1193 1103 3917 1193 1103 3918 1206 1102 3919 1207 1103 3920 1193 1103 3921 1207 1103 3922 1192 1104 3923 1192 1104 3924 1207 1103 3925 1208 1105 3926 1192 1104 3927 1208 1105 3928 1191 1106 3929 1191 1106 3930 1208 1105 3931 1209 1107 3932 1191 1106 3933 1209 1107 3934 1190 1108 3935 1190 1108 3936 1209 1107 3937 1210 1109 3938 1190 1108 3939 1210 1109 3940 1189 1110 3941 1189 1110 3942 1210 1109 3943 1211 1111 3944 1189 1110 3945 1211 1111 3946 1188 1112 3947 1188 1112 3948 1211 1111 3949 1212 1113 3950 1188 1112 3951 1212 1113 3952 1187 1114 3953 1187 1114 3954 1212 1113 3955 1213 1115 3956 1187 1114 3957 1213 1115 3958 1186 1116 3959 1186 1116 3960 1213 1115 3961 1214 1117 3962 1186 1116 3963 1214 1117 3964 1185 1118 3965 1185 1118 3966 1214 1117 3967 1215 1119 3968 1185 1118 3969 1215 1119 3970 1184 1120 3971 1184 1120 3972 1215 1119 3973 1216 1121 3974 1184 1120 3975 1216 1121 3976 1183 1122 3977 1183 1122 3978 1216 1121 3979 1217 1123 3980 1183 1122 3981 1217 1123 3982 1182 1124 3983 1182 1124 3984 1217 1123 3985 1218 1125 3986 1182 1124 3987 1218 1125 3988 1181 1126 3989 1181 1126 3990 1218 1125 3991 1219 1127 3992 1181 1126 3993 1219 1127 3994 1180 1128 3995 1180 1128 3996 1219 1127 3997 1220 1129 3998 1180 1128 3999 1220 1129 4000 1179 1130 4001 1179 1130 4002 1220 1129 4003 1221 1131 4004 1179 1130 4005 1221 1131 4006 1178 1132 4007 1178 1132 4008 1221 1131 4009 1222 1133 4010 1178 1132 4011 1222 1133 4012 1177 1134 4013 1177 1134 4014 1222 1133 4015 1223 1135 4016 1177 1134 4017 1223 1135 4018 1176 1136 4019 1176 1136 4020 1223 1135 4021 1224 1137 4022 1176 1136 4023 1224 1137 4024 1175 1138 4025 1175 1138 4026 1224 1137 4027 1225 1139 4028 1175 1138 4029 1225 1139 4030 1174 1140 4031 1174 1140 4032 1225 1139 4033 1226 1141 4034 1174 1140 4035 1226 1141 4036 1173 1142 4037 1173 1142 4038 1226 1141 4039 1227 1143 4040 1173 1142 4041 1227 1143 4042 1172 1144 4043 1172 1144 4044 1227 1143 4045 1228 1145 4046 1172 1144 4047 1228 1145 4048 1171 1146 4049 1171 1146 4050 1228 1145 4051 1229 1147 4052 1171 1146 4053 1229 1147 4054 1170 1148 4055 1170 1148 4056 1229 1147 4057 1230 1149 4058 1170 1148 4059 1230 1149 4060 1169 1150 4061 1169 1150 4062 1230 1149 4063 1231 1151 4064 1169 1150 4065 1231 1151 4066 1168 1152 4067 1168 1152 4068 1231 1151 4069 1232 1153 4070 1168 1152 4071 1232 1153 4072 1167 1154 4073 1167 1154 4074 1232 1153 4075 1233 1155 4076 1167 1154 4077 1233 1155 4078 1166 1156 4079 1166 1156 4080 1233 1155 4081 1234 1157 4082 1166 1156 4083 1234 1157 4084 1165 1158 4085 1165 1158 4086 1234 1157 4087 1235 1159 4088 1165 1158 4089 1235 1159 4090 1164 1160 4091 1164 1160 4092 1235 1159 4093 1236 1161 4094 1164 1160 4095 1236 1161 4096 1163 1162 4097 1163 1162 4098 1236 1161 4099 1237 1163 4100 1163 1162 4101 1237 1163 4102 1162 1164 4103 1162 1164 4104 1237 1163 4105 1238 1165 4106 1162 1164 4107 1238 1165 4108 1161 1166 4109 1161 1166 4110 1238 1165 4111 1239 1167 4112 1161 1166 4113 1239 1167 4114 1160 1168 4115 1160 1168 4116 1239 1167 4117 1240 1169 4118 1160 1168 4119 1240 1169 4120 1159 1170 4121 1159 1170 4122 1240 1169 4123 1241 1171 4124 1159 1170 4125 1241 1171 4126 1158 1172 4127 1158 1172 4128 1241 1171 4129 1242 1173 4130 1158 1172 4131 1242 1173 4132 1157 1174 4133 1157 1174 4134 1242 1173 4135 1243 1175 4136 1157 1174 4137 1243 1175 4138 1156 1176 4139 1156 1176 4140 1243 1175 4141 1244 1177 4142 1156 1176 4143 1244 1177 4144 1155 1178 4145 1155 1178 4146 1244 1177 4147 1245 1179 4148 1155 1178 4149 1245 1179 4150 1154 1180 4151 1154 1180 4152 1245 1179 4153 1246 1181 4154 1154 1180 4155 1246 1181 4156 1153 1182 4157 1153 1182 4158 1246 1181 4159 1247 1183 4160 1153 1182 4161 1247 1183 4162 1152 1184 4163 1152 1184 4164 1247 1183 4165 1248 1185 4166 1152 1184 4167 1248 1185 4168 1151 1186 4169 1151 1186 4170 1248 1185 4171 1249 1187 4172 1151 1186 4173 1249 1187 4174 1150 1188 4175 1150 1188 4176 1249 1187 4177 1250 1189 4178 1150 1188 4179 1250 1189 4180 1149 1190 4181 1149 1190 4182 1250 1189 4183 1251 1191 4184 1149 1190 4185 1251 1191 4186 1148 1192 4187 1148 1192 4188 1251 1191 4189 1252 1193 4190 1148 1192 4191 1252 1193 4192 1147 1194 4193 1147 1194 4194 1252 1193 4195 1253 1195 4196 1147 1194 4197 1253 1195 4198 1146 1196 4199 1146 1196 4200 1253 1195 4201 1254 1197 4202 1146 1196 4203 1254 1197 4204 1145 1198 4205 1145 1198 4206 1254 1197 4207 1255 1199 4208 1145 1198 4209 1255 1199 4210 1144 1085 4211 1144 1085 4212 1255 1199 4213 1256 1086 4214 1259 1200 4215 1260 1201 4216 1450 1202 4217 1450 1202 4218 1260 1201 4219 1447 1203 4220 1450 1202 4221 1447 1203 4222 1449 1204 4223 1449 1204 4224 1447 1203 4225 1448 1205 4226 1261 1206 4227 1445 1207 4228 1260 1201 4229 1260 1201 4230 1445 1207 4231 1446 1208 4232 1260 1201 4233 1446 1208 4234 1447 1203 4235 1445 1207 4236 1261 1206 4237 1444 1209 4238 1444 1209 4239 1261 1206 4240 1262 1210 4241 1444 1209 4242 1262 1210 4243 1443 1211 4244 1443 1211 4245 1262 1210 4246 1442 1212 4247 1442 1212 4248 1262 1210 4249 1263 1213 4250 1442 1212 4251 1263 1213 4252 1441 1214 4253 1441 1214 4254 1263 1213 4255 1478 1215 4256 1441 1214 4257 1478 1215 4258 1440 83 4259 1440 83 4260 1478 1215 4261 1479 1216 4262 1440 83 4263 1479 1216 4264 1439 1217 4265 1439 1217 4266 1479 1216 4267 1438 1218 4268 1438 1218 4269 1479 1216 4270 1480 83 4271 1438 1218 4272 1480 83 4273 1437 83 4274 1437 83 4275 1480 83 4276 1436 83 4277 1436 83 4278 1480 83 4279 1435 83 4280 1435 83 4281 1480 83 4282 1481 1219 4283 1435 83 4284 1481 1219 4285 1434 1220 4286 1434 1220 4287 1481 1219 4288 1482 1221 4289 1434 1220 4290 1482 1221 4291 1433 1222 4292 1433 1222 4293 1482 1221 4294 1483 1223 4295 1433 1222 4296 1483 1223 4297 1432 1224 4298 1432 1224 4299 1483 1223 4300 1484 1225 4301 1432 1224 4302 1484 1225 4303 1431 1226 4304 1431 1226 4305 1484 1225 4306 1485 1227 4307 1431 1226 4308 1485 1227 4309 1417 1228 4310 1417 1228 4311 1485 1227 4312 1416 83 4313 1416 83 4314 1485 1227 4315 1486 83 4316 1416 83 4317 1486 83 4318 1415 83 4319 1415 83 4320 1486 83 4321 1414 83 4322 1414 83 4323 1486 83 4324 1487 1229 4325 1414 83 4326 1487 1229 4327 1413 83 4328 1413 83 4329 1487 1229 4330 1412 83 4331 1412 83 4332 1487 1229 4333 1411 1230 4334 1411 1230 4335 1487 1229 4336 1488 1231 4337 1411 1230 4338 1488 1231 4339 1410 1232 4340 1410 1232 4341 1488 1231 4342 1489 1233 4343 1410 1232 4344 1489 1233 4345 1409 1234 4346 1409 1234 4347 1489 1233 4348 1490 83 4349 1409 1234 4350 1490 83 4351 1408 83 4352 1408 83 4353 1490 83 4354 1491 1235 4355 1408 83 4356 1491 1235 4357 1407 1236 4358 1407 1236 4359 1491 1235 4360 1492 1237 4361 1407 1236 4362 1492 1237 4363 1393 83 4364 1393 83 4365 1492 1237 4366 1392 1238 4367 1392 1238 4368 1492 1237 4369 1493 1239 4370 1392 1238 4371 1493 1239 4372 1391 1240 4373 1391 1240 4374 1493 1239 4375 1390 1241 4376 1390 1241 4377 1493 1239 4378 1494 1242 4379 1390 1241 4380 1494 1242 4381 1389 1243 4382 1389 1243 4383 1494 1242 4384 1388 83 4385 1388 83 4386 1494 1242 4387 1387 1244 4388 1387 1244 4389 1494 1242 4390 1495 1245 4391 1387 1244 4392 1495 1245 4393 1386 83 4394 1386 83 4395 1495 1245 4396 1496 83 4397 1386 83 4398 1496 83 4399 1385 83 4400 1385 83 4401 1496 83 4402 1497 1246 4403 1385 83 4404 1497 1246 4405 1384 1247 4406 1384 1247 4407 1497 1246 4408 1498 1248 4409 1384 1247 4410 1498 1248 4411 1383 1249 4412 1383 1249 4413 1498 1248 4414 1499 1250 4415 1383 1249 4416 1499 1250 4417 1369 83 4418 1369 83 4419 1499 1250 4420 1368 1251 4421 1368 1251 4422 1499 1250 4423 1500 1252 4424 1368 1251 4425 1500 1252 4426 1367 83 4427 1367 83 4428 1500 1252 4429 1366 1253 4430 1366 1253 4431 1500 1252 4432 1501 1254 4433 1366 1253 4434 1501 1254 4435 1365 83 4436 1365 83 4437 1501 1254 4438 1364 1255 4439 1364 1255 4440 1501 1254 4441 1363 1256 4442 1363 1256 4443 1501 1254 4444 1502 83 4445 1363 1256 4446 1502 83 4447 1362 83 4448 1362 83 4449 1502 83 4450 1503 83 4451 1362 83 4452 1503 83 4453 1361 83 4454 1361 83 4455 1503 83 4456 1504 83 4457 1361 83 4458 1504 83 4459 1360 83 4460 1360 83 4461 1504 83 4462 1505 83 4463 1360 83 4464 1505 83 4465 1359 1257 4466 1359 1257 4467 1505 83 4468 1506 83 4469 1359 1257 4470 1506 83 4471 1345 1258 4472 1345 1258 4473 1506 83 4474 1344 83 4475 1344 83 4476 1506 83 4477 1451 1259 4478 1344 83 4479 1451 1259 4480 1343 1260 4481 1343 1260 4482 1451 1259 4483 1342 1261 4484 1342 1261 4485 1451 1259 4486 1452 83 4487 1342 1261 4488 1452 83 4489 1341 83 4490 1341 83 4491 1452 83 4492 1340 83 4493 1340 83 4494 1452 83 4495 1339 83 4496 1339 83 4497 1452 83 4498 1453 1262 4499 1339 83 4500 1453 1262 4501 1338 1263 4502 1338 1263 4503 1453 1262 4504 1454 1264 4505 1338 1263 4506 1454 1264 4507 1337 1265 4508 1337 1265 4509 1454 1264 4510 1455 1266 4511 1337 1265 4512 1455 1266 4513 1336 1247 4514 1336 1247 4515 1455 1266 4516 1456 1267 4517 1336 1247 4518 1456 1267 4519 1335 1268 4520 1335 1268 4521 1456 1267 4522 1457 1269 4523 1335 1268 4524 1457 1269 4525 1321 1270 4526 1321 1270 4527 1457 1269 4528 1320 83 4529 1320 83 4530 1457 1269 4531 1458 83 4532 1320 83 4533 1458 83 4534 1319 83 4535 1319 83 4536 1458 83 4537 1318 83 4538 1318 83 4539 1458 83 4540 1459 1271 4541 1318 83 4542 1459 1271 4543 1317 83 4544 1317 83 4545 1459 1271 4546 1316 83 4547 1316 83 4548 1459 1271 4549 1315 1272 4550 1315 1272 4551 1459 1271 4552 1460 1273 4553 1315 1272 4554 1460 1273 4555 1314 1274 4556 1314 1274 4557 1460 1273 4558 1461 1275 4559 1314 1274 4560 1461 1275 4561 1313 1276 4562 1313 1276 4563 1461 1275 4564 1462 83 4565 1313 1276 4566 1462 83 4567 1312 83 4568 1312 83 4569 1462 83 4570 1463 1277 4571 1312 83 4572 1463 1277 4573 1311 1278 4574 1311 1278 4575 1463 1277 4576 1464 1279 4577 1311 1278 4578 1464 1279 4579 1297 83 4580 1297 83 4581 1464 1279 4582 1296 1280 4583 1296 1280 4584 1464 1279 4585 1465 1281 4586 1296 1280 4587 1465 1281 4588 1295 1282 4589 1295 1282 4590 1465 1281 4591 1294 1283 4592 1294 1283 4593 1465 1281 4594 1466 1284 4595 1294 1283 4596 1466 1284 4597 1293 1285 4598 1293 1285 4599 1466 1284 4600 1292 83 4601 1292 83 4602 1466 1284 4603 1291 1286 4604 1291 1286 4605 1466 1284 4606 1467 1287 4607 1291 1286 4608 1467 1287 4609 1290 83 4610 1290 83 4611 1467 1287 4612 1468 83 4613 1290 83 4614 1468 83 4615 1289 83 4616 1289 83 4617 1468 83 4618 1469 1288 4619 1289 83 4620 1469 1288 4621 1288 1224 4622 1288 1224 4623 1469 1288 4624 1470 1289 4625 1288 1224 4626 1470 1289 4627 1287 1290 4628 1287 1290 4629 1470 1289 4630 1471 1291 4631 1287 1290 4632 1471 1291 4633 1273 83 4634 1273 83 4635 1471 1291 4636 1272 1292 4637 1272 1292 4638 1471 1291 4639 1472 1293 4640 1272 1292 4641 1472 1293 4642 1271 83 4643 1271 83 4644 1472 1293 4645 1270 1294 4646 1270 1294 4647 1472 1293 4648 1473 1295 4649 1270 1294 4650 1473 1295 4651 1269 83 4652 1269 83 4653 1473 1295 4654 1268 1296 4655 1268 1296 4656 1473 1295 4657 1267 1297 4658 1267 1297 4659 1473 1295 4660 1474 83 4661 1267 1297 4662 1474 83 4663 1266 83 4664 1266 83 4665 1474 83 4666 1475 83 4667 1266 83 4668 1475 83 4669 1265 83 4670 1265 83 4671 1475 83 4672 1476 83 4673 1265 83 4674 1476 83 4675 1264 83 4676 1264 83 4677 1476 83 4678 1477 83 4679 1264 83 4680 1477 83 4681 1263 1213 4682 1263 1213 4683 1477 83 4684 1478 1215 4685 1273 83 4686 1274 1298 4687 1287 1290 4688 1287 1290 4689 1274 1298 4690 1286 1299 4691 1286 1299 4692 1274 1298 4693 1275 1300 4694 1286 1299 4695 1275 1300 4696 1276 1301 4697 1286 1299 4698 1276 1301 4699 1285 1302 4700 1285 1302 4701 1276 1301 4702 1277 1303 4703 1285 1302 4704 1277 1303 4705 1284 1304 4706 1284 1304 4707 1277 1303 4708 1278 1305 4709 1284 1304 4710 1278 1305 4711 1279 1306 4712 1280 1307 4713 1281 1308 4714 1279 1306 4715 1279 1306 4716 1281 1308 4717 1282 1309 4718 1279 1306 4719 1282 1309 4720 1284 1304 4721 1284 1304 4722 1282 1309 4723 1283 1310 4724 1297 83 4725 1298 1311 4726 1311 1278 4727 1311 1278 4728 1298 1311 4729 1310 1312 4730 1310 1312 4731 1298 1311 4732 1299 1313 4733 1310 1312 4734 1299 1313 4735 1300 1314 4736 1310 1312 4737 1300 1314 4738 1309 1315 4739 1309 1315 4740 1300 1314 4741 1301 1316 4742 1309 1315 4743 1301 1316 4744 1308 1317 4745 1308 1317 4746 1301 1316 4747 1302 83 4748 1308 1317 4749 1302 83 4750 1303 1318 4751 1304 1319 4752 1305 1320 4753 1303 1318 4754 1303 1318 4755 1305 1320 4756 1306 1321 4757 1303 1318 4758 1306 1321 4759 1308 1317 4760 1308 1317 4761 1306 1321 4762 1307 1322 4763 1321 1270 4764 1322 1323 4765 1335 1268 4766 1335 1268 4767 1322 1323 4768 1334 1324 4769 1334 1324 4770 1322 1323 4771 1323 1325 4772 1334 1324 4773 1323 1325 4774 1324 1326 4775 1334 1324 4776 1324 1326 4777 1333 1327 4778 1333 1327 4779 1324 1326 4780 1325 1328 4781 1333 1327 4782 1325 1328 4783 1332 1329 4784 1332 1329 4785 1325 1328 4786 1326 1330 4787 1332 1329 4788 1326 1330 4789 1327 1331 4790 1328 83 4791 1329 1332 4792 1327 1331 4793 1327 1331 4794 1329 1332 4795 1330 1333 4796 1327 1331 4797 1330 1333 4798 1332 1329 4799 1332 1329 4800 1330 1333 4801 1331 1334 4802 1345 1258 4803 1346 1335 4804 1359 1257 4805 1359 1257 4806 1346 1335 4807 1358 1336 4808 1358 1336 4809 1346 1335 4810 1347 1337 4811 1358 1336 4812 1347 1337 4813 1348 1338 4814 1358 1336 4815 1348 1338 4816 1357 1339 4817 1357 1339 4818 1348 1338 4819 1349 1340 4820 1357 1339 4821 1349 1340 4822 1356 1341 4823 1356 1341 4824 1349 1340 4825 1350 1342 4826 1356 1341 4827 1350 1342 4828 1351 1343 4829 1352 83 4830 1353 1344 4831 1351 1343 4832 1351 1343 4833 1353 1344 4834 1354 1345 4835 1351 1343 4836 1354 1345 4837 1356 1341 4838 1356 1341 4839 1354 1345 4840 1355 1346 4841 1369 83 4842 1370 1347 4843 1383 1249 4844 1383 1249 4845 1370 1347 4846 1382 1348 4847 1382 1348 4848 1370 1347 4849 1371 1349 4850 1382 1348 4851 1371 1349 4852 1372 1350 4853 1382 1348 4854 1372 1350 4855 1381 1351 4856 1381 1351 4857 1372 1350 4858 1373 1352 4859 1381 1351 4860 1373 1352 4861 1380 1353 4862 1380 1353 4863 1373 1352 4864 1374 1354 4865 1380 1353 4866 1374 1354 4867 1375 1355 4868 1376 1356 4869 1377 1357 4870 1375 1355 4871 1375 1355 4872 1377 1357 4873 1378 1358 4874 1375 1355 4875 1378 1358 4876 1380 1353 4877 1380 1353 4878 1378 1358 4879 1379 1359 4880 1393 83 4881 1394 1360 4882 1407 1236 4883 1407 1236 4884 1394 1360 4885 1406 1361 4886 1406 1361 4887 1394 1360 4888 1395 1362 4889 1406 1361 4890 1395 1362 4891 1396 1363 4892 1406 1361 4893 1396 1363 4894 1405 1364 4895 1405 1364 4896 1396 1363 4897 1397 1365 4898 1405 1364 4899 1397 1365 4900 1404 1366 4901 1404 1366 4902 1397 1365 4903 1398 83 4904 1404 1366 4905 1398 83 4906 1399 1367 4907 1400 1368 4908 1401 1369 4909 1399 1367 4910 1399 1367 4911 1401 1369 4912 1402 1370 4913 1399 1367 4914 1402 1370 4915 1404 1366 4916 1404 1366 4917 1402 1370 4918 1403 1371 4919 1417 1228 4920 1418 1372 4921 1431 1226 4922 1431 1226 4923 1418 1372 4924 1430 1373 4925 1430 1373 4926 1418 1372 4927 1419 1374 4928 1430 1373 4929 1419 1374 4930 1420 1375 4931 1430 1373 4932 1420 1375 4933 1429 1376 4934 1429 1376 4935 1420 1375 4936 1421 1377 4937 1429 1376 4938 1421 1377 4939 1428 1378 4940 1428 1378 4941 1421 1377 4942 1422 1379 4943 1428 1378 4944 1422 1379 4945 1423 1380 4946 1424 83 4947 1425 1381 4948 1423 1380 4949 1423 1380 4950 1425 1381 4951 1426 1382 4952 1423 1380 4953 1426 1382 4954 1428 1378 4955 1428 1378 4956 1426 1382 4957 1427 1383 4958 1508 1384 4959 1509 1385 4960 1507 1386 4961 1507 1386 4962 1509 1385 4963 1510 1387 4964 1507 1386 4965 1510 1387 4966 1511 1388 4967 1511 1388 4968 1512 1389 4969 1507 1386 4970 1507 1386 4971 1512 1389 4972 1513 1390 4973 1507 1386 4974 1513 1390 4975 1565 1391 4976 1565 1391 4977 1513 1390 4978 1536 1392 4979 1565 1391 4980 1536 1392 4981 1537 1393 4982 1514 1394 4983 1550 1395 4984 1513 1390 4985 1513 1390 4986 1550 1395 4987 1551 1396 4988 1513 1390 4989 1551 1396 4990 1552 1397 4991 1515 1384 4992 1546 1398 4993 1514 1394 4994 1514 1394 4995 1546 1398 4996 1547 1399 4997 1514 1394 4998 1547 1399 4999 1548 1400 5000 1515 1384 5001 1516 1401 5002 1546 1398 5003 1546 1398 5004 1516 1401 5005 1517 1402 5006 1546 1398 5007 1517 1402 5008 1518 1403 5009 1518 1403 5010 1519 1404 5011 1546 1398 5012 1546 1398 5013 1519 1404 5014 1520 1405 5015 1546 1398 5016 1520 1405 5017 1545 1384 5018 1545 1384 5019 1520 1405 5020 1544 1384 5021 1544 1384 5022 1520 1405 5023 1543 1406 5024 1543 1406 5025 1520 1405 5026 1542 1407 5027 1542 1407 5028 1520 1405 5029 1521 1408 5030 1542 1407 5031 1521 1408 5032 1541 1409 5033 1541 1409 5034 1521 1408 5035 1540 1410 5036 1540 1410 5037 1521 1408 5038 1539 1411 5039 1539 1411 5040 1521 1408 5041 1538 1412 5042 1538 1412 5043 1521 1408 5044 1527 1413 5045 1538 1412 5046 1527 1413 5047 1563 1414 5048 1563 1414 5049 1527 1413 5050 1562 1415 5051 1562 1415 5052 1527 1413 5053 1561 1384 5054 1561 1384 5055 1527 1413 5056 1560 1384 5057 1560 1384 5058 1527 1413 5059 1559 1416 5060 1559 1416 5061 1527 1413 5062 1528 1417 5063 1559 1416 5064 1528 1417 5065 1558 1418 5066 1558 1418 5067 1528 1417 5068 1557 1419 5069 1557 1419 5070 1528 1417 5071 1556 1420 5072 1556 1420 5073 1528 1417 5074 1555 1421 5075 1555 1421 5076 1528 1417 5077 1529 1422 5078 1555 1421 5079 1529 1422 5080 1530 1423 5081 1521 1408 5082 1522 1424 5083 1527 1413 5084 1527 1413 5085 1522 1424 5086 1523 1425 5087 1527 1413 5088 1523 1425 5089 1524 1426 5090 1524 1426 5091 1525 1385 5092 1527 1413 5093 1527 1413 5094 1525 1385 5095 1526 1384 5096 1530 1423 5097 1531 1427 5098 1555 1421 5099 1555 1421 5100 1531 1427 5101 1532 1428 5102 1555 1421 5103 1532 1428 5104 1533 1429 5105 1533 1429 5106 1534 1430 5107 1555 1421 5108 1555 1421 5109 1534 1430 5110 1554 1384 5111 1554 1384 5112 1534 1430 5113 1553 1384 5114 1553 1384 5115 1534 1430 5116 1570 1431 5117 1570 1431 5118 1534 1430 5119 1569 1432 5120 1569 1432 5121 1534 1430 5122 1507 1386 5123 1569 1432 5124 1507 1386 5125 1568 1433 5126 1568 1433 5127 1507 1386 5128 1567 1434 5129 1567 1434 5130 1507 1386 5131 1566 1435 5132 1566 1435 5133 1507 1386 5134 1565 1391 5135 1552 1397 5136 1535 1436 5137 1513 1390 5138 1513 1390 5139 1535 1436 5140 1536 1392 5141 1565 1391 5142 1537 1393 5143 1564 1437 5144 1564 1437 5145 1537 1393 5146 1538 1412 5147 1564 1437 5148 1538 1412 5149 1563 1414 5150 1548 1400 5151 1549 1438 5152 1514 1394 5153 1514 1394 5154 1549 1438 5155 1550 1395 5156 1584 1439 5157 1571 1440 5158 1583 1441 5159 1583 1441 5160 1571 1440 5161 1572 1442 5162 1583 1441 5163 1572 1442 5164 1582 1443 5165 1582 1443 5166 1572 1442 5167 1573 1444 5168 1582 1443 5169 1573 1444 5170 1581 1445 5171 1581 1445 5172 1573 1444 5173 1574 1446 5174 1581 1445 5175 1574 1446 5176 1580 1447 5177 1580 1447 5178 1574 1446 5179 1575 1448 5180 1580 1447 5181 1575 1448 5182 1579 1449 5183 1579 1449 5184 1575 1448 5185 1576 1450 5186 1579 1449 5187 1576 1450 5188 1578 1451 5189 1578 1451 5190 1576 1450 5191 1577 1452 5192 1585 1453 5193 1586 1453 5194 1588 1453 5195 1588 1453 5196 1586 1453 5197 1587 1453 5198 1602 1454 5199 1589 1455 5200 1601 1456 5201 1601 1456 5202 1589 1455 5203 1590 1457 5204 1601 1456 5205 1590 1457 5206 1600 1458 5207 1600 1458 5208 1590 1457 5209 1591 1459 5210 1600 1458 5211 1591 1459 5212 1599 1460 5213 1599 1460 5214 1591 1459 5215 1592 1461 5216 1599 1460 5217 1592 1461 5218 1598 1462 5219 1598 1462 5220 1592 1461 5221 1593 1463 5222 1598 1462 5223 1593 1463 5224 1597 1464 5225 1597 1464 5226 1593 1463 5227 1594 1465 5228 1597 1464 5229 1594 1465 5230 1596 1466 5231 1596 1466 5232 1594 1465 5233 1595 1467 5234 1603 1468 5235 1604 1468 5236 1606 1468 5237 1606 1468 5238 1604 1468 5239 1605 1468 5240 1608 1469 5241 1642 1470 5242 1607 1471 5243 1607 1471 5244 1642 1470 5245 1644 1472 5246 1643 1473 5247 1625 1474 5248 1624 1475 5249 1624 1475 5250 1625 1474 5251 1626 1476 5252 1624 1475 5253 1626 1476 5254 1623 1477 5255 1623 1477 5256 1626 1476 5257 1627 1478 5258 1623 1477 5259 1627 1478 5260 1622 1479 5261 1622 1479 5262 1627 1478 5263 1628 1480 5264 1622 1479 5265 1628 1480 5266 1621 1481 5267 1621 1481 5268 1628 1480 5269 1629 1482 5270 1621 1481 5271 1629 1482 5272 1620 1483 5273 1620 1483 5274 1629 1482 5275 1630 1484 5276 1620 1483 5277 1630 1484 5278 1619 1485 5279 1619 1485 5280 1630 1484 5281 1631 1486 5282 1619 1485 5283 1631 1486 5284 1618 1487 5285 1618 1487 5286 1631 1486 5287 1632 1488 5288 1618 1487 5289 1632 1488 5290 1617 1489 5291 1617 1489 5292 1632 1488 5293 1633 1490 5294 1617 1489 5295 1633 1490 5296 1616 1491 5297 1616 1491 5298 1633 1490 5299 1634 1492 5300 1616 1491 5301 1634 1492 5302 1615 1493 5303 1615 1493 5304 1634 1492 5305 1635 1494 5306 1615 1493 5307 1635 1494 5308 1614 1495 5309 1614 1495 5310 1635 1494 5311 1636 1496 5312 1614 1495 5313 1636 1496 5314 1613 1497 5315 1613 1497 5316 1636 1496 5317 1637 1498 5318 1613 1497 5319 1637 1498 5320 1612 1499 5321 1612 1499 5322 1637 1498 5323 1638 1500 5324 1612 1499 5325 1638 1500 5326 1611 1501 5327 1611 1501 5328 1638 1500 5329 1639 1502 5330 1611 1501 5331 1639 1502 5332 1610 1503 5333 1610 1503 5334 1639 1502 5335 1640 1504 5336 1610 1503 5337 1640 1504 5338 1609 1505 5339 1609 1505 5340 1640 1504 5341 1641 1506 5342 1609 1505 5343 1641 1506 5344 1608 1469 5345 1608 1469 5346 1641 1506 5347 1642 1470 5348 1646 1507 5349 1680 1508 5350 1645 1509 5351 1645 1509 5352 1680 1508 5353 1682 1510 5354 1681 1511 5355 1663 1512 5356 1662 1513 5357 1662 1513 5358 1663 1512 5359 1664 1514 5360 1662 1513 5361 1664 1514 5362 1661 1515 5363 1661 1515 5364 1664 1514 5365 1665 1516 5366 1661 1515 5367 1665 1516 5368 1660 1517 5369 1660 1517 5370 1665 1516 5371 1666 1518 5372 1660 1517 5373 1666 1518 5374 1659 1519 5375 1659 1519 5376 1666 1518 5377 1667 1520 5378 1659 1519 5379 1667 1520 5380 1658 1521 5381 1658 1521 5382 1667 1520 5383 1668 1522 5384 1658 1521 5385 1668 1522 5386 1657 1523 5387 1657 1523 5388 1668 1522 5389 1669 1524 5390 1657 1523 5391 1669 1524 5392 1656 1525 5393 1656 1525 5394 1669 1524 5395 1670 1526 5396 1656 1525 5397 1670 1526 5398 1655 1527 5399 1655 1527 5400 1670 1526 5401 1671 1528 5402 1655 1527 5403 1671 1528 5404 1654 1529 5405 1654 1529 5406 1671 1528 5407 1672 1530 5408 1654 1529 5409 1672 1530 5410 1653 1531 5411 1653 1531 5412 1672 1530 5413 1673 1532 5414 1653 1531 5415 1673 1532 5416 1652 1533 5417 1652 1533 5418 1673 1532 5419 1674 1534 5420 1652 1533 5421 1674 1534 5422 1651 1535 5423 1651 1535 5424 1674 1534 5425 1675 1536 5426 1651 1535 5427 1675 1536 5428 1650 1537 5429 1650 1537 5430 1675 1536 5431 1676 1538 5432 1650 1537 5433 1676 1538 5434 1649 1539 5435 1649 1539 5436 1676 1538 5437 1677 1540 5438 1649 1539 5439 1677 1540 5440 1648 1541 5441 1648 1541 5442 1677 1540 5443 1678 1542 5444 1648 1541 5445 1678 1542 5446 1647 1543 5447 1647 1543 5448 1678 1542 5449 1679 1544 5450 1647 1543 5451 1679 1544 5452 1646 1507 5453 1646 1507 5454 1679 1544 5455 1680 1508 5456 1696 1545 5457 1683 1546 5458 1695 1547 5459 1695 1547 5460 1683 1546 5461 1684 1548 5462 1695 1547 5463 1684 1548 5464 1694 1549 5465 1694 1549 5466 1684 1548 5467 1685 1550 5468 1694 1549 5469 1685 1550 5470 1693 1551 5471 1693 1551 5472 1685 1550 5473 1686 1552 5474 1693 1551 5475 1686 1552 5476 1692 1553 5477 1692 1553 5478 1686 1552 5479 1687 1554 5480 1692 1553 5481 1687 1554 5482 1691 1555 5483 1691 1555 5484 1687 1554 5485 1688 1556 5486 1691 1555 5487 1688 1556 5488 1690 1557 5489 1690 1557 5490 1688 1556 5491 1689 1558 5492 1714 83 5493 1697 1559 5494 1790 1560 5495 1790 1560 5496 1697 1559 5497 1698 1561 5498 1790 1560 5499 1698 1561 5500 1785 1562 5501 1785 1562 5502 1698 1561 5503 1699 1563 5504 1785 1562 5505 1699 1563 5506 1700 1564 5507 1785 1562 5508 1700 1564 5509 1784 1565 5510 1784 1565 5511 1700 1564 5512 1701 1566 5513 1784 1565 5514 1701 1566 5515 1702 83 5516 1702 83 5517 1703 1567 5518 1784 1565 5519 1784 1565 5520 1703 1567 5521 1783 1568 5522 1783 1568 5523 1703 1567 5524 1704 1569 5525 1783 1568 5526 1704 1569 5527 1782 1570 5528 1782 1570 5529 1704 1569 5530 1705 83 5531 1782 1570 5532 1705 83 5533 1706 83 5534 1706 83 5535 1707 1571 5536 1782 1570 5537 1782 1570 5538 1707 1571 5539 1781 1572 5540 1781 1572 5541 1707 1571 5542 1708 1573 5543 1781 1572 5544 1708 1573 5545 1709 83 5546 1710 83 5547 1796 1574 5548 1709 83 5549 1709 83 5550 1796 1574 5551 1780 1575 5552 1709 83 5553 1780 1575 5554 1781 1572 5555 1710 83 5556 1711 1576 5557 1796 1574 5558 1796 1574 5559 1711 1576 5560 1712 1577 5561 1796 1574 5562 1712 1577 5563 1713 1578 5564 1714 83 5565 1790 1560 5566 1713 1578 5567 1713 1578 5568 1790 1560 5569 1791 1579 5570 1713 1578 5571 1791 1579 5572 1792 1580 5573 1716 1581 5574 1753 1582 5575 1715 1583 5576 1715 1583 5577 1753 1582 5578 1754 1584 5579 1715 1583 5580 1754 1584 5581 1732 1585 5582 1732 1585 5583 1754 1584 5584 1731 1586 5585 1731 1586 5586 1754 1584 5587 1755 1587 5588 1731 1586 5589 1755 1587 5590 1730 1588 5591 1730 1588 5592 1755 1587 5593 1729 1589 5594 1729 1589 5595 1755 1587 5596 1728 1590 5597 1728 1590 5598 1755 1587 5599 1756 1591 5600 1728 1590 5601 1756 1591 5602 1727 83 5603 1727 83 5604 1756 1591 5605 1726 1592 5606 1726 1592 5607 1756 1591 5608 1757 1593 5609 1726 1592 5610 1757 1593 5611 1725 1594 5612 1725 1594 5613 1757 1593 5614 1804 1595 5615 1725 1594 5616 1804 1595 5617 1724 1596 5618 1724 1596 5619 1804 1595 5620 1723 83 5621 1723 83 5622 1804 1595 5623 1722 1597 5624 1722 1597 5625 1804 1595 5626 1805 1598 5627 1722 1597 5628 1805 1598 5629 1806 1599 5630 1716 1581 5631 1717 1600 5632 1753 1582 5633 1753 1582 5634 1717 1600 5635 1752 1601 5636 1752 1601 5637 1717 1600 5638 1718 1602 5639 1752 1601 5640 1718 1602 5641 1810 1603 5642 1810 1603 5643 1718 1602 5644 1719 1604 5645 1810 1603 5646 1719 1604 5647 1720 83 5648 1720 83 5649 1721 1605 5650 1810 1603 5651 1810 1603 5652 1721 1605 5653 1722 1597 5654 1810 1603 5655 1722 1597 5656 1809 83 5657 1809 83 5658 1722 1597 5659 1808 83 5660 1808 83 5661 1722 1597 5662 1807 1606 5663 1807 1606 5664 1722 1597 5665 1806 1599 5666 1734 1607 5667 1817 1608 5668 1733 1609 5669 1733 1609 5670 1817 1608 5671 1790 1560 5672 1733 1609 5673 1790 1560 5674 1789 1607 5675 1789 1607 5676 1790 1560 5677 1788 1610 5678 1788 1610 5679 1790 1560 5680 1787 1611 5681 1787 1611 5682 1790 1560 5683 1786 1612 5684 1786 1612 5685 1790 1560 5686 1785 1562 5687 1734 1607 5688 1735 1610 5689 1817 1608 5690 1817 1608 5691 1735 1610 5692 1736 1613 5693 1817 1608 5694 1736 1613 5695 1737 1614 5696 1737 1614 5697 1738 1615 5698 1817 1608 5699 1817 1608 5700 1738 1615 5701 1739 1616 5702 1817 1608 5703 1739 1616 5704 1740 1617 5705 1817 1608 5706 1740 1617 5707 1811 1618 5708 1811 1618 5709 1740 1617 5710 1741 1619 5711 1811 1618 5712 1741 1619 5713 1742 1620 5714 1742 1620 5715 1743 1621 5716 1811 1618 5717 1811 1618 5718 1743 1621 5719 1744 1622 5720 1811 1618 5721 1744 1622 5722 1745 83 5723 1745 83 5724 1746 1623 5725 1811 1618 5726 1811 1618 5727 1746 1623 5728 1747 1624 5729 1811 1618 5730 1747 1624 5731 1810 1603 5732 1810 1603 5733 1747 1624 5734 1748 1625 5735 1810 1603 5736 1748 1625 5737 1749 1626 5738 1749 1626 5739 1750 83 5740 1810 1603 5741 1810 1603 5742 1750 83 5743 1751 1627 5744 1810 1603 5745 1751 1627 5746 1752 1601 5747 1757 1593 5748 1758 1628 5749 1804 1595 5750 1804 1595 5751 1758 1628 5752 1759 1629 5753 1804 1595 5754 1759 1629 5755 1760 1630 5756 1760 1630 5757 1761 1631 5758 1804 1595 5759 1804 1595 5760 1761 1631 5761 1762 1632 5762 1804 1595 5763 1762 1632 5764 1803 1633 5765 1803 1633 5766 1762 1632 5767 1763 1634 5768 1803 1633 5769 1763 1634 5770 1764 1635 5771 1764 1635 5772 1765 1636 5773 1803 1633 5774 1803 1633 5775 1765 1636 5776 1766 1637 5777 1803 1633 5778 1766 1637 5779 1767 83 5780 1767 83 5781 1768 83 5782 1803 1633 5783 1803 1633 5784 1768 83 5785 1769 1638 5786 1803 1633 5787 1769 1638 5788 1797 1639 5789 1797 1639 5790 1769 1638 5791 1770 1640 5792 1797 1639 5793 1770 1640 5794 1771 1641 5795 1771 1641 5796 1772 83 5797 1797 1639 5798 1797 1639 5799 1772 83 5800 1773 1642 5801 1797 1639 5802 1773 1642 5803 1774 1643 5804 1774 1643 5805 1775 1644 5806 1797 1639 5807 1797 1639 5808 1775 1644 5809 1776 1624 5810 1797 1639 5811 1776 1624 5812 1796 1574 5813 1796 1574 5814 1776 1624 5815 1777 1645 5816 1796 1574 5817 1777 1645 5818 1778 1646 5819 1778 1646 5820 1779 1647 5821 1796 1574 5822 1796 1574 5823 1779 1647 5824 1780 1575 5825 1792 1580 5826 1793 1648 5827 1713 1578 5828 1713 1578 5829 1793 1648 5830 1794 1649 5831 1713 1578 5832 1794 1649 5833 1795 1650 5834 1795 1650 5835 1796 1574 5836 1713 1578 5837 1798 83 5838 1799 83 5839 1797 1639 5840 1797 1639 5841 1799 83 5842 1800 83 5843 1797 1639 5844 1800 83 5845 1801 83 5846 1801 83 5847 1802 83 5848 1797 1639 5849 1797 1639 5850 1802 83 5851 1803 1633 5852 1811 1618 5853 1812 1651 5854 1817 1608 5855 1817 1608 5856 1812 1651 5857 1813 1652 5858 1817 1608 5859 1813 1652 5860 1814 83 5861 1814 83 5862 1815 83 5863 1817 1608 5864 1817 1608 5865 1815 83 5866 1816 83 5867 1818 1653 5868 1819 1653 5869 1821 1653 5870 1821 1653 5871 1819 1653 5872 1820 1653 5873 1835 1654 5874 1822 1655 5875 1834 1656 5876 1834 1656 5877 1822 1655 5878 1823 1657 5879 1834 1656 5880 1823 1657 5881 1833 1658 5882 1833 1658 5883 1823 1657 5884 1824 1659 5885 1833 1658 5886 1824 1659 5887 1832 1660 5888 1832 1660 5889 1824 1659 5890 1825 1661 5891 1832 1660 5892 1825 1661 5893 1831 1662 5894 1831 1662 5895 1825 1661 5896 1826 1663 5897 1831 1662 5898 1826 1663 5899 1830 1664 5900 1830 1664 5901 1826 1663 5902 1827 1665 5903 1830 1664 5904 1827 1665 5905 1829 1666 5906 1829 1666 5907 1827 1665 5908 1828 1667 5909 1836 1668 5910 1837 1668 5911 1839 1668 5912 1839 1668 5913 1837 1668 5914 1838 1668 5915</p>
        </triangles>
      </mesh>
    </geometry>
    <geometry id="Körper1-mesh" name="Körper1">
      <mesh>
        <source id="Körper1-mesh-positions">
          <float_array id="Körper1-mesh-positions-array" count="1860">-1.93 -0.435 0.24 -1.93 -0.435 0.665 -1.525 -0.435 0.665 -1.525 -0.435 0.24 -1.93 -0.435 0.665 -1.93 0.435 0.665 -1.525 0.435 0.665 -1.525 -0.435 0.665 -1.93 0.435 0.665 -1.93 0.435 0.24 -1.525 0.435 0.24 -1.525 0.435 0.665 -1.93 0.435 0.24 -1.93 -0.435 0.24 -1.525 -0.435 0.24 -1.525 0.435 0.24 -1.525 0.435 0.24 -1.525 -0.435 0.24 -1.525 -0.435 0.665 -1.525 0.435 0.665 1.17 1.41 0 1.180662 1.339259 0 1.211703 1.274803 0 1.260362 1.22236 0 1.322318 1.18659 0 1.392065 1.170671 0 1.463405 1.176017 0 1.53 1.202154 0 1.585932 1.246759 0 1.626232 1.305868 0 1.647319 1.37423 0 1.647319 1.44577 0 1.626232 1.514132 0 1.585932 1.573241 0 1.53 1.617846 0 1.463405 1.643983 0 1.392065 1.649329 0 1.322318 1.63341 0 1.260362 1.59764 0 1.211703 1.545197 0 1.180662 1.480741 0 -1.65 -1.41 0 -1.639337 -1.480741 0 -1.608297 -1.545197 0 -1.559638 -1.59764 0 -1.497682 -1.63341 0 -1.427935 -1.649329 0 -1.356595 -1.643983 0 -1.29 -1.617846 0 -1.234068 -1.573241 0 -1.193767 -1.514132 0 -1.172681 -1.44577 0 -1.172681 -1.37423 0 -1.193767 -1.305868 0 -1.234068 -1.246759 0 -1.29 -1.202154 0 -1.356595 -1.176017 0 -1.427935 -1.170671 0 -1.497682 -1.18659 0 -1.559638 -1.22236 0 -1.608297 -1.274803 0 -1.639337 -1.339259 0 1.68 1.93 0 1.744705 1.921481 0 1.805 1.896506 0 1.856777 1.856777 0 1.896506 1.805 0 1.921481 1.744705 0 1.93 1.68 0 1.93 -1.68 0 1.921481 -1.744705 0 1.896506 -1.805 0 1.856777 -1.856777 0 1.805 -1.896506 0 1.744705 -1.921481 0 1.68 -1.93 0 -1.68 -1.93 0 -1.744705 -1.921481 0 -1.805 -1.896506 0 -1.856777 -1.856777 0 -1.896506 -1.805 0 -1.921481 -1.744705 0 -1.93 -1.68 0 -1.93 1.68 0 -1.921481 1.744705 0 -1.896506 1.805 0 -1.856777 1.856777 0 -1.805 1.896506 0 -1.744705 1.921481 0 -1.68 1.93 0 -1.93 -0.435 0.665 -1.93 -0.435 0.24 -1.93 0.435 0.24 -1.93 0.435 0.665 -1.93 -1.68 1.815 -1.93 1.68 1.815 -1.93 1.68 0 -1.93 -1.68 0 -1.68 -1.93 1.815 -1.744705 -1.921481 1.815 -1.805 -1.896506 1.815 -1.856777 -1.856777 1.815 -1.896506 -1.805 1.815 -1.921481 -1.744705 1.815 -1.93 -1.68 1.815 -1.93 -1.68 0 -1.921481 -1.744705 0 -1.896506 -1.805 0 -1.856777 -1.856777 0 -1.805 -1.896506 0 -1.744705 -1.921481 0 -1.68 -1.93 0 1.68 -1.93 1.815 -1.68 -1.93 1.815 -1.68 -1.93 0 1.68 -1.93 0 -1.93 1.68 1.815 -1.921481 1.744705 1.815 -1.896506 1.805 1.815 -1.856777 1.856777 1.815 -1.805 1.896506 1.815 -1.744705 1.921481 1.815 -1.68 1.93 1.815 -1.68 1.93 0 -1.744705 1.921481 0 -1.805 1.896506 0 -1.856777 1.856777 0 -1.896506 1.805 0 -1.921481 1.744705 0 -1.93 1.68 0 -1.51 -1.41 1.23 -1.503969 -1.444202 1.23 -1.486604 -1.474279 1.23 -1.46 -1.496603 1.23 -1.427365 -1.508481 1.23 -1.392635 -1.508481 1.23 -1.36 -1.496603 1.23 -1.333396 -1.474279 1.23 -1.316031 -1.444202 1.23 -1.31 -1.41 1.23 -1.316031 -1.375798 1.23 -1.333396 -1.345721 1.23 -1.36 -1.323397 1.23 -1.392635 -1.311519 1.23 -1.427365 -1.311519 1.23 -1.46 -1.323397 1.23 -1.486604 -1.345721 1.23 -1.503969 -1.375798 1.23 -1.65 -1.41 1.23 -1.639337 -1.339259 1.23 -1.608297 -1.274803 1.23 -1.559638 -1.22236 1.23 -1.497682 -1.18659 1.23 -1.427935 -1.170671 1.23 -1.356595 -1.176017 1.23 -1.29 -1.202154 1.23 -1.234068 -1.246759 1.23 -1.193767 -1.305868 1.23 -1.172681 -1.37423 1.23 -1.172681 -1.44577 1.23 -1.193767 -1.514132 1.23 -1.234068 -1.573241 1.23 -1.29 -1.617846 1.23 -1.356595 -1.643983 1.23 -1.427935 -1.649329 1.23 -1.497682 -1.63341 1.23 -1.559638 -1.59764 1.23 -1.608297 -1.545197 1.23 -1.639337 -1.480741 1.23 -1.65 -1.41 1.23 -1.639337 -1.480741 1.23 -1.608297 -1.545197 1.23 -1.559638 -1.59764 1.23 -1.497682 -1.63341 1.23 -1.427935 -1.649329 1.23 -1.356595 -1.643983 1.23 -1.29 -1.617846 1.23 -1.234068 -1.573241 1.23 -1.193767 -1.514132 1.23 -1.172681 -1.44577 1.23 -1.172681 -1.37423 1.23 -1.193767 -1.305868 1.23 -1.234068 -1.246759 1.23 -1.29 -1.202154 1.23 -1.356595 -1.176017 1.23 -1.427935 -1.170671 1.23 -1.497682 -1.18659 1.23 -1.559638 -1.22236 1.23 -1.608297 -1.274803 1.23 -1.639337 -1.339259 1.23 -1.65 -1.41 0 -1.639337 -1.339259 0 -1.608297 -1.274803 0 -1.559638 -1.22236 0 -1.497682 -1.18659 0 -1.427935 -1.170671 0 -1.356595 -1.176017 0 -1.29 -1.202154 0 -1.234068 -1.246759 0 -1.193767 -1.305868 0 -1.172681 -1.37423 0 -1.172681 -1.44577 0 -1.193767 -1.514132 0 -1.234068 -1.573241 0 -1.29 -1.617846 0 -1.356595 -1.643983 0 -1.427935 -1.649329 0 -1.497682 -1.63341 0 -1.559638 -1.59764 0 -1.608297 -1.545197 0 -1.639337 -1.480741 0 -1.65 -1.41 1.23 -1.65 -1.41 0 1.31 1.41 1.23 1.316031 1.375798 1.23 1.333396 1.345721 1.23 1.36 1.323397 1.23 1.392635 1.311519 1.23 1.427365 1.311519 1.23 1.46 1.323397 1.23 1.486604 1.345721 1.23 1.503969 1.375798 1.23 1.51 1.41 1.23 1.503969 1.444202 1.23 1.486604 1.474279 1.23 1.46 1.496603 1.23 1.427365 1.508481 1.23 1.392635 1.508481 1.23 1.36 1.496603 1.23 1.333396 1.474279 1.23 1.316031 1.444202 1.23 1.17 1.41 1.23 1.180662 1.480741 1.23 1.211703 1.545197 1.23 1.260362 1.59764 1.23 1.322318 1.63341 1.23 1.392065 1.649329 1.23 1.463405 1.643983 1.23 1.53 1.617846 1.23 1.585932 1.573241 1.23 1.626232 1.514132 1.23 1.647319 1.44577 1.23 1.647319 1.37423 1.23 1.626232 1.305868 1.23 1.585932 1.246759 1.23 1.53 1.202154 1.23 1.463405 1.176017 1.23 1.392065 1.170671 1.23 1.322318 1.18659 1.23 1.260362 1.22236 1.23 1.211703 1.274803 1.23 1.180662 1.339259 1.23 1.17 1.41 1.23 1.180662 1.339259 1.23 1.211703 1.274803 1.23 1.260362 1.22236 1.23 1.322318 1.18659 1.23 1.392065 1.170671 1.23 1.463405 1.176017 1.23 1.53 1.202154 1.23 1.585932 1.246759 1.23 1.626232 1.305868 1.23 1.647319 1.37423 1.23 1.647319 1.44577 1.23 1.626232 1.514132 1.23 1.585932 1.573241 1.23 1.53 1.617846 1.23 1.463405 1.643983 1.23 1.392065 1.649329 1.23 1.322318 1.63341 1.23 1.260362 1.59764 1.23 1.211703 1.545197 1.23 1.180662 1.480741 1.23 1.17 1.41 0 1.180662 1.480741 0 1.211703 1.545197 0 1.260362 1.59764 0 1.322318 1.63341 0 1.392065 1.649329 0 1.463405 1.643983 0 1.53 1.617846 0 1.585932 1.573241 0 1.626232 1.514132 0 1.647319 1.44577 0 1.647319 1.37423 0 1.626232 1.305868 0 1.585932 1.246759 0 1.53 1.202154 0 1.463405 1.176017 0 1.392065 1.170671 0 1.322318 1.18659 0 1.260362 1.22236 0 1.211703 1.274803 0 1.180662 1.339259 0 1.17 1.41 1.23 1.17 1.41 0 -1.51 -1.41 1.595 -1.503969 -1.375798 1.595 -1.486604 -1.345721 1.595 -1.46 -1.323397 1.595 -1.427365 -1.311519 1.595 -1.392635 -1.311519 1.595 -1.36 -1.323397 1.595 -1.333396 -1.345721 1.595 -1.316031 -1.375798 1.595 -1.31 -1.41 1.595 -1.316031 -1.444202 1.595 -1.333396 -1.474279 1.595 -1.36 -1.496603 1.595 -1.392635 -1.508481 1.595 -1.427365 -1.508481 1.595 -1.46 -1.496603 1.595 -1.486604 -1.474279 1.595 -1.503969 -1.444202 1.595 -1.231 -1.41 1.595 -1.241795 -1.348778 1.595 -1.272878 -1.294941 1.595 -1.3205 -1.254981 1.595 -1.378917 -1.233719 1.595 -1.441083 -1.233719 1.595 -1.4995 -1.254981 1.595 -1.547122 -1.294941 1.595 -1.578205 -1.348778 1.595 -1.589 -1.41 1.595 -1.578205 -1.471222 1.595 -1.547122 -1.525059 1.595 -1.4995 -1.565019 1.595 -1.441083 -1.586281 1.595 -1.378917 -1.586281 1.595 -1.3205 -1.565019 1.595 -1.272878 -1.525059 1.595 -1.241795 -1.471222 1.595 1.31 1.41 1.595 1.316031 1.444202 1.595 1.333396 1.474279 1.595 1.36 1.496603 1.595 1.392635 1.508481 1.595 1.427365 1.508481 1.595 1.46 1.496603 1.595 1.486604 1.474279 1.595 1.503969 1.444202 1.595 1.51 1.41 1.595 1.503969 1.375798 1.595 1.486604 1.345721 1.595 1.46 1.323397 1.595 1.427365 1.311519 1.595 1.392635 1.311519 1.595 1.36 1.323397 1.595 1.333396 1.345721 1.595 1.316031 1.375798 1.595 1.589 1.41 1.595 1.578205 1.471222 1.595 1.547122 1.525059 1.595 1.4995 1.565019 1.595 1.441083 1.586281 1.595 1.378917 1.586281 1.595 1.3205 1.565019 1.595 1.272878 1.525059 1.595 1.241795 1.471222 1.595 1.231 1.41 1.595 1.241795 1.348778 1.595 1.272878 1.294941 1.595 1.3205 1.254981 1.595 1.378917 1.233719 1.595 1.441083 1.233719 1.595 1.4995 1.254981 1.595 1.547122 1.294941 1.595 1.578205 1.348778 1.595 -1.51 -1.41 1.595 -1.503969 -1.444202 1.595 -1.486604 -1.474279 1.595 -1.46 -1.496603 1.595 -1.427365 -1.508481 1.595 -1.392635 -1.508481 1.595 -1.36 -1.496603 1.595 -1.333396 -1.474279 1.595 -1.316031 -1.444202 1.595 -1.31 -1.41 1.595 -1.316031 -1.375798 1.595 -1.333396 -1.345721 1.595 -1.36 -1.323397 1.595 -1.392635 -1.311519 1.595 -1.427365 -1.311519 1.595 -1.46 -1.323397 1.595 -1.486604 -1.345721 1.595 -1.503969 -1.375798 1.595 -1.51 -1.41 1.23 -1.503969 -1.375798 1.23 -1.486604 -1.345721 1.23 -1.46 -1.323397 1.23 -1.427365 -1.311519 1.23 -1.392635 -1.311519 1.23 -1.36 -1.323397 1.23 -1.333396 -1.345721 1.23 -1.316031 -1.375798 1.23 -1.31 -1.41 1.23 -1.316031 -1.444202 1.23 -1.333396 -1.474279 1.23 -1.36 -1.496603 1.23 -1.392635 -1.508481 1.23 -1.427365 -1.508481 1.23 -1.46 -1.496603 1.23 -1.486604 -1.474279 1.23 -1.503969 -1.444202 1.23 -1.51 -1.41 1.595 -1.51 -1.41 1.23 1.31 1.41 1.595 1.316031 1.375798 1.595 1.333396 1.345721 1.595 1.36 1.323397 1.595 1.392635 1.311519 1.595 1.427365 1.311519 1.595 1.46 1.323397 1.595 1.486604 1.345721 1.595 1.503969 1.375798 1.595 1.51 1.41 1.595 1.503969 1.444202 1.595 1.486604 1.474279 1.595 1.46 1.496603 1.595 1.427365 1.508481 1.595 1.392635 1.508481 1.595 1.36 1.496603 1.595 1.333396 1.474279 1.595 1.316031 1.444202 1.595 1.31 1.41 1.23 1.316031 1.444202 1.23 1.333396 1.474279 1.23 1.36 1.496603 1.23 1.392635 1.508481 1.23 1.427365 1.508481 1.23 1.46 1.496603 1.23 1.486604 1.474279 1.23 1.503969 1.444202 1.23 1.51 1.41 1.23 1.503969 1.375798 1.23 1.486604 1.345721 1.23 1.46 1.323397 1.23 1.427365 1.311519 1.23 1.392635 1.311519 1.23 1.36 1.323397 1.23 1.333396 1.345721 1.23 1.316031 1.375798 1.23 1.31 1.41 1.595 1.31 1.41 1.23 -1.231 -1.41 1.595 -1.241795 -1.471222 1.595 -1.272878 -1.525059 1.595 -1.3205 -1.565019 1.595 -1.378917 -1.586281 1.595 -1.441083 -1.586281 1.595 -1.4995 -1.565019 1.595 -1.547122 -1.525059 1.595 -1.578205 -1.471222 1.595 -1.589 -1.41 1.595 -1.578205 -1.348778 1.595 -1.547122 -1.294941 1.595 -1.4995 -1.254981 1.595 -1.441083 -1.233719 1.595 -1.378917 -1.233719 1.595 -1.3205 -1.254981 1.595 -1.272878 -1.294941 1.595 -1.241795 -1.348778 1.595 -1.231 -1.41 1.815 -1.241795 -1.348778 1.815 -1.272878 -1.294941 1.815 -1.3205 -1.254981 1.815 -1.378917 -1.233719 1.815 -1.441083 -1.233719 1.815 -1.4995 -1.254981 1.815 -1.547122 -1.294941 1.815 -1.578205 -1.348778 1.815 -1.589 -1.41 1.815 -1.578205 -1.471222 1.815 -1.547122 -1.525059 1.815 -1.4995 -1.565019 1.815 -1.441083 -1.586281 1.815 -1.378917 -1.586281 1.815 -1.3205 -1.565019 1.815 -1.272878 -1.525059 1.815 -1.241795 -1.471222 1.815 -1.231 -1.41 1.595 -1.231 -1.41 1.815 1.589 1.41 1.595 1.578205 1.348778 1.595 1.547122 1.294941 1.595 1.4995 1.254981 1.595 1.441083 1.233719 1.595 1.378917 1.233719 1.595 1.3205 1.254981 1.595 1.272878 1.294941 1.595 1.241795 1.348778 1.595 1.231 1.41 1.595 1.241795 1.471222 1.595 1.272878 1.525059 1.595 1.3205 1.565019 1.595 1.378917 1.586281 1.595 1.441083 1.586281 1.595 1.4995 1.565019 1.595 1.547122 1.525059 1.595 1.578205 1.471222 1.595 1.589 1.41 1.815 1.578205 1.471222 1.815 1.547122 1.525059 1.815 1.4995 1.565019 1.815 1.441083 1.586281 1.815 1.378917 1.586281 1.815 1.3205 1.565019 1.815 1.272878 1.525059 1.815 1.241795 1.471222 1.815 1.231 1.41 1.815 1.241795 1.348778 1.815 1.272878 1.294941 1.815 1.3205 1.254981 1.815 1.378917 1.233719 1.815 1.441083 1.233719 1.815 1.4995 1.254981 1.815 1.547122 1.294941 1.815 1.578205 1.348778 1.815 1.589 1.41 1.595 1.589 1.41 1.815 1.93 -1.68 1.815 1.921481 -1.744705 1.815 1.896506 -1.805 1.815 1.856777 -1.856777 1.815 1.805 -1.896506 1.815 1.744705 -1.921481 1.815 1.68 -1.93 1.815 1.68 -1.93 0 1.744705 -1.921481 0 1.805 -1.896506 0 1.856777 -1.856777 0 1.896506 -1.805 0 1.921481 -1.744705 0 1.93 -1.68 0 1.93 1.68 1.815 1.93 -1.68 1.815 1.93 -1.68 0 1.93 1.68 0 1.68 1.93 1.815 1.744705 1.921481 1.815 1.805 1.896506 1.815 1.856777 1.856777 1.815 1.896506 1.805 1.815 1.921481 1.744705 1.815 1.93 1.68 1.815 1.93 1.68 0 1.921481 1.744705 0 1.896506 1.805 0 1.856777 1.856777 0 1.805 1.896506 0 1.744705 1.921481 0 1.68 1.93 0 -1.68 1.93 1.815 1.68 1.93 1.815 1.68 1.93 0 -1.68 1.93 0 1.589 1.41 1.815 1.578205 1.348778 1.815 1.547122 1.294941 1.815 1.4995 1.254981 1.815 1.441083 1.233719 1.815 1.378917 1.233719 1.815 1.3205 1.254981 1.815 1.272878 1.294941 1.815 1.241795 1.348778 1.815 1.231 1.41 1.815 1.241795 1.471222 1.815 1.272878 1.525059 1.815 1.3205 1.565019 1.815 1.378917 1.586281 1.815 1.441083 1.586281 1.815 1.4995 1.565019 1.815 1.547122 1.525059 1.815 1.578205 1.471222 1.815 -1.231 -1.41 1.815 -1.241795 -1.471222 1.815 -1.272878 -1.525059 1.815 -1.3205 -1.565019 1.815 -1.378917 -1.586281 1.815 -1.441083 -1.586281 1.815 -1.4995 -1.565019 1.815 -1.547122 -1.525059 1.815 -1.578205 -1.471222 1.815 -1.589 -1.41 1.815 -1.578205 -1.348778 1.815 -1.547122 -1.294941 1.815 -1.4995 -1.254981 1.815 -1.441083 -1.233719 1.815 -1.378917 -1.233719 1.815 -1.3205 -1.254981 1.815 -1.272878 -1.294941 1.815 -1.241795 -1.348778 1.815 1.68 -1.93 1.815 1.744705 -1.921481 1.815 1.805 -1.896506 1.815 1.856777 -1.856777 1.815 1.896506 -1.805 1.815 1.921481 -1.744705 1.815 1.93 -1.68 1.815 1.93 1.68 1.815 1.921481 1.744705 1.815 1.896506 1.805 1.815 1.856777 1.856777 1.815 1.805 1.896506 1.815 1.744705 1.921481 1.815 1.68 1.93 1.815 -1.68 1.93 1.815 -1.744705 1.921481 1.815 -1.805 1.896506 1.815 -1.856777 1.856777 1.815 -1.896506 1.805 1.815 -1.921481 1.744705 1.815 -1.93 1.68 1.815 -1.93 -1.68 1.815 -1.921481 -1.744705 1.815 -1.896506 -1.805 1.815 -1.856777 -1.856777 1.815 -1.805 -1.896506 1.815 -1.744705 -1.921481 1.815 -1.68 -1.93 1.815</float_array>
          <technique_common>
            <accessor source="#Körper1-mesh-positions-array" count="620" stride="3">
              <param name="X" type="float"/>
              <param name="Y" type="float"/>
              <param name="Z" type="float"/>
            </accessor>
          </technique_common>
        </source>
        <source id="Körper1-mesh-normals">
          <float_array id="Körper1-mesh-normals-array" count="1416">0 1 0 0 0 -1 0 -1 0 0 0 1 -1 0 0 -1 1.68404e-7 0 -1 0 0 -1 0 0 -1 0 0 -1 0 0 -1 0 0 -1 0 0 -2.70456e-5 -1 6.26362e-6 -2.65092e-5 -1 -6.23406e-6 -0.2588186 -0.965926 0 -0.2588189 -0.9659259 0 -0.5 -0.8660256 0 -0.4999994 -0.8660259 0 -0.7071065 -0.7071071 0 -0.7071071 -0.7071065 0 -0.8660248 -0.5000011 0 -0.8660268 -0.4999978 0 -0.9659256 -0.2588201 0 -0.9659266 -0.2588164 0 -1 -2.63602e-5 6.23406e-6 -1 -2.63453e-5 -6.26362e-6 -1 2.63453e-5 6.26362e-6 -1 2.63602e-5 -6.23406e-6 -0.9659266 0.2588164 0 -0.9659256 0.2588201 0 -0.8660268 0.4999978 0 -0.8660248 0.5000011 0 -0.7071071 0.7071065 0 -0.7071065 0.7071071 0 -0.4999994 0.8660259 0 -0.5 0.8660256 0 -0.2588189 0.9659259 0 -0.2588186 0.965926 0 -2.65092e-5 1 6.23406e-6 -2.70456e-5 1 -6.26362e-6 8.82666e-7 0 -1 2.55971e-7 0 -1 1.09561e-6 0 -1 -1.29401e-7 0 -1 -3.81451e-7 0 -1 0 0 -1 -1.45718e-6 0 -1 -3.57829e-7 0 -1 -1.68147e-6 0 -1 -9.13084e-7 0 -1 -1.59982e-7 0 -1 -9.58665e-7 0 -1 3.04408e-7 0 -1 -2.55795e-7 0 -1 1.29933e-7 0 -1 5.4934e-7 0 -1 0 0 -1 6.47634e-7 0 -1 6.64879e-7 0 -1 -1.46355e-7 0 -1 6.72806e-7 0 -1 1.23256e-6 0 -1 -1.12164e-6 0 -1 1.57102e-6 0 -1 -1.32976e-6 0 -1 3.44446e-7 0 -1 -1.23572e-6 0 -1 7.67335e-7 0 -1 9.92895e-7 0 -1 1.29401e-7 0 -1 5.78262e-7 0 -1 0.9555724 0.2947566 0 0.9555735 0.2947529 0 1 3.20673e-5 0 1 3.20971e-5 0 1 -3.23206e-5 0 1 -3.23206e-5 0 0.9555737 -0.2947527 0 0.9555725 -0.2947564 0 0.8262398 -0.5633187 0 0.8262377 -0.5633218 0 0.6234903 -0.7818311 0 0.6234883 -0.7818328 0 0.3653429 -0.930873 0 0.3653399 -0.9308742 0 0.07473212 -0.9972037 0 0.07472878 -0.9972039 0 -0.22252 -0.9749282 0 -0.2225218 -0.9749278 0 -0.4999997 -0.8660256 0 -0.5000012 -0.8660248 0 -0.733051 -0.6801737 0 -0.7330527 -0.6801718 0 -0.9009683 -0.4338851 0 -0.90097 -0.4338815 0 -0.9888308 -0.1490434 0 -0.9888312 -0.1490395 0 -0.9888312 0.1490395 0 -0.9888308 0.1490434 0 -0.90097 0.4338815 0 -0.9009683 0.4338851 0 -0.7330527 0.6801718 0 -0.733051 0.6801737 0 -0.5000005 0.8660252 0 -0.499999 0.866026 0 -0.2225219 0.9749277 0 -0.2225201 0.9749282 0 0.07472795 0.997204 0 0.07473129 0.9972037 0 0.3653399 0.9308742 0 0.3653429 0.930873 0 0.6234887 0.7818324 0 0.6234908 0.7818308 0 0.8262377 0.5633217 0 0.8262399 0.5633184 0 5.78263e-7 0 -1 5.47804e-7 0 -1 1.27985e-7 0 -1 1.29401e-7 0 -1 9.92895e-7 0 -1 0 0 -1 -1.45718e-6 0 -1 2.00878e-6 0 -1 3.5196e-7 0 -1 1.23256e-6 0 -1 3.04408e-7 0 -1 -2.55795e-7 0 -1 1.29933e-7 0 -1 0 0 -1 -1.92321e-7 0 -1 6.47633e-7 0 -1 1.30119e-7 0 -1 6.11442e-7 0 -1 6.64883e-7 0 -1 -1.46353e-7 0 -1 6.72811e-7 0 -1 -9.58664e-7 0 -1 -1.59982e-7 0 -1 -9.13084e-7 0 -1 3.44447e-7 0 -1 -1.23572e-6 0 -1 7.67337e-7 0 -1 -1.29401e-7 0 -1 1.52196e-7 0 -1 0.9555725 0.2947564 0 0.9555733 0.2947539 0 1 3.23206e-5 0 1 3.23206e-5 0 1 -3.20971e-5 0 1 -3.20673e-5 0 0.9555732 -0.2947541 0 0.9555724 -0.2947567 0 0.8262394 -0.5633194 0 0.8262383 -0.5633208 0 0.6234908 -0.7818307 0 0.6234894 -0.7818318 0 0.3653423 -0.9308732 0 0.3653402 -0.9308741 0 0.07473051 -0.9972038 0 0.07472825 -0.997204 0 -0.2225198 -0.9749282 0 -0.2225223 -0.9749276 0 -0.4999979 -0.8660266 0 -0.500001 -0.8660249 0 -0.7330512 -0.6801736 0 -0.733052 -0.6801726 0 -0.9009693 -0.433883 0 -0.9009684 -0.4338847 0 -0.9888309 -0.1490423 0 -0.9888309 -0.1490421 0 -0.9888309 0.1490421 0 -0.9888309 0.1490423 0 -0.9009684 0.4338847 0 -0.9009693 0.433883 0 -0.733052 0.6801726 0 -0.7330512 0.6801736 0 -0.5000016 0.8660246 0 -0.4999985 0.8660262 0 -0.2225222 0.9749276 0 -0.2225197 0.9749282 0 0.07472908 0.9972039 0 0.07473134 0.9972037 0 0.3653402 0.9308741 0 0.3653423 0.9308732 0 0.6234891 0.7818322 0 0.6234903 0.7818311 0 0.8262382 0.5633211 0 0.8262392 0.5633197 0 3.22839e-7 0 1 1.11858e-6 0 1 3.22838e-7 0 1 1.88882e-6 0 1 -7.33047e-7 0 1 0 0 1 -1.44656e-6 0 1 -1.54052e-6 0 1 7.70258e-7 0 1 1.12372e-6 0 1 0 0 1 1.01553e-6 0 1 -1.39945e-6 0 1 -3.22838e-7 0 1 -1.11858e-6 0 1 -3.22839e-7 0 1 -7.70261e-7 0 1 1.37871e-6 0 1 -7.40966e-7 0 1 1.55195e-7 0 1 -1.54052e-6 0 1 7.70261e-7 0 1 -4.78035e-7 0 1 2.77967e-7 0 1 -1.33836e-6 0 1 8.40171e-7 0 1 3.22838e-7 0 1 3.22839e-7 0 1 7.70261e-7 0 1 -1.37871e-6 0 1 7.40966e-7 0 1 -1.55195e-7 0 1 1.54052e-6 0 1 -7.70261e-7 0 1 4.78035e-7 0 1 -2.77967e-7 0 1 1.33836e-6 0 1 -8.40171e-7 0 1 -3.22839e-7 0 1 -3.22838e-7 0 1 -1.88882e-6 0 1 7.33047e-7 0 1 0 0 1 1.44656e-6 0 1 1.54052e-6 0 1 -7.70258e-7 0 1 -1.12372e-6 0 1 0 0 1 -1.01553e-6 0 1 1.39945e-6 0 1 0.9396917 0.3420228 0 0.9396939 0.3420169 0 1 3.5271e-5 0 1 3.5271e-5 0 1 -3.58969e-5 0 1 -3.5882e-5 0 0.9396937 -0.3420172 0 0.9396917 -0.3420229 0 0.7660448 -0.6427873 0 0.7660427 -0.6427898 0 0.4999997 -0.8660256 0 0.5 -0.8660255 0 0.1736492 -0.9848077 0 0.1736469 -0.984808 0 -0.1736469 -0.984808 0 -0.1736499 -0.9848075 0 -0.4999988 -0.8660261 0 -0.5000014 -0.8660247 0 -0.7660431 -0.6427893 0 -0.7660446 -0.6427875 0 -0.9396914 -0.3420236 0 -0.9396923 -0.3420212 0 -1 -1.43527e-6 0 -1 8.38041e-7 0 -0.9396923 0.3420211 0 -0.9396916 0.3420231 0 -0.7660445 0.6427875 0 -0.7660432 0.6427893 0 -0.5000015 0.8660246 0 -0.4999988 0.8660262 0 -0.1736499 0.9848075 0 -0.1736469 0.984808 0 0.1736469 0.984808 0 0.1736491 0.9848077 0 0.5000001 0.8660253 0 0.4999995 0.8660258 0 0.7660426 0.6427898 0 0.7660448 0.6427872 0 0.9396914 0.3420236 0 0.9396923 0.3420212 0 1 4.04567e-5 0 1 4.04417e-5 0 1 -3.98457e-5 0 1 -3.98457e-5 0 0.9396923 -0.3420211 0 0.9396916 -0.3420231 0 0.7660445 -0.6427875 0 0.7660432 -0.6427893 0 0.5000015 -0.8660246 0 0.4999988 -0.8660262 0 0.1736499 -0.9848075 0 -0.1736469 -0.984808 0 -0.1736491 -0.9848077 0 -0.5000001 -0.8660253 0 -0.4999995 -0.8660258 0 -0.7660426 -0.6427898 0 -0.7660448 -0.6427872 0 -0.9396917 -0.3420228 0 -0.9396939 -0.3420169 0 -1 -8.28408e-7 0 -1 1.46416e-6 0 -0.9396937 0.3420172 0 -0.9396917 0.3420229 0 -0.7660448 0.6427873 0 -0.7660427 0.6427898 0 -0.4999997 0.8660256 0 -0.5 0.8660255 0 -0.1736492 0.9848077 0 0.1736469 0.984808 0 0.1736499 0.9848075 0 0.4999988 0.8660261 0 0.5000014 0.8660247 0 0.7660431 0.6427893 0 0.7660446 0.6427875 0 -0.9396948 0.3420144 0 -0.9396904 0.3420265 0 -1 3.69847e-5 0 -1 4.01735e-5 0 -1 -4.03672e-5 0 -1 -3.68506e-5 0 -0.9396901 -0.3420271 0 -0.9396946 -0.3420148 0 -0.7660415 -0.6427912 0 -0.7660487 -0.6427826 0 -0.4999963 -0.8660276 0 -0.5000036 -0.8660234 0 -0.1736431 -0.9848086 0 -0.1736515 -0.9848071 0 0.1736518 -0.9848072 0 0.1736435 -0.9848086 0 0.5000039 -0.8660232 0 0.4999967 -0.8660274 0 0.7660462 -0.6427855 0 0.7660431 -0.6427893 0 0.9396937 -0.3420172 0 0.9396914 -0.3420235 0 1 5.86646e-6 0 1 -5.82793e-6 0 0.9396916 0.3420231 0 0.9396939 0.3420166 0 0.7660428 0.6427896 0 0.7660462 0.6427857 0 0.4999967 0.8660274 0 0.5000039 0.8660232 0 0.1736443 0.9848085 0 0.1736525 0.984807 0 -0.1736523 0.984807 0 -0.1736439 0.9848086 0 -0.5000036 0.8660233 0 -0.4999963 0.8660276 0 -0.7660485 0.6427828 0 -0.7660413 0.6427915 0 -0.9396937 0.3420172 0 -0.9396914 0.3420235 0 -1 3.69251e-5 0 -1 4.00841e-5 0 -1 -4.02778e-5 0 -1 -3.6791e-5 0 -0.9396916 -0.3420231 0 -0.9396939 -0.3420166 0 -0.7660428 -0.6427896 0 -0.7660462 -0.6427857 0 -0.4999967 -0.8660274 0 -0.5000039 -0.8660232 0 -0.1736443 -0.9848085 0 -0.1736525 -0.984807 0 0.1736523 -0.984807 0 0.1736439 -0.9848086 0 0.5000036 -0.8660233 0 0.4999963 -0.8660276 0 0.7660485 -0.6427828 0 0.7660413 -0.6427915 0 0.9396948 -0.3420144 0 0.9396904 -0.3420265 0 1 5.87609e-6 0 1 -5.83756e-6 0 0.9396901 0.3420271 0 0.9396946 0.3420148 0 0.7660415 0.6427912 0 0.7660487 0.6427826 0 0.4999963 0.8660276 0 0.5000036 0.8660234 0 0.1736431 0.9848086 0 0.1736515 0.9848071 0 -0.1736518 0.9848072 0 -0.1736435 0.9848086 0 -0.5000039 0.8660232 0 -0.4999967 0.8660274 0 -0.7660462 0.6427855 0 -0.7660431 0.6427893 0 1 -2.63453e-5 6.26362e-6 1 -2.63602e-5 -6.23406e-6 0.9659266 -0.2588164 0 0.9659256 -0.2588201 0 0.8660268 -0.4999978 0 0.8660248 -0.5000011 0 0.7071071 -0.7071065 0 0.7071065 -0.7071071 0 0.4999994 -0.8660259 0 0.5 -0.8660256 0 0.2588189 -0.9659259 0 0.2588186 -0.965926 0 2.65092e-5 -1 6.23406e-6 2.70456e-5 -1 -6.26362e-6 1 0 0 2.70456e-5 1 6.26362e-6 2.65092e-5 1 -6.23406e-6 0.2588186 0.965926 0 0.2588189 0.9659259 0 0.5 0.8660256 0 0.4999994 0.8660259 0 0.7071065 0.7071071 0 0.7071071 0.7071065 0 0.8660248 0.5000011 0 0.8660268 0.4999978 0 0.9659256 0.2588201 0 0.9659266 0.2588164 0 1 2.63602e-5 6.23406e-6 1 2.63453e-5 -6.26362e-6 -5.23353e-7 0 1 -5.73967e-7 0 1 0 0 1 6.88393e-6 0 1 1.76684e-7 0 1 1.27367e-7 0 1 9.73708e-7 0 1 2.50767e-6 0 1 -3.43303e-6 0 1 -1.15477e-6 0 1 0 0 1 0 0 1 -2.37692e-7 0 1 0 0 1 1.49245e-6 0 1 1.64577e-6 0 1 8.1116e-7 0 1 -1.75739e-7 0 1 1.28418e-7 0 1 0 0 1 -1.4349e-7 0 1 8.4956e-7 0 1 0 0 1 5.35424e-6 0 1 -1.7815e-6 0 1 -1.65354e-6 0 1 0 0 1 9.50119e-7 0 1 1.26047e-6 0 1 0 0 1 2.02384e-7 0 1 -8.4956e-7 0 1 0 0 1 -5.35424e-6 0 1 1.7815e-6 0 1 1.65354e-6 0 1 0 0 1 -9.50119e-7 0 1 -1.26047e-6 0 1 0 0 1 8.69991e-7 0 1 1.92997e-7 0 1 -7.03627e-6 0 1 -1.76684e-7 0 1 -2.21644e-7 0 1 -9.73708e-7 0 1 -2.50767e-6 0 1 3.43303e-6 0 1 1.36389e-7 0 1 9.73264e-7 0 1 2.16962e-6 0 1 -4.40096e-6 0 1 1.75058e-6 0 1 3.25424e-7 0 1 -8.67958e-7 0 1</float_array>
          <technique_common>
            <accessor source="#Körper1-mesh-normals-array" count="472" stride="3">
              <param name="X" type="float"/>
              <param name="Y" type="float"/>
              <param name="Z" type="float"/>
            </accessor>
          </technique_common>
        </source>
        <source id="Körper1-mesh-map-0">
          <float_array id="Körper1-mesh-map-0-array" count="3528">-0.425 0 0 0 -0.425 0.405 -0.425 0.405 0 0 0 0.405 -0.87 0 0 0 -0.87 0.405 -0.87 0.405 0 0 0 0.405 -0.425 0 0 0 -0.425 0.405 -0.425 0.405 0 0 0 0.405 -0.87 0 0 0 -0.87 0.405 -0.87 0.405 0 0 0 0.405 -0.2125 -0.435 0.2125 -0.435 -0.2125 0.435 -0.2125 0.435 0.2125 -0.435 0.2125 0.435 -1.180662 1.480741 -1.17 1.41 1.68 1.93 1.68 1.93 -1.17 1.41 -1.180662 1.339259 1.68 1.93 -1.180662 1.339259 -1.211703 1.274803 -1.260362 1.22236 1.234068 -1.246759 -1.211703 1.274803 -1.211703 1.274803 1.234068 -1.246759 1.29 -1.202154 -1.211703 1.274803 1.29 -1.202154 1.68 1.93 1.68 1.93 1.29 -1.202154 1.93 1.68 1.68 1.93 1.93 1.68 1.921481 1.744705 1.234068 -1.246759 -1.260362 1.22236 1.193767 -1.305868 1.193767 -1.305868 -1.260362 1.22236 -1.322318 1.18659 1.193767 -1.305868 -1.322318 1.18659 -1.93 -1.68 -1.93 -1.68 -1.322318 1.18659 -1.392065 1.170671 -1.93 -1.68 -1.392065 1.170671 -1.463405 1.176017 -1.463405 1.176017 -1.53 1.202154 -1.93 -1.68 -1.93 -1.68 -1.53 1.202154 -1.585932 1.246759 -1.93 -1.68 -1.585932 1.246759 -1.626232 1.305868 -1.93 -1.68 -1.626232 1.305868 -1.93 1.68 -1.93 1.68 -1.626232 1.305868 -1.647319 1.37423 -1.93 1.68 -1.647319 1.37423 -1.647319 1.44577 -1.647319 1.44577 -1.626232 1.514132 -1.93 1.68 -1.93 1.68 -1.626232 1.514132 -1.585932 1.573241 -1.93 1.68 -1.585932 1.573241 -1.921481 1.744705 -1.921481 1.744705 -1.585932 1.573241 -1.896506 1.805 -1.896506 1.805 -1.585932 1.573241 -1.856777 1.856777 -1.856777 1.856777 -1.585932 1.573241 -1.805 1.896506 -1.805 1.896506 -1.585932 1.573241 -1.744705 1.921481 -1.744705 1.921481 -1.585932 1.573241 -1.68 1.93 -1.68 1.93 -1.585932 1.573241 -1.53 1.617846 -1.68 1.93 -1.53 1.617846 -1.463405 1.643983 -1.463405 1.643983 -1.392065 1.649329 -1.68 1.93 -1.68 1.93 -1.392065 1.649329 -1.322318 1.63341 -1.68 1.93 -1.322318 1.63341 -1.260362 1.59764 -1.68 1.93 -1.260362 1.59764 1.68 1.93 1.68 1.93 -1.260362 1.59764 -1.211703 1.545197 1.68 1.93 -1.211703 1.545197 -1.180662 1.480741 1.639337 -1.339259 1.65 -1.41 1.93 -1.68 1.93 -1.68 1.65 -1.41 1.639337 -1.480741 1.93 -1.68 1.639337 -1.480741 1.608297 -1.545197 1.559638 -1.59764 1.896506 -1.805 1.608297 -1.545197 1.608297 -1.545197 1.896506 -1.805 1.921481 -1.744705 1.608297 -1.545197 1.921481 -1.744705 1.93 -1.68 1.497682 -1.63341 1.68 -1.93 1.559638 -1.59764 1.559638 -1.59764 1.68 -1.93 1.744705 -1.921481 1.559638 -1.59764 1.744705 -1.921481 1.805 -1.896506 1.497682 -1.63341 1.427935 -1.649329 1.68 -1.93 1.68 -1.93 1.427935 -1.649329 1.356595 -1.643983 1.68 -1.93 1.356595 -1.643983 1.29 -1.617846 1.68 -1.93 1.29 -1.617846 -1.68 -1.93 -1.68 -1.93 1.29 -1.617846 1.234068 -1.573241 -1.68 -1.93 1.234068 -1.573241 1.193767 -1.514132 1.193767 -1.514132 1.172681 -1.44577 -1.68 -1.93 -1.68 -1.93 1.172681 -1.44577 1.172681 -1.37423 -1.68 -1.93 1.172681 -1.37423 1.193767 -1.305868 1.29 -1.202154 1.356595 -1.176017 1.93 1.68 1.93 1.68 1.356595 -1.176017 1.427935 -1.170671 1.93 1.68 1.427935 -1.170671 1.497682 -1.18659 1.497682 -1.18659 1.559638 -1.22236 1.93 1.68 1.93 1.68 1.559638 -1.22236 1.608297 -1.274803 1.93 1.68 1.608297 -1.274803 1.93 -1.68 1.93 -1.68 1.608297 -1.274803 1.639337 -1.339259 -1.921481 -1.744705 -1.896506 -1.805 -1.93 -1.68 -1.93 -1.68 -1.896506 -1.805 -1.856777 -1.856777 -1.93 -1.68 -1.856777 -1.856777 -1.805 -1.896506 -1.805 -1.896506 -1.744705 -1.921481 -1.93 -1.68 -1.93 -1.68 -1.744705 -1.921481 -1.68 -1.93 -1.93 -1.68 -1.68 -1.93 1.193767 -1.305868 1.805 -1.896506 1.856777 -1.856777 1.559638 -1.59764 1.559638 -1.59764 1.856777 -1.856777 1.896506 -1.805 1.921481 1.744705 1.896506 1.805 1.68 1.93 1.68 1.93 1.896506 1.805 1.856777 1.856777 1.68 1.93 1.856777 1.856777 1.805 1.896506 1.805 1.896506 1.744705 1.921481 1.68 1.93 2.365 0.24 3.61 0 2.365 0.665 2.365 0.665 3.61 0 3.61 1.815 2.365 0.665 3.61 1.815 0.25 1.815 2.365 0.24 1.495 0.24 3.61 0 3.61 0 1.495 0.24 0.25 0 0.25 0 1.495 0.24 1.495 0.665 0.25 0 1.495 0.665 0.25 1.815 0.25 1.815 1.495 0.665 2.365 0.665 0 0.1963495 -1.815 0.1963495 0 0.1308997 0 0.1308997 -1.815 0.1963495 -1.815 0.1308997 0 0.1308997 -1.815 0.1308997 0 0.06544983 0 0.06544983 -1.815 0.1308997 -1.815 0.06544983 0 0.06544983 -1.815 0.06544983 0 0 0 0 -1.815 0.06544983 -1.815 0 0 0 -1.815 0 0 -0.06544983 0 -0.06544983 -1.815 0 -1.815 -0.06544983 0 -0.06544983 -1.815 -0.06544983 0 -0.1308997 0 -0.1308997 -1.815 -0.06544983 -1.815 -0.1308997 0 -0.1308997 -1.815 -0.1308997 0 -0.1963495 0 -0.1963495 -1.815 -0.1308997 -1.815 -0.1963495 3.61 1.815 0.25 1.815 3.61 0 3.61 0 0.25 1.815 0.25 0 0 0.1963495 -1.815 0.1963495 0 0.1308997 0 0.1308997 -1.815 0.1963495 -1.815 0.1308997 0 0.1308997 -1.815 0.1308997 0 0.06544983 0 0.06544983 -1.815 0.1308997 -1.815 0.06544983 0 0.06544983 -1.815 0.06544983 0 0 0 0 -1.815 0.06544983 -1.815 0 0 0 -1.815 0 0 -0.06544983 0 -0.06544983 -1.815 0 -1.815 -0.06544983 0 -0.06544983 -1.815 -0.06544983 0 -0.1308997 0 -0.1308997 -1.815 -0.06544983 -1.815 -0.1308997 0 -0.1308997 -1.815 -0.1308997 0 -0.1963495 0 -0.1963495 -1.815 -0.1308997 -1.815 -0.1963495 0.09396922 -0.03420197 0.2293375 -0.07074123 0.1 0 0.1 0 0.2293375 -0.07074123 0.24 0 0.1 0 0.24 0 0.2293375 0.07074123 0.2293375 -0.07074123 0.09396922 -0.03420197 0.1982973 -0.1351968 0.1982973 -0.1351968 0.09396922 -0.03420197 0.07660442 -0.06427872 0.1982973 -0.1351968 0.07660442 -0.06427872 0.1496375 -0.1876395 0.1496375 -0.1876395 0.07660442 -0.06427872 0.04999995 -0.0866025 0.1496375 -0.1876395 0.04999995 -0.0866025 0.08768182 -0.2234097 0.08768182 -0.2234097 0.04999995 -0.0866025 0.01736479 -0.09848076 0.08768182 -0.2234097 0.01736479 -0.09848076 0.01793521 -0.2393289 0.01793521 -0.2393289 0.01736479 -0.09848076 -0.01736479 -0.09848076 0.01793521 -0.2393289 -0.01736479 -0.09848076 -0.05340498 -0.2339827 -0.05340498 -0.2339827 -0.01736479 -0.09848076 -0.04999995 -0.0866025 -0.05340498 -0.2339827 -0.04999995 -0.0866025 -0.12 -0.2078461 -0.12 -0.2078461 -0.04999995 -0.0866025 -0.1759324 -0.1632415 -0.1759324 -0.1632415 -0.04999995 -0.0866025 -0.07660442 -0.06427872 -0.1759324 -0.1632415 -0.07660442 -0.06427872 -0.2162325 -0.1041321 -0.2162325 -0.1041321 -0.07660442 -0.06427872 -0.09396922 -0.03420197 -0.2162325 -0.1041321 -0.09396922 -0.03420197 -0.2373194 -0.03577011 -0.2373194 -0.03577011 -0.09396922 -0.03420197 -0.1 0 -0.2373194 -0.03577011 -0.1 0 -0.2373194 0.03577011 -0.2373194 0.03577011 -0.1 0 -0.09396922 0.03420197 -0.2373194 0.03577011 -0.09396922 0.03420197 -0.2162325 0.1041321 -0.2162325 0.1041321 -0.09396922 0.03420197 -0.07660442 0.06427872 -0.2162325 0.1041321 -0.07660442 0.06427872 -0.1759324 0.1632415 -0.1759324 0.1632415 -0.07660442 0.06427872 -0.04999995 0.0866025 -0.1759324 0.1632415 -0.04999995 0.0866025 -0.12 0.2078461 -0.12 0.2078461 -0.04999995 0.0866025 -0.05340498 0.2339827 -0.05340498 0.2339827 -0.04999995 0.0866025 -0.01736479 0.09848076 -0.05340498 0.2339827 -0.01736479 0.09848076 0.01793521 0.2393289 0.01793521 0.2393289 -0.01736479 0.09848076 0.01736479 0.09848076 0.01793521 0.2393289 0.01736479 0.09848076 0.08768182 0.2234097 0.08768182 0.2234097 0.01736479 0.09848076 0.04999995 0.0866025 0.08768182 0.2234097 0.04999995 0.0866025 0.1496375 0.1876395 0.1496375 0.1876395 0.04999995 0.0866025 0.07660442 0.06427872 0.1496375 0.1876395 0.07660442 0.06427872 0.1982973 0.1351968 0.1982973 0.1351968 0.07660442 0.06427872 0.09396922 0.03420197 0.1982973 0.1351968 0.09396922 0.03420197 0.2293375 0.07074123 0.2293375 0.07074123 0.09396922 0.03420197 0.1 0 1.23 -0.6821744 0 -0.6821744 1.23 -0.7539823 1.23 -0.7539823 0 -0.6821744 0 -0.7539823 1.23 0.7539823 0 0.7539823 1.23 0.6821744 1.23 0.6821744 0 0.7539823 0 0.6821744 1.23 0.6821744 0 0.6821744 1.23 0.6103666 1.23 0.6103666 0 0.6821744 0 0.6103666 1.23 0.6103666 0 0.6103666 1.23 0.5385587 1.23 0.5385587 0 0.6103666 0 0.5385587 1.23 0.5385587 0 0.5385587 1.23 0.4667509 1.23 0.4667509 0 0.5385587 0 0.4667509 1.23 0.4667509 0 0.4667509 1.23 0.3949431 1.23 0.3949431 0 0.4667509 0 0.3949431 1.23 0.3949431 0 0.3949431 1.23 0.3231353 1.23 0.3231353 0 0.3949431 0 0.3231353 1.23 0.3231353 0 0.3231353 1.23 0.2513274 1.23 0.2513274 0 0.3231353 0 0.2513274 1.23 0.2513274 0 0.2513274 1.23 0.1795195 1.23 0.1795195 0 0.2513274 0 0.1795195 1.23 0.1795195 0 0.1795195 1.23 0.1077117 1.23 0.1077117 0 0.1795195 0 0.1077117 1.23 0.1077117 0 0.1077117 1.23 0.03590387 1.23 0.03590387 0 0.1077117 0 0.03590387 1.23 0.03590387 0 0.03590387 1.23 -0.03590387 1.23 -0.03590387 0 0.03590387 0 -0.03590387 1.23 -0.03590387 0 -0.03590387 1.23 -0.1077117 1.23 -0.1077117 0 -0.03590387 0 -0.1077117 1.23 -0.1077117 0 -0.1077117 1.23 -0.1795195 1.23 -0.1795195 0 -0.1077117 0 -0.1795195 1.23 -0.1795195 0 -0.1795195 1.23 -0.2513274 1.23 -0.2513274 0 -0.1795195 0 -0.2513274 1.23 -0.2513274 0 -0.2513274 1.23 -0.3231353 1.23 -0.3231353 0 -0.2513274 0 -0.3231353 1.23 -0.3231353 0 -0.3231353 1.23 -0.3949431 1.23 -0.3949431 0 -0.3231353 0 -0.3949431 1.23 -0.3949431 0 -0.3949431 1.23 -0.4667509 1.23 -0.4667509 0 -0.3949431 0 -0.4667509 1.23 -0.4667509 0 -0.4667509 1.23 -0.5385587 1.23 -0.5385587 0 -0.4667509 0 -0.5385587 1.23 -0.5385587 0 -0.5385587 1.23 -0.6103666 1.23 -0.6103666 0 -0.5385587 0 -0.6103666 1.23 -0.6103666 0 -0.6103666 1.23 -0.6821744 1.23 -0.6821744 0 -0.6103666 0 -0.6821744 0.09396922 -0.03420197 0.2293375 -0.07074123 0.1 0 0.1 0 0.2293375 -0.07074123 0.24 0 0.1 0 0.24 0 0.2293375 0.07074123 0.2293375 -0.07074123 0.09396922 -0.03420197 0.1982973 -0.1351968 0.1982973 -0.1351968 0.09396922 -0.03420197 0.07660442 -0.06427872 0.1982973 -0.1351968 0.07660442 -0.06427872 0.1496375 -0.1876395 0.1496375 -0.1876395 0.07660442 -0.06427872 0.04999995 -0.0866025 0.1496375 -0.1876395 0.04999995 -0.0866025 0.08768182 -0.2234097 0.08768182 -0.2234097 0.04999995 -0.0866025 0.01736479 -0.09848076 0.08768182 -0.2234097 0.01736479 -0.09848076 0.01793521 -0.2393289 0.01793521 -0.2393289 0.01736479 -0.09848076 -0.01736479 -0.09848076 0.01793521 -0.2393289 -0.01736479 -0.09848076 -0.05340498 -0.2339827 -0.05340498 -0.2339827 -0.01736479 -0.09848076 -0.04999995 -0.0866025 -0.05340498 -0.2339827 -0.04999995 -0.0866025 -0.12 -0.2078461 -0.12 -0.2078461 -0.04999995 -0.0866025 -0.1759324 -0.1632415 -0.1759324 -0.1632415 -0.04999995 -0.0866025 -0.07660442 -0.06427872 -0.1759324 -0.1632415 -0.07660442 -0.06427872 -0.2162325 -0.1041321 -0.2162325 -0.1041321 -0.07660442 -0.06427872 -0.09396922 -0.03420197 -0.2162325 -0.1041321 -0.09396922 -0.03420197 -0.2373194 -0.03577011 -0.2373194 -0.03577011 -0.09396922 -0.03420197 -0.1 0 -0.2373194 -0.03577011 -0.1 0 -0.2373194 0.03577011 -0.2373194 0.03577011 -0.1 0 -0.09396922 0.03420197 -0.2373194 0.03577011 -0.09396922 0.03420197 -0.2162325 0.1041321 -0.2162325 0.1041321 -0.09396922 0.03420197 -0.07660442 0.06427872 -0.2162325 0.1041321 -0.07660442 0.06427872 -0.1759324 0.1632415 -0.1759324 0.1632415 -0.07660442 0.06427872 -0.04999995 0.0866025 -0.1759324 0.1632415 -0.04999995 0.0866025 -0.12 0.2078461 -0.12 0.2078461 -0.04999995 0.0866025 -0.05340498 0.2339827 -0.05340498 0.2339827 -0.04999995 0.0866025 -0.01736479 0.09848076 -0.05340498 0.2339827 -0.01736479 0.09848076 0.01793521 0.2393289 0.01793521 0.2393289 -0.01736479 0.09848076 0.01736479 0.09848076 0.01793521 0.2393289 0.01736479 0.09848076 0.08768182 0.2234097 0.08768182 0.2234097 0.01736479 0.09848076 0.04999995 0.0866025 0.08768182 0.2234097 0.04999995 0.0866025 0.1496375 0.1876395 0.1496375 0.1876395 0.04999995 0.0866025 0.07660442 0.06427872 0.1496375 0.1876395 0.07660442 0.06427872 0.1982973 0.1351968 0.1982973 0.1351968 0.07660442 0.06427872 0.09396922 0.03420197 0.1982973 0.1351968 0.09396922 0.03420197 0.2293375 0.07074123 0.2293375 0.07074123 0.09396922 0.03420197 0.1 0 1.23 -0.6821744 0 -0.6821744 1.23 -0.7539823 1.23 -0.7539823 0 -0.6821744 0 -0.7539823 1.23 0.7539823 0 0.7539823 1.23 0.6821744 1.23 0.6821744 0 0.7539823 0 0.6821744 1.23 0.6821744 0 0.6821744 1.23 0.6103666 1.23 0.6103666 0 0.6821744 0 0.6103666 1.23 0.6103666 0 0.6103666 1.23 0.5385587 1.23 0.5385587 0 0.6103666 0 0.5385587 1.23 0.5385587 0 0.5385587 1.23 0.4667509 1.23 0.4667509 0 0.5385587 0 0.4667509 1.23 0.4667509 0 0.4667509 1.23 0.3949431 1.23 0.3949431 0 0.4667509 0 0.3949431 1.23 0.3949431 0 0.3949431 1.23 0.3231353 1.23 0.3231353 0 0.3949431 0 0.3231353 1.23 0.3231353 0 0.3231353 1.23 0.2513274 1.23 0.2513274 0 0.3231353 0 0.2513274 1.23 0.2513274 0 0.2513274 1.23 0.1795195 1.23 0.1795195 0 0.2513274 0 0.1795195 1.23 0.1795195 0 0.1795195 1.23 0.1077117 1.23 0.1077117 0 0.1795195 0 0.1077117 1.23 0.1077117 0 0.1077117 1.23 0.03590387 1.23 0.03590387 0 0.1077117 0 0.03590387 1.23 0.03590387 0 0.03590387 1.23 -0.03590387 1.23 -0.03590387 0 0.03590387 0 -0.03590387 1.23 -0.03590387 0 -0.03590387 1.23 -0.1077117 1.23 -0.1077117 0 -0.03590387 0 -0.1077117 1.23 -0.1077117 0 -0.1077117 1.23 -0.1795195 1.23 -0.1795195 0 -0.1077117 0 -0.1795195 1.23 -0.1795195 0 -0.1795195 1.23 -0.2513274 1.23 -0.2513274 0 -0.1795195 0 -0.2513274 1.23 -0.2513274 0 -0.2513274 1.23 -0.3231353 1.23 -0.3231353 0 -0.2513274 0 -0.3231353 1.23 -0.3231353 0 -0.3231353 1.23 -0.3949431 1.23 -0.3949431 0 -0.3231353 0 -0.3949431 1.23 -0.3949431 0 -0.3949431 1.23 -0.4667509 1.23 -0.4667509 0 -0.3949431 0 -0.4667509 1.23 -0.4667509 0 -0.4667509 1.23 -0.5385587 1.23 -0.5385587 0 -0.4667509 0 -0.5385587 1.23 -0.5385587 0 -0.5385587 1.23 -0.6103666 1.23 -0.6103666 0 -0.5385587 0 -0.6103666 1.23 -0.6103666 0 -0.6103666 1.23 -0.6821744 1.23 -0.6821744 0 -0.6103666 0 -0.6821744 0.09396922 0.03420197 0.1 0 0.179 0 0.179 0 0.1 0 0.09396922 -0.03420197 0.179 0 0.09396922 -0.03420197 0.168205 -0.06122159 0.168205 -0.06122159 0.09396922 -0.03420197 0.07660442 -0.06427872 0.168205 -0.06122159 0.07660442 -0.06427872 0.1371219 -0.115059 0.1371219 -0.115059 0.07660442 -0.06427872 0.04999995 -0.0866025 0.1371219 -0.115059 0.04999995 -0.0866025 0.08950001 -0.1550185 0.08950001 -0.1550185 0.04999995 -0.0866025 0.01736479 -0.09848076 0.08950001 -0.1550185 0.01736479 -0.09848076 0.03108298 -0.1762806 0.03108298 -0.1762806 0.01736479 -0.09848076 -0.01736479 -0.09848076 0.03108298 -0.1762806 -0.01736479 -0.09848076 -0.03108298 -0.1762806 -0.03108298 -0.1762806 -0.01736479 -0.09848076 -0.08950001 -0.1550185 -0.08950001 -0.1550185 -0.01736479 -0.09848076 -0.04999995 -0.0866025 -0.08950001 -0.1550185 -0.04999995 -0.0866025 -0.1371219 -0.115059 -0.1371219 -0.115059 -0.04999995 -0.0866025 -0.07660442 -0.06427872 -0.1371219 -0.115059 -0.07660442 -0.06427872 -0.168205 -0.06122159 -0.168205 -0.06122159 -0.07660442 -0.06427872 -0.09396922 -0.03420197 -0.168205 -0.06122159 -0.09396922 -0.03420197 -0.179 0 -0.179 0 -0.09396922 -0.03420197 -0.1 0 -0.179 0 -0.1 0 -0.09396922 0.03420197 -0.179 0 -0.09396922 0.03420197 -0.168205 0.06122159 -0.168205 0.06122159 -0.09396922 0.03420197 -0.07660442 0.06427872 -0.168205 0.06122159 -0.07660442 0.06427872 -0.1371219 0.115059 -0.1371219 0.115059 -0.07660442 0.06427872 -0.04999995 0.0866025 -0.1371219 0.115059 -0.04999995 0.0866025 -0.08950001 0.1550185 -0.08950001 0.1550185 -0.04999995 0.0866025 -0.01736479 0.09848076 -0.08950001 0.1550185 -0.01736479 0.09848076 -0.03108298 0.1762806 -0.03108298 0.1762806 -0.01736479 0.09848076 0.01736479 0.09848076 -0.03108298 0.1762806 0.01736479 0.09848076 0.03108298 0.1762806 0.03108298 0.1762806 0.01736479 0.09848076 0.08950001 0.1550185 0.08950001 0.1550185 0.01736479 0.09848076 0.04999995 0.0866025 0.08950001 0.1550185 0.04999995 0.0866025 0.1371219 0.115059 0.1371219 0.115059 0.04999995 0.0866025 0.07660442 0.06427872 0.1371219 0.115059 0.07660442 0.06427872 0.168205 0.06122159 0.168205 0.06122159 0.07660442 0.06427872 0.09396922 0.03420197 0.168205 0.06122159 0.09396922 0.03420197 0.179 0 0.09396922 0.03420197 0.1 0 0.179 0 0.179 0 0.1 0 0.09396922 -0.03420197 0.179 0 0.09396922 -0.03420197 0.168205 -0.06122159 0.168205 -0.06122159 0.09396922 -0.03420197 0.07660442 -0.06427872 0.168205 -0.06122159 0.07660442 -0.06427872 0.1371219 -0.115059 0.1371219 -0.115059 0.07660442 -0.06427872 0.04999995 -0.0866025 0.1371219 -0.115059 0.04999995 -0.0866025 0.08950001 -0.1550185 0.08950001 -0.1550185 0.04999995 -0.0866025 0.01736479 -0.09848076 0.08950001 -0.1550185 0.01736479 -0.09848076 0.03108298 -0.1762806 0.03108298 -0.1762806 0.01736479 -0.09848076 -0.01736479 -0.09848076 0.03108298 -0.1762806 -0.01736479 -0.09848076 -0.03108298 -0.1762806 -0.03108298 -0.1762806 -0.01736479 -0.09848076 -0.08950001 -0.1550185 -0.08950001 -0.1550185 -0.01736479 -0.09848076 -0.04999995 -0.0866025 -0.08950001 -0.1550185 -0.04999995 -0.0866025 -0.1371219 -0.115059 -0.1371219 -0.115059 -0.04999995 -0.0866025 -0.07660442 -0.06427872 -0.1371219 -0.115059 -0.07660442 -0.06427872 -0.168205 -0.06122159 -0.168205 -0.06122159 -0.07660442 -0.06427872 -0.09396922 -0.03420197 -0.168205 -0.06122159 -0.09396922 -0.03420197 -0.179 0 -0.179 0 -0.09396922 -0.03420197 -0.1 0 -0.179 0 -0.1 0 -0.09396922 0.03420197 -0.179 0 -0.09396922 0.03420197 -0.168205 0.06122159 -0.168205 0.06122159 -0.09396922 0.03420197 -0.07660442 0.06427872 -0.168205 0.06122159 -0.07660442 0.06427872 -0.1371219 0.115059 -0.1371219 0.115059 -0.07660442 0.06427872 -0.04999995 0.0866025 -0.1371219 0.115059 -0.04999995 0.0866025 -0.08950001 0.1550185 -0.08950001 0.1550185 -0.04999995 0.0866025 -0.01736479 0.09848076 -0.08950001 0.1550185 -0.01736479 0.09848076 -0.03108298 0.1762806 -0.03108298 0.1762806 -0.01736479 0.09848076 0.01736479 0.09848076 -0.03108298 0.1762806 0.01736479 0.09848076 0.03108298 0.1762806 0.03108298 0.1762806 0.01736479 0.09848076 0.08950001 0.1550185 0.08950001 0.1550185 0.01736479 0.09848076 0.04999995 0.0866025 0.08950001 0.1550185 0.04999995 0.0866025 0.1371219 0.115059 0.1371219 0.115059 0.04999995 0.0866025 0.07660442 0.06427872 0.1371219 0.115059 0.07660442 0.06427872 0.168205 0.06122159 0.168205 0.06122159 0.07660442 0.06427872 0.09396922 0.03420197 0.168205 0.06122159 0.09396922 0.03420197 0.179 0 1.595 -0.2792527 1.23 -0.2792527 1.595 -0.3141593 1.595 -0.3141593 1.23 -0.2792527 1.23 -0.3141593 1.595 0.3141593 1.23 0.3141593 1.595 0.2792527 1.595 0.2792527 1.23 0.3141593 1.23 0.2792527 1.595 0.2792527 1.23 0.2792527 1.595 0.2443461 1.595 0.2443461 1.23 0.2792527 1.23 0.2443461 1.595 0.2443461 1.23 0.2443461 1.595 0.2094395 1.595 0.2094395 1.23 0.2443461 1.23 0.2094395 1.595 0.2094395 1.23 0.2094395 1.595 0.1745329 1.595 0.1745329 1.23 0.2094395 1.23 0.1745329 1.595 0.1745329 1.23 0.1745329 1.595 0.1396263 1.595 0.1396263 1.23 0.1745329 1.23 0.1396263 1.595 0.1396263 1.23 0.1396263 1.595 0.1047197 1.595 0.1047197 1.23 0.1396263 1.23 0.1047197 1.595 0.1047197 1.23 0.1047197 1.595 0.06981313 1.595 0.06981313 1.23 0.1047197 1.23 0.06981313 1.595 0.06981313 1.23 0.06981313 1.595 0.03490656 1.595 0.03490656 1.23 0.06981313 1.23 0.03490656 1.595 0.03490656 1.23 0.03490656 1.595 0 1.595 0 1.23 0.03490656 1.23 0 1.595 0 1.23 0 1.595 -0.03490656 1.595 -0.03490656 1.23 0 1.23 -0.03490656 1.595 -0.03490656 1.23 -0.03490656 1.595 -0.06981313 1.595 -0.06981313 1.23 -0.03490656 1.23 -0.06981313 1.595 -0.06981313 1.23 -0.06981313 1.595 -0.1047197 1.595 -0.1047197 1.23 -0.06981313 1.23 -0.1047197 1.595 -0.1047197 1.23 -0.1047197 1.595 -0.1396263 1.595 -0.1396263 1.23 -0.1047197 1.23 -0.1396263 1.595 -0.1396263 1.23 -0.1396263 1.595 -0.1745329 1.595 -0.1745329 1.23 -0.1396263 1.23 -0.1745329 1.595 -0.1745329 1.23 -0.1745329 1.595 -0.2094395 1.595 -0.2094395 1.23 -0.1745329 1.23 -0.2094395 1.595 -0.2094395 1.23 -0.2094395 1.595 -0.2443461 1.595 -0.2443461 1.23 -0.2094395 1.23 -0.2443461 1.595 -0.2443461 1.23 -0.2443461 1.595 -0.2792527 1.595 -0.2792527 1.23 -0.2443461 1.23 -0.2792527 1.595 -0.2792527 1.23 -0.2792527 1.595 -0.3141593 1.595 -0.3141593 1.23 -0.2792527 1.23 -0.3141593 1.595 0.3141593 1.23 0.3141593 1.595 0.2792527 1.595 0.2792527 1.23 0.3141593 1.23 0.2792527 1.595 0.2792527 1.23 0.2792527 1.595 0.2443461 1.595 0.2443461 1.23 0.2792527 1.23 0.2443461 1.595 0.2443461 1.23 0.2443461 1.595 0.2094395 1.595 0.2094395 1.23 0.2443461 1.23 0.2094395 1.595 0.2094395 1.23 0.2094395 1.595 0.1745329 1.595 0.1745329 1.23 0.2094395 1.23 0.1745329 1.595 0.1745329 1.23 0.1745329 1.595 0.1396263 1.595 0.1396263 1.23 0.1745329 1.23 0.1396263 1.595 0.1396263 1.23 0.1396263 1.595 0.1047197 1.595 0.1047197 1.23 0.1396263 1.23 0.1047197 1.595 0.1047197 1.23 0.1047197 1.595 0.06981313 1.595 0.06981313 1.23 0.1047197 1.23 0.06981313 1.595 0.06981313 1.23 0.06981313 1.595 0.03490656 1.595 0.03490656 1.23 0.06981313 1.23 0.03490656 1.595 0.03490656 1.23 0.03490656 1.595 0 1.595 0 1.23 0.03490656 1.23 0 1.595 0 1.23 0 1.595 -0.03490656 1.595 -0.03490656 1.23 0 1.23 -0.03490656 1.595 -0.03490656 1.23 -0.03490656 1.595 -0.06981313 1.595 -0.06981313 1.23 -0.03490656 1.23 -0.06981313 1.595 -0.06981313 1.23 -0.06981313 1.595 -0.1047197 1.595 -0.1047197 1.23 -0.06981313 1.23 -0.1047197 1.595 -0.1047197 1.23 -0.1047197 1.595 -0.1396263 1.595 -0.1396263 1.23 -0.1047197 1.23 -0.1396263 1.595 -0.1396263 1.23 -0.1396263 1.595 -0.1745329 1.595 -0.1745329 1.23 -0.1396263 1.23 -0.1745329 1.595 -0.1745329 1.23 -0.1745329 1.595 -0.2094395 1.595 -0.2094395 1.23 -0.1745329 1.23 -0.2094395 1.595 -0.2094395 1.23 -0.2094395 1.595 -0.2443461 1.595 -0.2443461 1.23 -0.2094395 1.23 -0.2443461 1.595 -0.2443461 1.23 -0.2443461 1.595 -0.2792527 1.595 -0.2792527 1.23 -0.2443461 1.23 -0.2792527 0.52 -0.4998623 0.3 -0.4998623 0.52 -0.5623451 0.52 -0.5623451 0.3 -0.4998623 0.3 -0.5623451 0.52 0.5623451 0.3 0.5623451 0.52 0.4998623 0.52 0.4998623 0.3 0.5623451 0.3 0.4998623 0.52 0.4998623 0.3 0.4998623 0.52 0.4373795 0.52 0.4373795 0.3 0.4998623 0.3 0.4373795 0.52 0.4373795 0.3 0.4373795 0.52 0.3748967 0.52 0.3748967 0.3 0.4373795 0.3 0.3748967 0.52 0.3748967 0.3 0.3748967 0.52 0.3124139 0.52 0.3124139 0.3 0.3748967 0.3 0.3124139 0.52 0.3124139 0.3 0.3124139 0.52 0.2499311 0.52 0.2499311 0.3 0.3124139 0.3 0.2499311 0.52 0.2499311 0.3 0.2499311 0.52 0.1874483 0.52 0.1874483 0.3 0.2499311 0.3 0.1874483 0.52 0.1874483 0.3 0.1874483 0.52 0.1249656 0.52 0.1249656 0.3 0.1874483 0.3 0.1249656 0.52 0.1249656 0.3 0.1249656 0.52 0.06248277 0.52 0.06248277 0.3 0.1249656 0.3 0.06248277 0.52 0.06248277 0.3 0.06248277 0.52 0 0.52 0 0.3 0.06248277 0.3 0 0.52 0 0.3 0 0.52 -0.06248277 0.52 -0.06248277 0.3 0 0.3 -0.06248277 0.52 -0.06248277 0.3 -0.06248277 0.52 -0.1249656 0.52 -0.1249656 0.3 -0.06248277 0.3 -0.1249656 0.52 -0.1249656 0.3 -0.1249656 0.52 -0.1874483 0.52 -0.1874483 0.3 -0.1249656 0.3 -0.1874483 0.52 -0.1874483 0.3 -0.1874483 0.52 -0.2499311 0.52 -0.2499311 0.3 -0.1874483 0.3 -0.2499311 0.52 -0.2499311 0.3 -0.2499311 0.52 -0.3124139 0.52 -0.3124139 0.3 -0.2499311 0.3 -0.3124139 0.52 -0.3124139 0.3 -0.3124139 0.52 -0.3748967 0.52 -0.3748967 0.3 -0.3124139 0.3 -0.3748967 0.52 -0.3748967 0.3 -0.3748967 0.52 -0.4373795 0.52 -0.4373795 0.3 -0.3748967 0.3 -0.4373795 0.52 -0.4373795 0.3 -0.4373795 0.52 -0.4998623 0.52 -0.4998623 0.3 -0.4373795 0.3 -0.4998623 0.52 -0.4998623 0.3 -0.4998623 0.52 -0.5623451 0.52 -0.5623451 0.3 -0.4998623 0.3 -0.5623451 0.52 0.5623451 0.3 0.5623451 0.52 0.4998623 0.52 0.4998623 0.3 0.5623451 0.3 0.4998623 0.52 0.4998623 0.3 0.4998623 0.52 0.4373795 0.52 0.4373795 0.3 0.4998623 0.3 0.4373795 0.52 0.4373795 0.3 0.4373795 0.52 0.3748967 0.52 0.3748967 0.3 0.4373795 0.3 0.3748967 0.52 0.3748967 0.3 0.3748967 0.52 0.3124139 0.52 0.3124139 0.3 0.3748967 0.3 0.3124139 0.52 0.3124139 0.3 0.3124139 0.52 0.2499311 0.52 0.2499311 0.3 0.3124139 0.3 0.2499311 0.52 0.2499311 0.3 0.2499311 0.52 0.1874483 0.52 0.1874483 0.3 0.2499311 0.3 0.1874483 0.52 0.1874483 0.3 0.1874483 0.52 0.1249656 0.52 0.1249656 0.3 0.1874483 0.3 0.1249656 0.52 0.1249656 0.3 0.1249656 0.52 0.06248277 0.52 0.06248277 0.3 0.1249656 0.3 0.06248277 0.52 0.06248277 0.3 0.06248277 0.52 0 0.52 0 0.3 0.06248277 0.3 0 0.52 0 0.3 0 0.52 -0.06248277 0.52 -0.06248277 0.3 0 0.3 -0.06248277 0.52 -0.06248277 0.3 -0.06248277 0.52 -0.1249656 0.52 -0.1249656 0.3 -0.06248277 0.3 -0.1249656 0.52 -0.1249656 0.3 -0.1249656 0.52 -0.1874483 0.52 -0.1874483 0.3 -0.1249656 0.3 -0.1874483 0.52 -0.1874483 0.3 -0.1874483 0.52 -0.2499311 0.52 -0.2499311 0.3 -0.1874483 0.3 -0.2499311 0.52 -0.2499311 0.3 -0.2499311 0.52 -0.3124139 0.52 -0.3124139 0.3 -0.2499311 0.3 -0.3124139 0.52 -0.3124139 0.3 -0.3124139 0.52 -0.3748967 0.52 -0.3748967 0.3 -0.3124139 0.3 -0.3748967 0.52 -0.3748967 0.3 -0.3748967 0.52 -0.4373795 0.52 -0.4373795 0.3 -0.3748967 0.3 -0.4373795 0.52 -0.4373795 0.3 -0.4373795 0.52 -0.4998623 0.52 -0.4998623 0.3 -0.4373795 0.3 -0.4998623 0 0.1963495 -1.815 0.1963495 0 0.1308997 0 0.1308997 -1.815 0.1963495 -1.815 0.1308997 0 0.1308997 -1.815 0.1308997 0 0.06544983 0 0.06544983 -1.815 0.1308997 -1.815 0.06544983 0 0.06544983 -1.815 0.06544983 0 0 0 0 -1.815 0.06544983 -1.815 0 0 0 -1.815 0 0 -0.06544983 0 -0.06544983 -1.815 0 -1.815 -0.06544983 0 -0.06544983 -1.815 -0.06544983 0 -0.1308997 0 -0.1308997 -1.815 -0.06544983 -1.815 -0.1308997 0 -0.1308997 -1.815 -0.1308997 0 -0.1963495 0 -0.1963495 -1.815 -0.1308997 -1.815 -0.1963495 3.61 1.815 0.25 1.815 3.61 0 3.61 0 0.25 1.815 0.25 0 0 0.1963495 -1.815 0.1963495 0 0.1308997 0 0.1308997 -1.815 0.1963495 -1.815 0.1308997 0 0.1308997 -1.815 0.1308997 0 0.06544983 0 0.06544983 -1.815 0.1308997 -1.815 0.06544983 0 0.06544983 -1.815 0.06544983 0 0 0 0 -1.815 0.06544983 -1.815 0 0 0 -1.815 0 0 -0.06544983 0 -0.06544983 -1.815 0 -1.815 -0.06544983 0 -0.06544983 -1.815 -0.06544983 0 -0.1308997 0 -0.1308997 -1.815 -0.06544983 -1.815 -0.1308997 0 -0.1308997 -1.815 -0.1308997 0 -0.1963495 0 -0.1963495 -1.815 -0.1308997 -1.815 -0.1963495 3.61 1.815 0.25 1.815 3.61 0 3.61 0 0.25 1.815 0.25 0 1.578205 1.471222 1.589 1.41 1.93 1.68 1.93 1.68 1.589 1.41 1.578205 1.348778 1.93 1.68 1.578205 1.348778 1.547122 1.294941 1.93 1.68 1.547122 1.294941 1.93 -1.68 1.93 -1.68 1.547122 1.294941 1.4995 1.254981 1.93 -1.68 1.4995 1.254981 1.441083 1.233719 1.441083 1.233719 1.378917 1.233719 1.93 -1.68 1.93 -1.68 1.378917 1.233719 1.3205 1.254981 1.93 -1.68 1.3205 1.254981 1.68 -1.93 1.68 -1.93 1.3205 1.254981 -1.241795 -1.348778 1.68 -1.93 -1.241795 -1.348778 -1.231 -1.41 -1.241795 -1.348778 1.3205 1.254981 -1.272878 -1.294941 -1.272878 -1.294941 1.3205 1.254981 1.272878 1.294941 -1.272878 -1.294941 1.272878 1.294941 -1.3205 -1.254981 -1.3205 -1.254981 1.272878 1.294941 1.241795 1.348778 -1.3205 -1.254981 1.241795 1.348778 -1.68 1.93 -1.68 1.93 1.241795 1.348778 1.231 1.41 -1.68 1.93 1.231 1.41 1.241795 1.471222 1.241795 1.471222 1.272878 1.525059 -1.68 1.93 -1.68 1.93 1.272878 1.525059 1.3205 1.565019 -1.68 1.93 1.3205 1.565019 1.68 1.93 1.68 1.93 1.3205 1.565019 1.378917 1.586281 1.68 1.93 1.378917 1.586281 1.441083 1.586281 1.441083 1.586281 1.4995 1.565019 1.68 1.93 1.68 1.93 1.4995 1.565019 1.547122 1.525059 1.68 1.93 1.547122 1.525059 1.744705 1.921481 1.744705 1.921481 1.547122 1.525059 1.805 1.896506 1.805 1.896506 1.547122 1.525059 1.856777 1.856777 1.856777 1.856777 1.547122 1.525059 1.896506 1.805 1.896506 1.805 1.547122 1.525059 1.921481 1.744705 1.921481 1.744705 1.547122 1.525059 1.93 1.68 1.93 1.68 1.547122 1.525059 1.578205 1.471222 -1.231 -1.41 -1.241795 -1.471222 1.68 -1.93 1.68 -1.93 -1.241795 -1.471222 -1.272878 -1.525059 1.68 -1.93 -1.272878 -1.525059 -1.3205 -1.565019 1.68 -1.93 -1.3205 -1.565019 -1.68 -1.93 -1.68 -1.93 -1.3205 -1.565019 -1.378917 -1.586281 -1.68 -1.93 -1.378917 -1.586281 -1.441083 -1.586281 -1.441083 -1.586281 -1.4995 -1.565019 -1.68 -1.93 -1.68 -1.93 -1.4995 -1.565019 -1.547122 -1.525059 -1.68 -1.93 -1.547122 -1.525059 -1.744705 -1.921481 -1.744705 -1.921481 -1.547122 -1.525059 -1.805 -1.896506 -1.805 -1.896506 -1.547122 -1.525059 -1.856777 -1.856777 -1.856777 -1.856777 -1.547122 -1.525059 -1.896506 -1.805 -1.896506 -1.805 -1.547122 -1.525059 -1.921481 -1.744705 -1.921481 -1.744705 -1.547122 -1.525059 -1.93 -1.68 -1.93 -1.68 -1.547122 -1.525059 -1.578205 -1.471222 -1.93 -1.68 -1.578205 -1.471222 -1.589 -1.41 -1.589 -1.41 -1.578205 -1.348778 -1.93 -1.68 -1.93 -1.68 -1.578205 -1.348778 -1.547122 -1.294941 -1.93 -1.68 -1.547122 -1.294941 -1.93 1.68 -1.93 1.68 -1.547122 -1.294941 -1.4995 -1.254981 -1.93 1.68 -1.4995 -1.254981 -1.441083 -1.233719 -1.441083 -1.233719 -1.378917 -1.233719 -1.93 1.68 -1.93 1.68 -1.378917 -1.233719 -1.3205 -1.254981 -1.93 1.68 -1.3205 -1.254981 -1.68 1.93 1.68 -1.93 1.744705 -1.921481 1.93 -1.68 1.93 -1.68 1.744705 -1.921481 1.805 -1.896506 1.93 -1.68 1.805 -1.896506 1.856777 -1.856777 1.856777 -1.856777 1.896506 -1.805 1.93 -1.68 1.93 -1.68 1.896506 -1.805 1.921481 -1.744705 -1.744705 1.921481 -1.805 1.896506 -1.68 1.93 -1.68 1.93 -1.805 1.896506 -1.856777 1.856777 -1.68 1.93 -1.856777 1.856777 -1.896506 1.805 -1.896506 1.805 -1.921481 1.744705 -1.68 1.93 -1.68 1.93 -1.921481 1.744705 -1.93 1.68</float_array>
          <technique_common>
            <accessor source="#Körper1-mesh-map-0-array" count="1764" stride="2">
              <param name="S" type="float"/>
              <param name="T" type="float"/>
            </accessor>
          </technique_common>
        </source>
        <vertices id="Körper1-mesh-vertices">
          <input semantic="POSITION" source="#Körper1-mesh-positions"/>
        </vertices>
        <triangles material="XID_Opaque1965339_09241000B3AEABEBAFBC9A9BF7B5FFCE_Post2015_Pos-material" count="588">
          <input semantic="VERTEX" source="#Körper1-mesh-vertices" offset="0"/>
          <input semantic="NORMAL" source="#Körper1-mesh-normals" offset="1"/>
          <input semantic="TEXCOORD" source="#Körper1-mesh-map-0" offset="2" set="0"/>
          <p>0 0 0 1 0 1 3 0 2 3 0 3 1 0 4 2 0 5 4 1 6 5 1 7 7 1 8 7 1 9 5 1 10 6 1 11 8 2 12 9 2 13 11 2 14 11 2 15 9 2 16 10 2 17 12 3 18 13 3 19 15 3 20 15 3 21 13 3 22 14 3 23 17 4 24 18 4 25 16 4 26 16 4 27 18 4 28 19 4 29 40 1 30 20 1 31 89 1 32 89 1 33 20 1 34 21 1 35 89 1 36 21 1 37 22 1 38 23 1 39 54 1 40 22 1 41 22 1 42 54 1 43 55 1 44 22 1 45 55 1 46 89 1 47 89 1 48 55 1 49 83 1 50 89 1 51 83 1 52 84 1 53 54 1 54 23 1 55 53 1 56 53 1 57 23 1 58 24 1 59 53 1 60 24 1 61 69 1 62 69 1 63 24 1 64 25 1 65 69 1 66 25 1 67 26 1 68 26 1 69 27 1 70 69 1 71 69 1 72 27 1 73 28 1 74 69 1 75 28 1 76 29 1 77 69 1 78 29 1 79 68 1 80 68 1 81 29 1 82 30 1 83 68 1 84 30 1 85 31 1 86 31 1 87 32 1 88 68 1 89 68 1 90 32 1 91 33 1 92 68 1 93 33 1 94 67 1 95 67 1 96 33 1 97 66 1 98 66 1 99 33 1 100 65 1 101 65 1 102 33 1 103 64 1 104 64 1 105 33 1 106 63 1 107 63 1 108 33 1 109 62 1 110 62 1 111 33 1 112 34 1 113 62 1 114 34 1 115 35 1 116 35 1 117 36 1 118 62 1 119 62 1 120 36 1 121 37 1 122 62 1 123 37 1 124 38 1 125 62 1 126 38 1 127 89 1 128 89 1 129 38 1 130 39 1 131 89 1 132 39 1 133 40 1 134 61 1 135 41 1 136 82 1 137 82 1 138 41 1 139 42 1 140 82 1 141 42 1 142 43 1 143 44 1 144 80 1 145 43 1 146 43 1 147 80 1 148 81 1 149 43 1 150 81 1 151 82 1 152 45 1 153 76 1 154 44 1 155 44 1 156 76 1 157 77 1 158 44 1 159 77 1 160 78 1 161 45 1 162 46 1 163 76 1 164 76 1 165 46 1 166 47 1 167 76 1 168 47 1 169 48 1 170 76 1 171 48 1 172 75 1 173 75 1 174 48 1 175 49 1 176 75 1 177 49 1 178 50 1 179 50 1 180 51 1 181 75 1 182 75 1 183 51 1 184 52 1 185 75 1 186 52 1 187 53 1 188 55 1 189 56 1 190 83 1 191 83 1 192 56 1 193 57 1 194 83 1 195 57 1 196 58 1 197 58 1 198 59 1 199 83 1 200 83 1 201 59 1 202 60 1 203 83 1 204 60 1 205 82 1 206 82 1 207 60 1 208 61 1 209 70 1 210 71 1 211 69 1 212 69 1 213 71 1 214 72 1 215 69 1 216 72 1 217 73 1 218 73 1 219 74 1 220 69 1 221 69 1 222 74 1 223 75 1 224 69 1 225 75 1 226 53 1 227 78 1 228 79 1 229 44 1 230 44 1 231 79 1 232 80 1 233 84 1 234 85 1 235 89 1 236 89 1 237 85 1 238 86 1 239 89 1 240 86 1 241 87 1 242 87 1 243 88 1 244 89 1 245 91 5 246 97 6 247 90 7 248 90 7 249 97 6 250 94 8 251 90 7 252 94 8 253 95 4 254 91 5 255 92 9 256 97 6 257 97 6 258 92 9 259 96 10 260 96 10 261 92 9 262 93 11 263 96 10 264 93 11 265 95 4 266 95 4 267 93 11 268 90 7 269 111 12 270 98 13 271 110 14 272 110 14 273 98 13 274 99 15 275 110 14 276 99 15 277 109 16 278 109 16 279 99 15 280 100 17 281 109 16 282 100 17 283 108 18 284 108 18 285 100 17 286 101 19 287 108 18 288 101 19 289 107 20 290 107 20 291 101 19 292 102 21 293 107 20 294 102 21 295 106 22 296 106 22 297 102 21 298 103 23 299 106 22 300 103 23 301 105 24 302 105 24 303 103 23 304 104 25 305 112 2 306 113 2 307 115 2 308 115 2 309 113 2 310 114 2 311 129 26 312 116 27 313 128 28 314 128 28 315 116 27 316 117 29 317 128 28 318 117 29 319 127 30 320 127 30 321 117 29 322 118 31 323 127 30 324 118 31 325 126 32 326 126 32 327 118 31 328 119 33 329 126 32 330 119 33 331 125 34 332 125 34 333 119 33 334 120 35 335 125 34 336 120 35 337 124 36 338 124 36 339 120 35 340 121 37 341 124 36 342 121 37 343 123 38 344 123 38 345 121 37 346 122 39 347 131 40 348 168 41 349 130 42 350 130 42 351 168 41 352 148 1 353 130 42 354 148 1 355 149 1 356 168 41 357 131 40 358 167 43 359 167 43 360 131 40 361 132 44 362 167 43 363 132 44 364 166 45 365 166 45 366 132 44 367 133 46 368 166 45 369 133 46 370 165 47 371 165 47 372 133 46 373 134 48 374 165 47 375 134 48 376 164 1 377 164 1 378 134 48 379 135 49 380 164 1 381 135 49 382 163 50 383 163 50 384 135 49 385 136 51 386 163 50 387 136 51 388 162 1 389 162 1 390 136 51 391 161 52 392 161 52 393 136 51 394 137 53 395 161 52 396 137 53 397 160 54 398 160 54 399 137 53 400 138 55 401 160 54 402 138 55 403 159 56 404 159 56 405 138 55 406 139 57 407 159 56 408 139 57 409 158 1 410 158 1 411 139 57 412 140 1 413 158 1 414 140 1 415 157 58 416 157 58 417 140 1 418 141 59 419 157 58 420 141 59 421 156 60 422 156 60 423 141 59 424 142 61 425 156 60 426 142 61 427 155 1 428 155 1 429 142 61 430 154 62 431 154 62 432 142 61 433 143 63 434 154 62 435 143 63 436 153 64 437 153 64 438 143 63 439 144 48 440 153 64 441 144 48 442 152 65 443 152 65 444 144 48 445 145 66 446 152 65 447 145 66 448 151 67 449 151 67 450 145 66 451 146 68 452 151 67 453 146 68 454 150 69 455 150 69 456 146 68 457 147 70 458 150 69 459 147 70 460 149 1 461 149 1 462 147 70 463 130 42 464 170 71 465 210 72 466 169 73 467 169 73 468 210 72 469 212 74 470 211 75 471 190 76 472 189 77 473 189 77 474 190 76 475 191 78 476 189 77 477 191 78 478 188 79 479 188 79 480 191 78 481 192 80 482 188 79 483 192 80 484 187 81 485 187 81 486 192 80 487 193 82 488 187 81 489 193 82 490 186 83 491 186 83 492 193 82 493 194 84 494 186 83 495 194 84 496 185 85 497 185 85 498 194 84 499 195 86 500 185 85 501 195 86 502 184 87 503 184 87 504 195 86 505 196 88 506 184 87 507 196 88 508 183 89 509 183 89 510 196 88 511 197 90 512 183 89 513 197 90 514 182 91 515 182 91 516 197 90 517 198 92 518 182 91 519 198 92 520 181 93 521 181 93 522 198 92 523 199 94 524 181 93 525 199 94 526 180 95 527 180 95 528 199 94 529 200 96 530 180 95 531 200 96 532 179 97 533 179 97 534 200 96 535 201 98 536 179 97 537 201 98 538 178 99 539 178 99 540 201 98 541 202 100 542 178 99 543 202 100 544 177 101 545 177 101 546 202 100 547 203 102 548 177 101 549 203 102 550 176 103 551 176 103 552 203 102 553 204 104 554 176 103 555 204 104 556 175 105 557 175 105 558 204 104 559 205 106 560 175 105 561 205 106 562 174 107 563 174 107 564 205 106 565 206 108 566 174 107 567 206 108 568 173 109 569 173 109 570 206 108 571 207 110 572 173 109 573 207 110 574 172 111 575 172 111 576 207 110 577 208 112 578 172 111 579 208 112 580 171 113 581 171 113 582 208 112 583 209 114 584 171 113 585 209 114 586 170 71 587 170 71 588 209 114 589 210 72 590 214 115 591 251 1 592 213 116 593 213 116 594 251 1 595 231 1 596 213 116 597 231 1 598 232 117 599 251 1 600 214 115 601 250 118 602 250 118 603 214 115 604 215 119 605 250 118 606 215 119 607 249 120 608 249 120 609 215 119 610 216 121 611 249 120 612 216 121 613 248 47 614 248 47 615 216 121 616 217 48 617 248 47 618 217 48 619 247 1 620 247 1 621 217 48 622 218 122 623 247 1 624 218 122 625 246 123 626 246 123 627 218 122 628 219 124 629 246 123 630 219 124 631 245 1 632 245 1 633 219 124 634 244 125 635 244 125 636 219 124 637 220 126 638 244 125 639 220 126 640 243 127 641 243 127 642 220 126 643 221 128 644 243 127 645 221 128 646 242 129 647 242 129 648 221 128 649 222 130 650 242 129 651 222 130 652 241 131 653 241 131 654 222 130 655 223 132 656 241 131 657 223 132 658 240 133 659 240 133 660 223 132 661 224 134 662 240 133 663 224 134 664 239 135 665 239 135 666 224 134 667 225 136 668 239 135 669 225 136 670 238 1 671 238 1 672 225 136 673 237 137 674 237 137 675 225 136 676 226 138 677 237 137 678 226 138 679 236 1 680 236 1 681 226 138 682 227 48 683 236 1 684 227 48 685 235 139 686 235 139 687 227 48 688 228 140 689 235 139 690 228 140 691 234 141 692 234 141 693 228 140 694 229 44 695 234 141 696 229 44 697 233 142 698 233 142 699 229 44 700 230 143 701 233 142 702 230 143 703 232 117 704 232 117 705 230 143 706 213 116 707 253 144 708 293 145 709 252 146 710 252 146 711 293 145 712 295 147 713 294 148 714 273 149 715 272 150 716 272 150 717 273 149 718 274 151 719 272 150 720 274 151 721 271 152 722 271 152 723 274 151 724 275 153 725 271 152 726 275 153 727 270 154 728 270 154 729 275 153 730 276 155 731 270 154 732 276 155 733 269 156 734 269 156 735 276 155 736 277 157 737 269 156 738 277 157 739 268 158 740 268 158 741 277 157 742 278 159 743 268 158 744 278 159 745 267 160 746 267 160 747 278 159 748 279 161 749 267 160 750 279 161 751 266 162 752 266 162 753 279 161 754 280 163 755 266 162 756 280 163 757 265 164 758 265 164 759 280 163 760 281 165 761 265 164 762 281 165 763 264 166 764 264 166 765 281 165 766 282 167 767 264 166 768 282 167 769 263 168 770 263 168 771 282 167 772 283 169 773 263 168 774 283 169 775 262 170 776 262 170 777 283 169 778 284 171 779 262 170 780 284 171 781 261 172 782 261 172 783 284 171 784 285 173 785 261 172 786 285 173 787 260 174 788 260 174 789 285 173 790 286 175 791 260 174 792 286 175 793 259 176 794 259 176 795 286 175 796 287 177 797 259 176 798 287 177 799 258 178 800 258 178 801 287 177 802 288 179 803 258 178 804 288 179 805 257 180 806 257 180 807 288 179 808 289 181 809 257 180 810 289 181 811 256 182 812 256 182 813 289 181 814 290 183 815 256 182 816 290 183 817 255 184 818 255 184 819 290 183 820 291 185 821 255 184 822 291 185 823 254 186 824 254 186 825 291 185 826 292 187 827 254 186 828 292 187 829 253 144 830 253 144 831 292 187 832 293 145 833 313 188 834 296 3 835 323 189 836 323 189 837 296 3 838 297 190 839 323 189 840 297 190 841 322 191 842 322 191 843 297 190 844 298 192 845 322 191 846 298 192 847 321 193 848 321 193 849 298 192 850 299 194 851 321 193 852 299 194 853 320 195 854 320 195 855 299 194 856 300 3 857 320 195 858 300 3 859 319 3 860 319 3 861 300 3 862 301 3 863 319 3 864 301 3 865 318 3 866 318 3 867 301 3 868 317 196 869 317 196 870 301 3 871 302 197 872 317 196 873 302 197 874 316 198 875 316 198 876 302 197 877 303 199 878 316 198 879 303 199 880 315 200 881 315 200 882 303 199 883 304 201 884 315 200 885 304 201 886 314 202 887 314 202 888 304 201 889 305 3 890 314 202 891 305 3 892 306 203 893 314 202 894 306 203 895 331 204 896 331 204 897 306 203 898 307 205 899 331 204 900 307 205 901 330 206 902 330 206 903 307 205 904 308 207 905 330 206 906 308 207 907 329 208 908 329 208 909 308 207 910 309 3 911 329 208 912 309 3 913 328 3 914 328 3 915 309 3 916 310 3 917 328 3 918 310 3 919 327 3 920 327 3 921 310 3 922 326 209 923 326 209 924 310 3 925 311 210 926 326 209 927 311 210 928 325 211 929 325 211 930 311 210 931 312 212 932 325 211 933 312 212 934 324 213 935 324 213 936 312 212 937 313 188 938 324 213 939 313 188 940 323 189 941 349 214 942 332 3 943 359 189 944 359 189 945 332 3 946 333 215 947 359 189 948 333 215 949 358 216 950 358 216 951 333 215 952 334 217 953 358 216 954 334 217 955 357 218 956 357 218 957 334 217 958 335 219 959 357 218 960 335 219 961 356 220 962 356 220 963 335 219 964 336 3 965 356 220 966 336 3 967 355 3 968 355 3 969 336 3 970 337 3 971 355 3 972 337 3 973 354 3 974 354 3 975 337 3 976 353 221 977 353 221 978 337 3 979 338 222 980 353 221 981 338 222 982 352 223 983 352 223 984 338 222 985 339 224 986 352 223 987 339 224 988 351 225 989 351 225 990 339 224 991 340 226 992 351 225 993 340 226 994 350 202 995 350 202 996 340 226 997 341 3 998 350 202 999 341 3 1000 342 227 1001 350 202 1002 342 227 1003 367 228 1004 367 228 1005 342 227 1006 343 229 1007 367 228 1008 343 229 1009 366 230 1010 366 230 1011 343 229 1012 344 231 1013 366 230 1014 344 231 1015 365 232 1016 365 232 1017 344 231 1018 345 3 1019 365 232 1020 345 3 1021 364 3 1022 364 3 1023 345 3 1024 346 3 1025 364 3 1026 346 3 1027 363 3 1028 363 3 1029 346 3 1030 362 233 1031 362 233 1032 346 3 1033 347 234 1034 362 233 1035 347 234 1036 361 235 1037 361 235 1038 347 234 1039 348 236 1040 361 235 1041 348 236 1042 360 237 1043 360 237 1044 348 236 1045 349 214 1046 360 237 1047 349 214 1048 359 189 1049 369 238 1050 403 239 1051 368 240 1052 368 240 1053 403 239 1054 405 241 1055 404 242 1056 386 243 1057 385 244 1058 385 244 1059 386 243 1060 387 245 1061 385 244 1062 387 245 1063 384 246 1064 384 246 1065 387 245 1066 388 247 1067 384 246 1068 388 247 1069 383 248 1070 383 248 1071 388 247 1072 389 249 1073 383 248 1074 389 249 1075 382 250 1076 382 250 1077 389 249 1078 390 251 1079 382 250 1080 390 251 1081 381 252 1082 381 252 1083 390 251 1084 391 253 1085 381 252 1086 391 253 1087 380 254 1088 380 254 1089 391 253 1090 392 255 1091 380 254 1092 392 255 1093 379 256 1094 379 256 1095 392 255 1096 393 257 1097 379 256 1098 393 257 1099 378 258 1100 378 258 1101 393 257 1102 394 259 1103 378 258 1104 394 259 1105 377 260 1106 377 260 1107 394 259 1108 395 261 1109 377 260 1110 395 261 1111 376 262 1112 376 262 1113 395 261 1114 396 263 1115 376 262 1116 396 263 1117 375 264 1118 375 264 1119 396 263 1120 397 265 1121 375 264 1122 397 265 1123 374 266 1124 374 266 1125 397 265 1126 398 267 1127 374 266 1128 398 267 1129 373 268 1130 373 268 1131 398 267 1132 399 269 1133 373 268 1134 399 269 1135 372 270 1136 372 270 1137 399 269 1138 400 271 1139 372 270 1140 400 271 1141 371 272 1142 371 272 1143 400 271 1144 401 273 1145 371 272 1146 401 273 1147 370 274 1148 370 274 1149 401 273 1150 402 275 1151 370 274 1152 402 275 1153 369 238 1154 369 238 1155 402 275 1156 403 239 1157 407 276 1158 441 277 1159 406 278 1160 406 278 1161 441 277 1162 443 279 1163 442 280 1164 424 281 1165 423 282 1166 423 282 1167 424 281 1168 425 283 1169 423 282 1170 425 283 1171 422 284 1172 422 284 1173 425 283 1174 426 285 1175 422 284 1176 426 285 1177 421 286 1178 421 286 1179 426 285 1180 427 287 1181 421 286 1182 427 287 1183 420 288 1184 420 288 1185 427 287 1186 428 251 1187 420 288 1188 428 251 1189 419 289 1190 419 289 1191 428 251 1192 429 290 1193 419 289 1194 429 290 1195 418 291 1196 418 291 1197 429 290 1198 430 292 1199 418 291 1200 430 292 1201 417 293 1202 417 293 1203 430 292 1204 431 294 1205 417 293 1206 431 294 1207 416 295 1208 416 295 1209 431 294 1210 432 296 1211 416 295 1212 432 296 1213 415 297 1214 415 297 1215 432 296 1216 433 298 1217 415 297 1218 433 298 1219 414 299 1220 414 299 1221 433 298 1222 434 300 1223 414 299 1224 434 300 1225 413 301 1226 413 301 1227 434 300 1228 435 302 1229 413 301 1230 435 302 1231 412 303 1232 412 303 1233 435 302 1234 436 304 1235 412 303 1236 436 304 1237 411 305 1238 411 305 1239 436 304 1240 437 269 1241 411 305 1242 437 269 1243 410 306 1244 410 306 1245 437 269 1246 438 307 1247 410 306 1248 438 307 1249 409 308 1250 409 308 1251 438 307 1252 439 309 1253 409 308 1254 439 309 1255 408 310 1256 408 310 1257 439 309 1258 440 311 1259 408 310 1260 440 311 1261 407 276 1262 407 276 1263 440 311 1264 441 277 1265 445 312 1266 479 313 1267 444 314 1268 444 314 1269 479 313 1270 481 315 1271 480 316 1272 462 317 1273 461 318 1274 461 318 1275 462 317 1276 463 319 1277 461 318 1278 463 319 1279 460 320 1280 460 320 1281 463 319 1282 464 321 1283 460 320 1284 464 321 1285 459 322 1286 459 322 1287 464 321 1288 465 323 1289 459 322 1290 465 323 1291 458 324 1292 458 324 1293 465 323 1294 466 325 1295 458 324 1296 466 325 1297 457 326 1298 457 326 1299 466 325 1300 467 327 1301 457 326 1302 467 327 1303 456 328 1304 456 328 1305 467 327 1306 468 329 1307 456 328 1308 468 329 1309 455 330 1310 455 330 1311 468 329 1312 469 331 1313 455 330 1314 469 331 1315 454 332 1316 454 332 1317 469 331 1318 470 333 1319 454 332 1320 470 333 1321 453 334 1322 453 334 1323 470 333 1324 471 335 1325 453 334 1326 471 335 1327 452 336 1328 452 336 1329 471 335 1330 472 337 1331 452 336 1332 472 337 1333 451 338 1334 451 338 1335 472 337 1336 473 339 1337 451 338 1338 473 339 1339 450 340 1340 450 340 1341 473 339 1342 474 341 1343 450 340 1344 474 341 1345 449 342 1346 449 342 1347 474 341 1348 475 343 1349 449 342 1350 475 343 1351 448 344 1352 448 344 1353 475 343 1354 476 345 1355 448 344 1356 476 345 1357 447 346 1358 447 346 1359 476 345 1360 477 347 1361 447 346 1362 477 347 1363 446 348 1364 446 348 1365 477 347 1366 478 349 1367 446 348 1368 478 349 1369 445 312 1370 445 312 1371 478 349 1372 479 313 1373 483 350 1374 517 351 1375 482 352 1376 482 352 1377 517 351 1378 519 353 1379 518 354 1380 500 355 1381 499 356 1382 499 356 1383 500 355 1384 501 357 1385 499 356 1386 501 357 1387 498 358 1388 498 358 1389 501 357 1390 502 359 1391 498 358 1392 502 359 1393 497 360 1394 497 360 1395 502 359 1396 503 361 1397 497 360 1398 503 361 1399 496 362 1400 496 362 1401 503 361 1402 504 363 1403 496 362 1404 504 363 1405 495 364 1406 495 364 1407 504 363 1408 505 365 1409 495 364 1410 505 365 1411 494 366 1412 494 366 1413 505 365 1414 506 367 1415 494 366 1416 506 367 1417 493 368 1418 493 368 1419 506 367 1420 507 369 1421 493 368 1422 507 369 1423 492 370 1424 492 370 1425 507 369 1426 508 371 1427 492 370 1428 508 371 1429 491 372 1430 491 372 1431 508 371 1432 509 373 1433 491 372 1434 509 373 1435 490 374 1436 490 374 1437 509 373 1438 510 375 1439 490 374 1440 510 375 1441 489 376 1442 489 376 1443 510 375 1444 511 377 1445 489 376 1446 511 377 1447 488 378 1448 488 378 1449 511 377 1450 512 379 1451 488 378 1452 512 379 1453 487 380 1454 487 380 1455 512 379 1456 513 381 1457 487 380 1458 513 381 1459 486 382 1460 486 382 1461 513 381 1462 514 383 1463 486 382 1464 514 383 1465 485 384 1466 485 384 1467 514 383 1468 515 385 1469 485 384 1470 515 385 1471 484 386 1472 484 386 1473 515 385 1474 516 387 1475 484 386 1476 516 387 1477 483 350 1478 483 350 1479 516 387 1480 517 351 1481 533 388 1482 520 389 1483 532 390 1484 532 390 1485 520 389 1486 521 391 1487 532 390 1488 521 391 1489 531 392 1490 531 392 1491 521 391 1492 522 393 1493 531 392 1494 522 393 1495 530 394 1496 530 394 1497 522 393 1498 523 395 1499 530 394 1500 523 395 1501 529 396 1502 529 396 1503 523 395 1504 524 397 1505 529 396 1506 524 397 1507 528 398 1508 528 398 1509 524 397 1510 525 399 1511 528 398 1512 525 399 1513 527 400 1514 527 400 1515 525 399 1516 526 401 1517 534 402 1518 535 402 1519 537 402 1520 537 402 1521 535 402 1522 536 402 1523 551 403 1524 538 404 1525 550 405 1526 550 405 1527 538 404 1528 539 406 1529 550 405 1530 539 406 1531 549 407 1532 549 407 1533 539 406 1534 540 408 1535 549 407 1536 540 408 1537 548 409 1538 548 409 1539 540 408 1540 541 410 1541 548 409 1542 541 410 1543 547 411 1544 547 411 1545 541 410 1546 542 412 1547 547 411 1548 542 412 1549 546 413 1550 546 413 1551 542 412 1552 543 414 1553 546 413 1554 543 414 1555 545 415 1556 545 415 1557 543 414 1558 544 416 1559 552 0 1560 553 0 1561 555 0 1562 555 0 1563 553 0 1564 554 0 1565 573 417 1566 556 418 1567 599 419 1568 599 419 1569 556 418 1570 557 420 1571 599 419 1572 557 420 1573 558 421 1574 599 419 1575 558 421 1576 598 422 1577 598 422 1578 558 421 1579 559 423 1580 598 422 1581 559 423 1582 560 424 1583 560 424 1584 561 425 1585 598 422 1586 598 422 1587 561 425 1588 562 426 1589 598 422 1590 562 426 1591 592 427 1592 592 427 1593 562 426 1594 591 428 1595 592 427 1596 591 428 1597 574 429 1598 591 428 1599 562 426 1600 590 430 1601 590 430 1602 562 426 1603 563 431 1604 590 430 1605 563 431 1606 589 432 1607 589 432 1608 563 431 1609 564 433 1610 589 432 1611 564 433 1612 606 434 1613 606 434 1614 564 433 1615 565 435 1616 606 434 1617 565 435 1618 566 436 1619 566 436 1620 567 437 1621 606 434 1622 606 434 1623 567 437 1624 568 438 1625 606 434 1626 568 438 1627 605 439 1628 605 439 1629 568 438 1630 569 440 1631 605 439 1632 569 440 1633 570 441 1634 570 441 1635 571 442 1636 605 439 1637 605 439 1638 571 442 1639 572 443 1640 605 439 1641 572 443 1642 604 3 1643 604 3 1644 572 443 1645 603 3 1646 603 3 1647 572 443 1648 602 3 1649 602 3 1650 572 443 1651 601 444 1652 601 444 1653 572 443 1654 600 445 1655 600 445 1656 572 443 1657 599 419 1658 599 419 1659 572 443 1660 573 417 1661 574 429 1662 575 446 1663 592 427 1664 592 427 1665 575 446 1666 576 447 1667 592 427 1668 576 447 1669 577 448 1670 592 427 1671 577 448 1672 619 449 1673 619 449 1674 577 448 1675 578 450 1676 619 449 1677 578 450 1678 579 451 1679 579 451 1680 580 452 1681 619 449 1682 619 449 1683 580 452 1684 581 453 1685 619 449 1686 581 453 1687 618 3 1688 618 3 1689 581 453 1690 617 3 1691 617 3 1692 581 453 1693 616 3 1694 616 3 1695 581 453 1696 615 454 1697 615 454 1698 581 453 1699 614 455 1700 614 455 1701 581 453 1702 613 456 1703 613 456 1704 581 453 1705 582 457 1706 613 456 1707 582 457 1708 583 458 1709 583 458 1710 584 459 1711 613 456 1712 613 456 1713 584 459 1714 585 460 1715 613 456 1716 585 460 1717 612 461 1718 612 461 1719 585 460 1720 586 462 1721 612 461 1722 586 462 1723 587 463 1724 587 463 1725 588 464 1726 612 461 1727 612 461 1728 588 464 1729 589 432 1730 612 461 1731 589 432 1732 606 434 1733 592 427 1734 593 465 1735 598 422 1736 598 422 1737 593 465 1738 594 466 1739 598 422 1740 594 466 1741 595 467 1742 595 467 1743 596 3 1744 598 422 1745 598 422 1746 596 3 1747 597 3 1748 607 3 1749 608 468 1750 606 434 1751 606 434 1752 608 468 1753 609 469 1754 606 434 1755 609 469 1756 610 470 1757 610 470 1758 611 471 1759 606 434 1760 606 434 1761 611 471 1762 612 461 1763</p>
        </triangles>
      </mesh>
    </geometry>
  </library_geometries>
  <library_visual_scenes>
    <visual_scene id="Scene" name="Scene">
      <node id="YDLiDAR_T_mini_Pro_YDLiDAR_T_mini_Plus" name="YDLiDAR_T_mini_Pro_YDLiDAR_T_mini_Plus" type="NODE">
        <matrix sid="transform">0.001 0 0 0 0 0.001 0 0 0 0 0.001 0 0 0 0 1</matrix>
      </node>
      <node id="Körper1_001" name="Körper1.001" type="NODE">
        <matrix sid="transform">0.01 0 0 0 0 0.01 0 0 0 0 0.01 0 0 0 0 1</matrix>
        <instance_geometry url="#Körper1_001-mesh" name="Körper1.001">
          <bind_material>
            <technique_common>
              <instance_material symbol="XID_Opaque1965339_09241000B3AEABEBAFBC9A9BF7B5FFCE_Post2015_Pos-material" target="#XID_Opaque1965339_09241000B3AEABEBAFBC9A9BF7B5FFCE_Post2015_Pos-material">
                <bind_vertex_input semantic="st" input_semantic="TEXCOORD" input_set="0"/>
              </instance_material>
            </technique_common>
          </bind_material>
        </instance_geometry>
      </node>
      <node id="Körper1" name="Körper1" type="NODE">
        <matrix sid="transform">0.01 0 0 0 0 0.01 0 0 0 0 0.01 0 0 0 0 1</matrix>
        <instance_geometry url="#Körper1-mesh" name="Körper1">
          <bind_material>
            <technique_common>
              <instance_material symbol="XID_Opaque1965339_09241000B3AEABEBAFBC9A9BF7B5FFCE_Post2015_Pos-material" target="#XID_Opaque1965339_09241000B3AEABEBAFBC9A9BF7B5FFCE_Post2015_Pos-material">
                <bind_vertex_input semantic="st" input_semantic="TEXCOORD" input_set="0"/>
              </instance_material>
            </technique_common>
          </bind_material>
        </instance_geometry>
      </node>
    </visual_scene>
  </library_visual_scenes>
  <scene>
    <instance_visual_scene url="#Scene"/>
  </scene>
</COLLADA>